cell_type,proportion
B Cell,0.020606060606060607
CD4+ Memory,0.15696969696969698
CD4+ Naive,0.027878787878787878
CD8+ Central Memory,0.07878787878787878
CD8+ Effector Memory,0.05333333333333334
Classical Monocyte,0.5781818181818182
Conventional Dendritic Cell,0.017575757575757574
Early Basophil,0.004242424242424243
Granulocyte-Monocyte Progenitor,0.0012121212121212121
Natural Killer Cell,0.03575757575757576
Plasma Cell,0.019393939393939394
Plasmacytoid Dendritic Cell,0.006060606060606061
