cell_type,proportion
B Cell,0.06482982171799027
CD4+ Memory,0.1012965964343598
CD4+ Naive,0.16045380875202594
CD8+ Central Memory,0.12317666126418152
CD8+ Effector Memory,0.055105348460291734
Classical Monocyte,0.40599675850891415
Conventional Dendritic Cell,0.028363047001620744
Granulocyte-Monocyte Progenitor,0.0016207455429497568
Natural Killer Cell,0.046191247974068074
Plasma Cell,0.0016207455429497568
Plasmacytoid Dendritic Cell,0.011345218800648298
