	Classical Monocyte	Pre-B Cell	Plasmacytoid Dendritic Cell	CD4+ T Cell	Late Erythroid Progenitor	Non-Classical Monocyte	CD8+ T Cell	B Cell	Natural Killer Cell	Common Lymphoid Progenitor	Early Erythroid Progenitor	Hematopoietic Stem Cell
chr1:146261560-148712813	14.781219793527105	8.937853698355623	8.636409822521564	16.607265028914483	28.874665923296938	9.368127989084796	10.172328936237186	10.248217907515361	13.645301115555768	13.520072776486574	7.708350829810179	9.737224009735552
chr1:110337685-110340497	11.826956800418811	7.6113822390542305	7.178296209057001	12.275769310142532	25.275209144254063	7.682575656604405	8.499129326440453	9.775657663601123	11.94095194089255	11.406936744017315	5.946381688338852	8.104194365424403
chr1:3900505-3901025	11.484090912616765	6.881045097818385	7.321613492443794	11.591822897248196	24.064573189921507	7.508612336563708	8.286939244230986	9.530215443448677	11.138135366149431	10.755025159634775	5.801401597576199	7.993633075078896
chr1:9910291-9910815	11.196349342547844	7.145584520811645	7.039858659426348	11.860667353021519	23.162609914804893	7.4717386143062265	8.146627446686997	8.994070034889736	10.765662467930754	11.13500003628563	5.905271836107194	8.20884755812984
chr1:6784968-6785559	11.22102073059987	7.108288121730935	7.09757640555672	11.883437003358162	22.578211711874538	7.473474185144533	8.043069985767902	8.91894498987344	11.137970531539892	10.988618043331575	6.139369984465074	8.175465309186576
chr11:63838565-63840087	10.785563188581145	7.323506067679086	7.624084441674621	11.934524695001674	22.06417941983352	7.396918414401171	8.209767919212469	8.885683910179038	11.15965100030712	10.487934453007243	6.051885463418099	8.102346408925872
chrX:48801620-48802224	10.625729209974136	6.966683228148655	7.483663235865955	10.94683593407748	21.985367130979874	8.416069022065432	7.9668081460933	9.250743284779016	11.08025998673078	10.580444523842877	5.632942931721551	8.061638738502646
chr1:2300934-2301439	9.701016746568168	6.807597377390113	6.94235887437231	10.29515101799209	21.83311276769751	6.770096697497237	7.248446551775417	8.788750186255	10.392813390831359	9.924324907671167	7.455254345651735	7.756687712993824
chr14:81533743-81534246	11.115653668449795	7.486875391621749	7.264821346615031	12.086752010770887	21.48990820722232	7.355570298707464	8.569047188693872	8.990867973612001	11.842591186751301	10.992404099074127	5.984211699626187	8.063520376625592
chrX:154378604-154379134	10.676411526372586	7.022260996990977	8.04693930718632	11.062788346242844	21.3592521601761	7.369632914004037	7.869668867520966	8.806188108139652	10.719886108641875	10.700734460132052	5.789120582517849	8.030709773003869
chrX:47217808-47218376	10.619798704939985	6.751115618427665	6.857345569973832	11.225982811100272	21.33937210355656	7.683306784939707	7.7334417580877	8.980317487689124	10.840331201854541	10.240199531841789	5.597782636071765	7.216330070270198
chr17:8435664-8436176	10.678993689581484	7.047263149380312	6.807745014079006	10.281029690745186	21.291906142653353	9.429593537600844	7.9802423684100905	9.475831926263536	12.152354033737254	10.23585847608769	5.345582963578928	8.358156520204215
chr16:30922462-30923017	10.877905584773734	6.958249207346261	6.474361091700436	11.652857575903946	21.244266230429623	7.858855058084215	7.67861116652544	8.197379988395113	10.306424875016678	10.194673604609935	6.268987792039195	8.128877478317442
chr19:49876468-49876968	10.475515411327716	7.638129812752765	7.631499668631794	10.172661548028767	21.13925585552641	8.381565545829952	8.610428701879083	9.650598266762811	11.786858753957024	10.186150287922096	5.187987677020112	8.304206046953789
chr9:121333938-121334452	3.60822880738445	4.446586923658093	3.3739925413637173	1.9059074732912786	20.979903420254523	2.036009710123344	3.6441834122012855	9.299703129156471	7.646032187548557	8.65038934381735	6.255765661586952	3.1281862493255703
chrX:47650473-47650990	9.39181055094693	6.766131590342003	6.711184720254306	9.953327692173879	20.771321209666894	6.904125654669132	7.510830803911609	8.771032464246078	9.804204179376036	9.448630936867866	6.025272259017158	7.559825230960461
chr19:49877262-49877877	10.634377549053175	6.687360102253138	8.118016215034718	10.967359269516384	20.675729503234834	7.315041680170022	7.673362390464844	8.499799485497732	10.926028524553837	10.257004229484172	5.588281441753639	8.0663013346484
chr19:48619106-48619631	10.734094668015157	6.848845241217357	6.798467429610535	10.442496651117919	20.595516103113784	7.386588460094901	7.6704002135686284	8.702929055741256	10.909091497605608	10.494347791015716	5.876174970410944	8.231607042945438
chr1:11261946-11262992	10.420010580573134	6.494315696642295	7.489287666599313	11.255997763857138	20.593387069883306	7.4117486046882055	7.741940040662795	8.516164416277507	11.871178201857393	10.146960738811273	5.9879633172365265	7.702168746098637
chr12:49232965-49233491	7.037732608496415	5.1643988860008925	2.991208272757699	2.5509817466658364	20.387465880114544	8.4023261817282	4.902703387620312	7.870084365606668	5.525861086572233	8.82118093402948	6.625629735086309	8.186843839287286
chr11:694961-696065	10.327011529714909	6.659411736530304	7.305930337121201	12.266464084639045	20.34252134612274	6.66245724990713	6.200444941902978	7.3729480723883905	7.546388894110819	9.921369992598946	7.506704060835885	6.400824356196737
chr10:77422794-77423300	3.1111305153008764	5.818665955346192	2.4512830440955717	1.540566399266691	20.301769639825547	2.955109290314533	8.81449761129952	11.128495326123696	8.486203072376833	11.398626601688422	6.301352343061627	9.63686012096455
chr11:106077143-106077726	10.350454566244094	6.723695436789344	6.853271543614451	11.897561471295752	20.217703818577547	6.485260816968385	7.407964328573606	8.032220133891949	9.982427889088429	9.994424551996154	6.112356230167327	7.586433557171329
chr12:54304233-54304776	9.854056420910128	7.304023742791514	7.843722479752607	4.809315960298124	20.09071876232149	7.465523384738189	6.807297733197964	7.914147262575692	9.070006407035743	9.896248617765506	6.873815554384388	10.126500760325117
chrX:49268986-49269510	9.883723938170244	6.84667864634558	6.933496053307003	10.397984252039885	20.072383513450067	7.138263592390313	7.6036384152692005	8.776681485763861	10.520338936677105	9.389378893257952	5.652175873619959	7.261163332857741
chr19:15977181-15977732	2.7129698920886858	2.709282784570794	2.9738049105269777	2.341166727961448	20.022218638933015	7.33375784805768	5.597879883815525	7.459729871599337	6.760138504371743	7.530438843885695	5.5929498666021615	7.820158843508049
chr1:16904682-16905915	10.755576399865284	6.436539965144498	7.263116125620326	11.244012382202566	19.94006497603966	7.943936120538205	7.729274795932689	7.882810450245614	10.174674865636772	9.384064063556501	6.0042590777919544	6.950993993677148
chr1:1115975-1116508	10.178612219085112	7.235691026599085	6.898875197878507	10.946990162473268	19.89283013644237	8.346010912470279	7.969934712319917	8.687885432764027	10.241912724628131	9.761070945470307	5.789653810178747	7.711020574397661
chr12:54285854-54286378	6.524322949815795	6.730454233614494	8.220244516923245	3.9054487011239254	19.84507251025684	6.003809824426658	7.2013437196607715	9.194752237433782	8.99004994017547	7.313239508694623	4.445517367617298	7.530634014498682
chr1:6613348-6613857	10.087484521926388	6.762555645445229	7.602285763083902	10.2943355859438	19.838990275934595	8.165699264038306	7.654534001044337	8.461986746572306	9.768189984542442	9.990496415670558	5.8062895860592	7.621357621792087
chr11:66001995-66002996	10.46718741161617	7.354489780685615	7.309138917736355	10.384084731935733	19.76206861018901	8.649877074906405	7.883216149824	9.257629367317776	11.62207798276752	10.018616418650073	5.635072932922919	8.484081679123724
chr9:127980891-127981410	9.927372068789476	6.820220679050753	8.016927286061359	10.756884250495263	19.721975757016512	7.069427233083313	7.783833418166787	8.286166289879251	10.301808660204463	9.888707497808673	5.697467057110538	7.404953843543436
chr1:1399208-1399738	10.324404279851217	6.994844568065761	7.09002207613532	10.510079030702983	19.684944116935	7.08233090707279	7.672203864208389	8.567596099018385	11.025293422359768	9.937241454463607	5.745326686911929	7.667860270574386
chr14:24255876-24256879	4.966573392261005	5.733907981161616	2.4120070831240685	2.417846704500783	19.668260042620958	7.100212048748314	4.397686152828712	6.300362189386113	7.536520419801071	8.427507634501541	7.006303124306877	7.038783703781347
chr16:2459787-2460293	9.599224099730069	7.061448263259528	7.023731789601905	9.195881132230777	19.642828147902172	8.041706564590841	7.8733597832281195	9.493640789093272	10.804650967768618	9.714287309548837	5.476953881136094	8.193792739961959
chr5:112707228-112707771	6.067170134961865	3.821087240276449	3.312370924920063	2.7219226190224357	19.57688757162982	2.921661296668848	3.6457224392394694	6.341875669562763	10.929082689194471	8.73399861422994	5.057887075987323	8.780048318438377
chr10:113843867-113844484	6.8490523392099645	4.145084020253424	3.7369331292940777	3.8565483091645936	19.52623534701508	5.662107670721846	7.000397281501018	5.997660574872662	7.816676888903182	7.646002756533701	5.128294297233132	9.195538091171738
chr14:76714955-76715476	3.937174533343202	4.748205832300473	2.4388311238435385	4.368953775618939	19.51541364534316	1.7329924724592225	3.3461972744051423	7.22222978983047	4.792146042295177	7.865967625150624	6.7209661334521105	6.653125222411052
chr1:38859564-38861571	10.16539594394423	6.969064767005446	6.7734275775352515	10.707321677848668	19.490866122931077	7.208184456377349	7.680084633510115	8.428859218916845	10.726843732165342	9.868956415013352	5.747757075922191	7.419038539693388
chr12:57078635-57079154	10.570919245613982	6.444485194679952	7.538462087775917	11.446156662843537	19.469728309746554	7.264912385823186	7.435437683129618	7.723216709731396	9.835379593098548	9.874565398592496	6.512465093670338	7.4351826239508805
chr1:10398669-10399180	10.837078190400133	7.028242944371369	7.173081213456432	10.659539280713107	19.46349688363866	7.046834440941504	7.315992759872865	8.135453773041498	10.00728800818065	9.688837100365301	5.864787312912523	7.639847519342758
chr11:82900275-82900785	10.012078619791783	6.713772511830446	5.803765583635071	9.677052783317558	19.462761418158987	7.835224199455887	7.697958069157232	8.883090183746246	11.776580572558784	9.116644211461658	6.046715595072004	7.764374367490263
chr11:449982-450490	9.575952111108228	6.979510911137114	7.135270982430822	9.454111302091995	19.450499979041037	7.342232226071815	7.6236005809431875	8.875485653856423	9.854791269912312	9.568826317847044	5.3156839164174405	8.264805026893853
chrX:14873010-14873543	9.870373412914331	6.858882265898131	6.758811703560252	10.36152632837957	19.424810361695627	6.7025763059327215	7.320619961222191	8.489287048046435	11.370745493648249	9.77084474060121	5.930819186767929	7.654382432755065
chr9:105003457-105003964	8.450194255430521	1.8713653228866194	3.111130136331736	2.113989191893414	19.422672899217563	8.578519777466095	3.853290007546315	5.209720879607825	4.199607899077819	5.683058308293053	3.610267506037645	4.640882610622316
chr9:34329173-34329771	10.508273253223111	6.448819051972008	6.894170118785004	11.160738852503084	19.420977250049752	7.6336469811608305	7.648667688422547	8.008172519898942	10.068349850842532	9.783222204140275	5.917900431572519	7.3291022347127255
chr1:113088885-113089432	2.3850737054336	4.31349473622328	5.104336857676338	2.259561843129998	19.41468524804997	3.291903485740179	3.9097964218328314	5.430902295918922	11.847932112389904	7.1540077100622135	5.723476503645034	7.258955746681783
chr14:81220875-81221914	10.855716517022211	6.441909928923694	7.296165661770913	10.764228070269588	19.37930418543452	7.281797557159417	7.446595339622011	7.947231200729823	9.638499014056736	9.947937331767092	6.347336659073286	7.703816294078938
chr1:193067949-193068477	6.482752905624021	4.17331639720592	8.433897412645814	3.8438214837799025	19.3653699897982	8.336864535493746	7.189580477956672	9.615814129492252	6.577209236921856	6.704313421696829	2.8747924229749193	7.538175569296485
chr1:153671408-153672669	9.949228378231664	6.1165349557967605	6.8310095404805296	10.136707292097178	19.34208618114382	7.5339265172424765	7.462397973883213	8.612427173487763	9.57126155312945	9.6403294581306	5.695199912607319	7.595307148830987
chr1:5992261-5992802	10.346840730478634	6.524790162118831	6.616400421647763	10.637204607920808	19.288612606865474	7.760612120075597	7.6543073646021424	8.3787230542801	10.665236677695436	9.788515954999653	5.589106718338861	7.411709121955451
chr11:44904482-44905011	3.14283343476881	3.723853833042282	2.962252105967699	1.9152146017508067	19.21048775131946	3.012400246274184	5.7260973272302005	6.724664238822011	6.220464820935535	7.007013321205912	5.167627775414215	7.829881100925038
chr19:11597128-11597638	10.27113319450345	6.808356385247316	6.924303248119885	9.778109892393097	19.18608561046746	7.378940631814141	7.8300598756876765	8.929531047508712	10.352568047493083	9.933058815983376	5.759746794828509	8.310597672768314
chr19:16315928-16316455	9.844612612042035	5.355826399600945	3.185535200749007	3.479356386969253	19.17588445760876	9.127801491966085	4.057722018621497	9.69080097584398	5.7484883760225625	9.42832046265987	5.458238779501397	7.525579507804866
chr12:49673511-49674017	2.659250126715096	6.80716265998029	7.983589772439146	3.57588892252125	19.174226287639506	2.8740960719550084	5.6041411484075745	7.611357935025738	9.885655820468827	8.310672443413349	5.956969531073769	10.278082255294075
chr16:30921534-30922051	8.956815134641037	7.115283702344892	6.866836179763976	7.522685036630359	19.158266754176182	7.671255375133781	8.181186919764256	10.093851212870929	11.062743701218393	9.4587374846973	4.926421321671867	8.926628183870385
chr1:1375139-1375655	10.027915796743452	6.670005798769001	6.903463302670434	9.875868368037349	19.14534716828099	7.7768782553000975	7.454213050143237	7.970473776424145	11.37809269787609	9.237181411079623	5.593512999987979	7.149396845533525
chr16:1782528-1783602	11.078923174806741	7.074171302495571	7.313116749797236	11.138118988607172	19.14249763580586	7.232075996926976	7.56751451333818	8.058012479296071	10.053544841036128	10.529600295199431	6.1471721558190895	7.729034989601848
chrX:49042894-49043926	10.549216019193654	7.112126926444758	6.7004968262419995	10.307577535245358	19.123929004693842	7.653605853747129	7.641101135492374	8.667586415329291	9.933915706065575	9.875720282322735	6.161656285243533	8.320849670976648
chr11:46700413-46700929	10.173195398383092	6.437094756920366	6.615122092522235	9.348810730447033	19.11600333446844	7.491752013940329	7.35672406013048	8.81336937338707	9.689004376373118	9.336821670436235	5.671350049133109	7.500632642561345
chr17:18260273-18260781	9.71632381303434	6.316161076701875	6.810333885960793	9.663829244658661	19.083805118962427	7.2583208157795776	8.277791212219832	9.50328724761876	10.482614021621597	9.620435472548168	5.159083645795583	7.815537359036482
chr9:35116062-35116586	10.784486112950638	6.749859985712061	7.482652089519285	9.394895103593834	19.082528913478953	8.240076772437675	6.9231762039028295	7.835623608616227	9.760457938411248	9.382404703274434	5.6519874773835	7.967466867458586
chr17:8046490-8046994	3.148266375914849	2.2541715881071074	1.7754996965919025	2.488854317136833	19.069873996995835	5.205508562047873	2.823398480822257	8.47197649902197	5.001814817333905	4.854614869556116	4.469013535497803	2.4693583642637553
chr5:109411611-109412117	9.643918786649257	6.274028500870314	7.286914222093742	11.211660018487283	19.041321779244708	6.825967309738973	6.528576358798294	7.106224438826556	7.159977724757535	9.407412508831086	8.01670457672638	7.042437650996451
chr1:45583209-45585277	10.452152207418369	6.8297688476828275	6.9445897405836	11.744280504265294	19.03454495216027	7.637228647975913	7.5495996519517865	7.740144111396673	9.954358299250087	10.057334212636029	6.6738022164340345	7.414541459292862
chr12:122974444-122974966	10.090527320486851	6.626279814054429	6.3504423787274416	10.080372919780487	19.033637331745737	7.378087128240509	7.619930547289569	8.845414044854346	10.21108184126149	9.378241810536455	5.333295209053929	7.442923955391176
chr2:30147573-30148100	9.104196884802175	7.176401205837072	7.261882566761208	11.939549857233342	19.00678846349776	5.967528446244846	6.6679983912640965	7.112438412044706	7.793072657928261	9.831519597537069	8.196589711520142	6.6941414379965805
chrX:49190907-49191431	9.860862707060805	6.629957030727832	6.856172746925996	10.651828387308871	18.997240652467624	6.932644328894877	7.624780526545344	8.227328433431191	9.915061111440908	9.800722336102712	5.954294062649213	7.6080537266198
chrX:103686596-103688331	10.374221687490248	6.623702484927428	6.952599976785457	10.946619152981876	18.991064517719984	7.534873667749249	7.531549935484256	8.052539003454916	9.936906055004695	9.628323833147702	5.919570651440015	7.31281789094211
chr13:51452886-51453431	10.156512380706262	6.613984994651848	6.9473214307885875	10.413186584529354	18.971456514400238	7.488822406658651	7.469542855507734	8.094524656806827	9.607047105839642	9.684571492778877	6.282037918580442	7.85986322691034
chr19:36916098-36916659	8.272131564049204	7.328861210662123	7.237078277121582	9.334660387758577	18.94098555610806	6.597688952161812	7.8032125474015706	9.295047817599624	10.243176454433314	9.515110905177135	5.431222666487501	7.705177532553394
chr1:47314017-47315124	9.910450480091253	7.117740174823183	7.555888516737742	10.409122270514036	18.94053440140992	7.165956465682955	7.513941509265778	7.752594238667224	9.547845681524684	9.50090784087728	5.766802319276213	7.638873154638037
chr17:33871601-33872157	3.414906184863925	3.7177573902107905	2.2559076397583473	2.09094990119898	18.93569510351307	7.178535551923771	6.350613633015922	8.523645583477174	5.07670537865161	5.796891833049799	5.551741144268237	6.280506981018635
chr1:11980037-11980562	10.05411730349845	6.363427118118636	7.086507979241737	10.31032575784373	18.904615355741985	8.033316701472511	7.389661211162157	7.854675362388437	9.544709089906947	9.705493609209368	5.7196685519995345	7.427665598422912
chr6:89117422-89117936	5.231856431172857	7.174471165092968	2.3339029438196635	1.935629312761918	18.898562983666125	4.557833074127768	5.588415129975808	10.816672782565673	10.014303405643668	6.729216340803222	3.072401090999841	3.4565503508272446
chr11:2963658-2964176	6.177066111127647	3.4348549046834056	5.403637790888164	3.29234565045334	18.886575374324355	6.169313710491567	6.105782032549073	7.809513278226288	10.991206921006231	7.1785544003157336	5.446062918380561	8.452656079252305
chrX:107673988-107675074	9.989494837004866	6.2900989721767	6.705919877560381	9.950104089645574	18.86958941389116	7.6938897561723945	7.297378518330217	7.713842992091795	8.220506981896802	8.936765709344405	6.409716320717909	7.126777224586798
chr17:45332910-45333469	10.169640381979542	6.512100373994258	7.207402028058617	11.232304661299274	18.869151409817537	6.914465639365966	7.574875595058096	7.699259203581807	9.580984170358239	9.909841034605968	6.428883270257537	7.375800620692734
chr12:122225918-122226444	10.359468792520643	6.475658242688712	7.150160518376274	11.288553814720787	18.83801503433887	6.826279421180709	6.942077460227497	6.864589602411169	9.039461932912467	10.26949330890333	6.178031549020194	7.58196400145032
chr1:197868823-197869352	5.300671806332382	4.697937821760612	2.4290632077415033	2.0719455633898294	18.836445039307343	2.779029523705357	8.208333118632243	7.054230886099231	6.852076994575969	6.71592219079491	3.8446058163003984	7.513539186336666
chr1:7961291-7961806	10.097800850103281	6.951712008651872	7.385780698015235	10.450408891938554	18.828521411329444	7.161624098597733	7.620322724733379	8.793764429532954	10.500332074745842	9.985278956447791	6.072460479765183	7.863761826303565
chr7:7182894-7183925	10.751565417124484	6.695222412274573	7.441331876740746	12.175128672955905	18.819362333228202	6.933690696941714	7.081017130826768	7.137304139006906	9.218385071692616	9.996875695975326	6.5775333105764835	7.558785108632871
chr12:7208225-7208745	3.1019535979803043	3.639842665268586	6.581307945860436	2.8586280837754505	18.817759418478907	4.334711630873809	3.4540781188407306	6.734796180468018	5.664556492599231	6.065724566496108	5.169936328421486	7.728392034528309
chr1:204495390-204496746	9.105184669130079	6.772266065228053	5.477929879578217	9.190747747547189	18.810767096896758	6.925503947188307	6.930908469982551	8.148289366425042	9.442128218712412	8.704101946362448	6.3529527007640665	7.2372506619625225
chr17:7232978-7233525	7.551245116897696	5.7345693644841065	5.464460908032522	3.7066628340060115	18.807094137165706	5.718580120983054	7.097817552164012	8.322323873218611	10.606901860402198	5.818492899361916	4.495445820804292	5.3657453948097125
chr20:50903245-50903781	7.607623794182245	3.788488625184071	5.856866882811534	2.9980674023932794	18.777094788711768	3.881472072347026	6.301724362181137	6.541121719072226	5.634322357966906	6.727335841456789	5.64516283443469	3.306009956908496
chr1:27725525-27726052	10.333134724694117	6.600878548750659	8.404317301284703	11.659292117217603	18.757057560167315	7.369975274148529	6.640878544049976	6.997149767196837	8.539155726676	8.999979616720074	6.5043395722587904	7.104173777201755
chr10:79178488-79179092	6.690122093497774	7.269744941888559	6.5221173718280525	3.4886286856475737	18.73704468320958	2.5674895014449977	2.6388571615437475	7.150019174007687	8.314493549226947	9.438176438764	6.591683531956379	9.658245024640543
chrX:54044367-54044874	9.795224143235721	6.184924230001165	6.883847708013853	10.099475012788755	18.734458334385085	7.002687422496488	7.562053535255754	8.61737264433847	9.347036864797904	9.516135629088422	6.098654871173485	7.766326531478262
chr1:54054313-54054816	5.577324994399949	6.926401089504827	4.6939474568004504	4.061768591158508	18.70431124847899	5.167646000200439	6.983856385544464	9.982918258283826	8.732381663694152	8.1651101289482	5.468227232226522	8.970805080961743
chr20:5737212-5737767	6.743401380140639	6.214284652890166	3.4699905959179356	8.04032066815431	18.693237835823403	6.111472664534931	8.910353927365676	9.98214771960611	5.6611571258134905	8.760333198489723	6.281951315043822	6.832338135183781
chr15:45402066-45403144	9.376788446298464	6.697443229966395	6.592238690208148	9.974088361516793	18.6861205648923	7.518252390947243	7.359437149089779	8.562764132148827	9.630323440362158	9.216644207397671	5.568162276647386	7.243295855891105
chr17:5438947-5439482	9.511932743005055	7.271449257267841	6.674508255267222	8.721307464013552	18.642507293390434	7.829627672264447	7.510689165387651	8.619863245705607	10.25001409679944	9.016308317384475	5.122660207636548	7.677620829792978
chr3:49476526-49477048	10.091478985054271	7.31043899765004	7.308155588415888	10.188110954047774	18.599622110936046	6.392387631617264	7.1929938261445345	8.455081654577008	9.2502877719857	9.89087303825481	5.441096492955117	6.64844042629872
chr11:20459117-20459626	2.672748800528476	2.2132071666825115	2.077795331572018	0.686837439836587	18.534177149820632	3.1237571663805066	2.602750616314258	4.199496896114869	3.815194874249721	5.714354968894646	6.682822323647941	8.739104250442443
chr19:45178721-45179728	9.390180627602701	6.753487592417743	6.395763433442182	9.289410499233787	18.52396057403848	8.37495131649761	7.593440349744163	8.734813453214858	9.886403418708406	8.95568656748354	5.108164708283426	7.432197565579922
chr1:10032563-10033076	9.962711116542144	6.590096963547962	7.532361115265456	10.341813160823918	18.50518975937209	7.968347652399153	7.6528173290136605	8.066932904644693	10.606453744336413	9.566928386202724	6.054661065184645	7.819352592718958
chr19:4670136-4670658	9.252349237136592	7.278009672389211	7.102350489113782	7.897676031169622	18.477297631379955	7.6687399686104465	8.056571358039589	10.152343227960147	10.92474897700422	9.591924285411322	5.140485969120392	8.428718025366978
chr10:124243657-124244174	3.653163807463236	5.314364542864602	5.538378316526998	2.360236445624965	18.44832644722342	5.102015533539774	4.126044590381269	4.737136974557849	4.017941952609599	7.032921374885293	6.520279624100421	7.641908566779045
chr3:141300348-141301354	7.809280485355023	3.3130387289070087	3.40678888205941	3.0468073356143934	18.438615205044478	7.20149876352687	6.596921205268715	5.940582840966943	5.636137993865037	6.984539569782283	5.528637764235045	4.849459468902555
chrX:3814789-3815289	10.078419287374519	7.136346168477556	6.603066335265445	11.08201576436157	18.430369292269848	7.6376063078749326	7.565841766163833	8.282346961364425	9.537502825277599	9.231604934564558	5.947990685079508	7.138430534678091
chrX:152830622-152831127	9.636992416120236	6.873178664552968	6.53660215763901	10.329701216365208	18.429473281985477	7.003460154768932	7.298371033459148	8.139152535087437	11.563904847014674	9.690843883143788	5.798822069495815	7.629254016303525
chr11:5527499-5528221	4.514767911317608	8.248138179743131	8.714740003790284	2.8608560310998774	18.38376479791115	3.9611300351301266	4.298368443791648	11.636370324330825	7.174462562499	5.0841707872112485	3.925928300754898	4.520521421980708
chrX:149938335-149938849	9.80803696982734	6.891564165695813	6.714168558609255	9.979783297724897	18.376966590253137	9.148708573473053	7.517308018998608	8.049648429880019	9.116249340182145	9.70858694536755	6.083662636649721	7.420847499838809
chr19:48646430-48646939	9.596210144684974	7.677211104294769	7.2548907104650695	9.623012179761878	18.372310847326606	9.720059734263948	8.442944583349865	9.988831425406703	10.720924658786272	10.422494505780042	4.546185604069687	8.44747990227245
chr1:11805774-11806316	9.809235716319497	6.918714879552295	7.072298514748682	10.109909179428502	18.35109946011829	6.7985626214554635	7.590010620823994	8.075389663971293	9.859892015070706	9.493965196592136	5.87726466972587	7.47293648735585
chr14:105378157-105378666	3.441439992208738	2.3343848979570483	4.891640431804107	1.5841801471829036	18.345437064807363	6.605878784219735	3.6703354704383986	6.14533381265732	5.433462468721186	4.591818210635486	6.027021241873824	2.8064199039191218
chr3:142948111-142948621	2.9716378583743124	2.173478997978477	2.687445297386617	2.314410538688615	18.34154686327943	4.840132894281136	6.990892339879343	7.784981245896408	5.668085823831185	5.678790386412172	4.897799960812984	3.164682848827445
chr3:49352881-49353565	5.469020143199708	3.4192617014550444	3.2835477997101146	0.8144075021860105	18.31904694445978	3.5533922329841583	3.479433933222288	8.026070014036408	5.857306852530296	7.7667361170635365	5.792600381750657	8.78731675257605
chr1:15526450-15526960	10.279422427777572	6.022559999452362	7.095476008687691	10.436374334239133	18.313407243714554	6.699279393803074	7.164916907720955	7.5595689921635785	8.82009571105266	9.98852312327723	6.087929634741232	7.7773132354646854
chr3:59559717-59560228	2.6636660929394305	2.3584278199509647	2.39697922864069	0.8022182715569646	18.297797938912836	6.4769687458171346	8.2420520487774	6.4739211501535205	5.999730636908341	9.685575888330273	5.441179661377121	4.088448822083934
chr1:94418024-94419129	9.914927811333596	6.76832926893288	6.9884210507468465	10.437512373889124	18.288961995521955	6.318296037542291	7.485013937727402	7.618386341891995	9.335042539298286	9.350143739950264	5.780502009518518	7.166615553613411
chr19:43774391-43774901	6.934289475314699	4.254344738878792	5.055368537855009	3.9847594512467777	18.274270074317418	6.830645801967852	4.201489664841616	6.868929349298345	4.759890669279704	8.002363372167625	5.813915103508307	7.663722329153186
chr20:35742170-35742751	9.904743234821334	6.050498242018232	6.860056450102917	11.003864738327504	18.269858317001226	6.6317983515471415	6.791168184363986	7.206798961485404	9.237561923367945	9.45284781430848	6.644838367772368	6.819035601269434
chr11:67239670-67240203	10.249522020903985	6.252655739125366	7.602048614898974	11.539248037627683	18.257502292443938	7.372397681332155	7.598353767516963	7.458427823950958	9.80952615347454	9.66903460802668	6.100079507379109	7.58993771016701
chr1:91404230-91404740	5.623202503259165	8.772307402885682	7.830543362161988	6.203599242670608	18.24902579444097	4.603234531007269	7.7672097161351275	8.58733997085261	9.941970098977954	8.270074380163283	5.986329449194115	7.969280958731261
chr12:51047963-51048464	9.21063217302015	6.324744162198515	6.7416926610134995	9.520286344346976	18.229635737134515	7.081374555360924	7.1915511463138495	7.526625022893968	8.776151688795556	8.34705947014956	5.960256121381461	6.8434114564909585
chr2:55133668-55134214	8.163945208348629	4.18935269882566	7.451248376051819	2.059030866975399	18.225173511180035	6.861212449392323	3.4598683495954825	9.138892266856438	10.573144096644949	6.870510352356638	4.917587921568849	4.654856600599365
chr17:28711173-28711698	9.36974338998578	7.406037538526638	7.9877738198480195	9.047991313027794	18.220356266256104	6.600580262992048	8.163648260518753	9.73463671970632	11.254618963974668	9.969634372568294	5.369780232785421	8.41206169297923
chr11:915171-915684	2.4457920223792518	4.1166849140803174	5.445183023529568	1.6963759562061607	18.107364248254164	2.3260364404138074	6.287657606855559	6.766205822104114	6.653695251389357	6.957759498823504	7.106649852394884	2.7387543448403235
chr19:21460646-21461148	3.1594565298980224	5.113319383210035	2.7473491277255233	2.587513969671017	18.096172940724287	2.6501109496477233	5.474607077272355	6.0696049363695135	5.6531705232190665	5.549361771110212	3.324770801541371	3.28218202878515
chr6:43951164-43951670	4.2216791020888875	3.603911288248516	4.1491837998411825	1.9566158050024551	18.090173303619643	5.28916456555245	3.4516215071073484	5.506599716114002	5.361020100712165	6.592322522730008	5.650513004630817	5.908349777263363
chr19:38152943-38153456	3.452688234694309	6.159152126169392	2.565782804861581	1.4216127125199656	18.07880914753356	2.8484576563557114	6.013645924534236	8.139163551688345	5.018233040526416	6.113721207894616	5.72762336340513	8.550659324887242
chr16:23134184-23134689	2.5453997641632404	4.876039950599483	2.946063879649986	1.959918164173551	18.077543814218895	4.396385095664285	7.5352529730952185	6.7295010286982375	6.459834270490253	6.16228981520271	5.654134566547277	8.994721471998204
chr8:124635263-124635851	7.3472971804989635	3.3414748534147716	5.076571380393068	2.8407941262109406	18.072734749031373	7.052766224755282	3.787825708889415	8.388403419707755	10.877098313468252	6.661635437598996	3.4548642857213356	3.0312079563809795
chr15:40564856-40565370	9.55083169760086	6.080313928425528	6.773639200023595	9.591199360904337	18.069586126921756	8.836713598480761	7.331231517426409	8.194597666155037	9.400628845133939	8.880344557791917	5.866669809503597	7.550279687273183
chr17:6675152-6675660	4.407579719803192	3.506857630983429	4.10776653609878	2.3336502954027645	18.062753554894847	4.554855489401654	4.01533158828749	5.297692383715704	7.751331667417058	7.172926188318784	4.994481152968017	3.167654329367476
chr16:3474126-3474648	3.4382029965403835	3.1264513978833035	2.79641789229405	2.113783562290596	18.02132086848745	4.130367925036808	2.6348686238104997	6.596961148863581	7.753733662026359	6.850607299239486	6.010679764113609	6.796655082141537
chr17:40586240-40586746	4.703738682432841	2.433029401146495	2.7681125038588985	2.442216916117233	18.01374045157585	1.7296084405945844	3.8342944892723834	5.295959468498319	5.147324814940537	4.427673467801697	5.324876377698768	2.465215622632389
chr19:37078067-37078589	9.601874373607622	7.277151637479567	7.204783122384965	8.589807465820329	17.998447453327906	6.884087679523383	7.121021091674679	8.934173850658523	9.903979247632972	9.360020308153077	5.413737613816165	8.270477901829095
chr2:64524588-64525707	9.792063922097332	6.716080510366875	6.289758706262687	10.302259504230221	17.983404781215288	8.11581500335642	7.703854883449223	8.408431571834342	9.52314629775208	9.38507911451986	5.694839674511753	7.603857120709072
chr12:49872596-49873097	7.939053721763172	5.388376451696425	2.47117506091043	1.576706434046117	17.978324617563544	4.284189480407874	5.269444306734805	9.40337002908733	4.231301205077689	4.077409812057861	6.075138797208551	3.4967088960712167
chr11:67428168-67428682	8.674330011425257	6.391945114733465	6.5725057622988095	8.191809035226502	17.947294671033866	7.374193764472774	7.5003255635533455	8.473530068711485	9.463943126311708	8.655230608356415	5.285122850537323	7.390618084163272
chr14:75123924-75124444	9.35324822026318	3.272424042084091	5.6669808267297865	3.6866673826846235	17.930062307541462	8.30605914230547	5.106070032669826	9.900949144080197	10.754688585820276	8.739575077410262	3.771008039531477	8.69993927845774
chr15:51652085-51652614	2.0769006035580477	4.479402247663825	2.3662904103816924	1.9809713534197744	17.92596778849451	3.550420052810241	2.9090103899190614	5.963755187104538	4.225345819142113	7.030453302455146	6.227679777787578	6.09595225792204
chr1:89632659-89634645	9.441781532593833	6.849424249641335	9.239864300508662	10.140285729668685	17.91835405198863	7.455904015514361	6.754061064226754	7.630619872423793	8.798345106167517	8.44079246304092	6.514683891296599	6.775346191630357
chrX:153928174-153928695	9.96963430251805	6.984254903836471	7.340526508896501	10.220344268509827	17.91716058248135	8.635120089817741	7.257789033107523	7.839855693162811	8.911542168804502	9.557131452167614	5.631841448900429	7.323357759440113
chrX:78103368-78104391	10.069670928377814	6.708550387773294	6.882657866321139	10.270327018965919	17.903509543684397	6.8885903700784406	7.44630841236487	8.240760258082991	10.428854182108953	9.260616802196735	6.041849941089572	7.774458742626586
chr1:2391380-2391940	9.870234519156405	6.537860988176501	7.77681991281707	10.544960642576447	17.90160681012319	7.2095403911837845	7.406327742314421	8.286233097482004	9.955654948426728	9.69337583435726	5.997137629267619	7.618176903109297
chr12:76781294-76781879	3.0090645815715766	2.1963824788049173	4.854083929538367	1.3147256931345062	17.858200621679213	3.5284289300469185	5.040460295212501	7.834697182709276	7.179619069372605	6.4989931337417195	6.136887961914785	3.3128556928113024
chr20:35954289-35955344	9.952501903960119	6.100946561519728	8.414374760296935	10.81195919089798	17.85286237520962	7.89017592129332	7.225681182375934	7.611956279334979	9.424058211348814	8.635307230313575	5.813409874692695	6.759508440727415
chr18:61782502-61783011	2.4887484259651744	2.421923503104289	2.3681289546581836	1.9449536418971425	17.828544427322786	5.948012584754784	4.764737721538233	4.975715236631288	5.2437690350001915	6.347743314347655	3.8751152289065196	2.8884659627059053
chr19:48842377-48843075	5.101863452204716	6.018049471039685	5.300416860839517	2.4958177674669417	17.82491615749608	7.974411762184107	5.842878226487182	8.808368663997742	8.288932577308593	6.520439540411801	5.792498879249093	6.942650729277068
chr1:25430003-25431059	10.314533352167913	6.407713249597329	6.548438465303166	11.701811748351158	17.803849466964866	7.166847391476867	7.148487257176761	7.472433321842821	10.158502574235955	9.989909380989632	5.9421926363637025	6.999506268801292
chr1:31085038-31085556	2.367144183463948	2.131275300068581	2.25794720835969	1.368782510385815	17.803473759262584	5.034778360012867	3.193242810293667	5.366183502091241	5.5297840446314765	8.794508995648098	5.954740061419932	9.020412737248051
chr19:54338932-54339435	5.714733572067537	3.5054947118457127	6.691189793601675	1.7302748775515662	17.791345835059293	6.523688838478984	6.7899546830133355	9.480162283717696	7.030025737791972	6.8173008834238376	0.5373420821157512	8.187073099224586
chr3:51675049-51675644	9.99643570181677	6.769813176098892	7.021258784705482	9.55156128357011	17.78992832345156	7.266065033149882	7.7401710091450475	8.746327429317903	9.771764988014311	9.864574144120693	5.38651708773394	7.775507241394788
chr14:102504219-102504734	4.112475147696568	5.057267814106722	6.18293645767195	2.2695871820149343	17.760402348108002	3.6631111026648426	3.2899498305059494	7.5381288081772375	6.211393329435051	7.02480647005143	5.533367050628544	6.738557471499845
chr14:21070684-21071765	10.331306481809738	8.43463277742279	8.134640213231302	7.9497580266337655	17.751489551424065	7.704232362358059	7.592811309869876	8.849106453972311	9.819894919346913	10.355280565746243	5.393829421581841	9.088753677624007
chr1:23368683-23369227	9.291211871693262	6.8814860956147275	6.5269783806406965	9.147953269859723	17.743578537488542	7.418312929517254	7.093048550993876	8.258260664149764	9.49056939885773	9.012781317183078	5.294147783209337	7.396834705042336
chr2:66508438-66508998	2.682867897140209	3.364216178110579	3.0625669553475476	0.06287150613131587	17.740642320604184	3.2180782687188305	6.20789994783224	8.249242122941427	7.070174522122868	6.473624917780198	3.93507954730142	5.719936560206714
chr6:26021269-26022563	8.472035229362474	6.947229596115868	6.585593204832354	8.954582646019205	17.71930864846807	6.283443639598598	7.62658801843542	8.386049358795598	10.542657868184426	8.89316648065997	5.194024415672847	7.6119803056991815
chr1:213670258-213670771	4.090829045798374	5.554947436066072	2.9513765562220193	0.3546761249451067	17.708239015513037	4.458572833400411	3.6029738559713587	6.063460006114984	5.607443474042257	7.554129110575584	3.217160658259397	3.87846383362116
chr19:18156984-18157520	5.546780567386168	3.643369442620339	6.0010601377521375	3.703804612473043	17.707065489685323	7.161498972797526	3.438244678836212	5.584638303195563	3.604529191333082	8.053577959561654	6.354283214882896	8.32727016810363
chrX:130903088-130903609	9.169002855338935	6.649648827334915	6.959178810051225	9.631475193994646	17.694078178181286	8.948765962539822	6.975453582927217	7.805505631599707	8.581624690252658	8.58411634675298	5.6945567269982975	7.066704446081479
chr20:32207552-32208056	9.516416111285713	5.6763426823997465	6.391727559223652	9.085484864690075	17.693506608059106	7.085026333243268	6.900657569928993	7.571330887523955	9.040029443489017	8.606869983844058	5.472315693475809	6.708523975404388
chr9:4850538-4851108	7.1835994285930695	4.125862507807467	3.8896057622495337	3.0056220575747123	17.684193235750044	5.461489565863659	6.856065238684056	8.265991759760091	9.93810359378373	7.204090853285178	4.979809644522123	3.2957361233369693
chr1:66929927-66930928	10.037389601226122	7.190389040545651	6.982473044712218	9.898061636299719	17.684088823702062	7.412827441451397	7.119722774847894	8.072017063838182	9.281746019671562	9.089383045146464	6.063346515807281	7.847930613569167
chr2:217370299-217370813	2.7419997609741404	2.8060913169868305	2.787718296127716	2.297649529745392	17.683651088818596	3.785664946027497	5.670142285331518	5.873993831236039	5.744135700702483	7.553630979127512	3.378354865370921	3.466974220692724
chr3:17749206-17750100	9.207091056206053	7.728977415587124	6.836045978743706	6.928716760794326	17.671613811882768	7.545042818059935	7.3087268484587256	9.550002192887952	10.294558012771839	9.308906353657644	5.206373974957057	7.94352698017626
chr21:38159172-38159703	8.992396842384181	6.311883198249096	8.570367586651352	3.338693555441263	17.669133079128343	6.174040921158485	7.497157551301824	11.735647025534702	6.4296500429017085	8.424763457354373	4.0687024320118885	9.071715521291416
chr11:125592422-125593478	9.79477004987973	6.553086443228416	7.192519223667961	11.322455146605021	17.667167296340725	6.76370757505986	7.251639740955125	7.33558063647668	9.58180408274928	9.53493099544822	5.852055650184692	6.897500741950296
chr1:10210196-10210705	9.944071287554431	6.718219756966443	7.369233469733633	10.240668786932437	17.665216045486794	7.346618670782401	7.324180938212316	7.879243345945091	9.521085052626516	9.121942282320253	5.803327451485051	7.335630068285172
chr6:30071279-30071805	9.701204994144266	6.314418087880586	6.981459102244972	10.478337857886503	17.651034979080965	7.125806519208906	6.8632376752824324	7.456477025349108	8.669088822145664	8.82915801139859	5.995579836063157	6.540341001218285
chr12:122200644-122201309	3.48906318045849	5.731730753173579	6.530505587493786	2.1280685602410903	17.635145571573993	3.7176263005099455	3.4648301015325798	6.506906822599681	3.278489753425327	5.904952957948515	5.56849309442192	7.110050466588368
chr14:100145050-100145556	4.960245379699154	5.154793023537145	3.0186783904457095	4.101151021237638	17.609068484746214	3.517503594267948	8.753985851149144	10.749569593828452	10.03646063953086	7.345929784642849	3.8244695980515275	4.04809049323733
chr15:64162984-64163497	9.825791575493882	6.0439412136095525	7.007166175857079	10.94982243607798	17.601199381838892	7.160681983334853	6.423981635604307	6.428674470919837	7.99093530675628	8.749179665869898	6.394392711128122	6.372286611538047
chrX:15335404-15335926	9.20149955174276	6.774203341541171	6.686916026426573	9.633477769425088	17.595711750251393	7.06585862386252	7.452888604719112	8.358166388393268	9.477198647325821	9.11891391884492	5.7144239243810055	7.322562574902144
chr20:62485241-62485780	5.859444614425266	5.632522905695743	9.208285123002316	3.3167060995641107	17.58579515440991	7.205584237320781	5.916691192974724	6.197633741081569	5.774129810355473	8.306584586507485	5.618887987318062	8.222327194484402
chr13:19633306-19633824	9.27349112338346	6.507618689659107	6.663413840437506	9.824488695288046	17.585602164126044	6.707254499974182	7.311291699353145	7.722753746946107	9.241329832951083	8.755011951792422	5.904589461453756	7.111776758649904
chr17:43368081-43368609	10.621846775453056	6.91771968716223	6.4715615659361285	11.54176734441872	17.58483567169236	7.265148827368497	7.645659072868811	7.552694321651153	10.52900548558349	9.681169391600559	5.458177422061531	7.228941921005061
chr16:67460107-67460674	4.750555430877477	3.2646360646377124	3.555090193684001	1.7905874460041633	17.578407145641027	4.541963033583734	3.9741453611326745	7.310455104584615	5.136526299776501	5.875007536746205	5.0332691860536585	6.7431377896409606
chr17:40122956-40124008	9.298726504965735	6.157877881847102	6.8644285626516295	9.66345487894313	17.571941923242907	6.945719076066928	7.212181517944722	8.327450223095878	9.401700244051442	8.974476892831486	5.9065508999868905	7.683653808697131
chr7:101138395-101138903	4.551110064592186	6.833925710461493	6.81026121426704	2.7377992459203275	17.567830839118844	4.003852427560071	6.490778604477948	10.678595945674928	11.255178808182514	6.868781176625864	2.910474069435781	8.4631102282017
chrX:120629819-120630381	9.62985210816585	6.321297805015515	6.636923278946532	9.873246887827337	17.56721901690674	8.03967925676088	7.1362777641024815	7.942008761861428	8.555643108603297	9.609477927767834	5.498230605328623	7.386658338227782
chr2:65431896-65432989	8.628860468354246	7.20162454581032	7.553183257866427	7.8830575798326565	17.558827278277416	5.541603767271161	7.140489193529552	8.944114467434654	9.45210982463737	9.150506960284408	5.222029479199048	7.534422691516999
chr1:36150730-36151231	9.618920251949508	6.994694773100607	6.763312251211043	6.179014533627642	17.561038451883434	8.277598199639177	7.411409482813996	8.73057003185551	14.133453369948747	8.525237541175555	5.447455912058384	8.116882919941393
chr10:99430576-99431668	9.881717039480868	6.7529080302998	6.9573994070599054	10.956184351000692	17.551737395209347	7.202658533011341	7.89644219972457	8.308209478430456	10.098144906227864	9.280925042738886	5.630658339885979	7.688390392350849
chr1:247347869-247348372	8.38400928103172	2.9542218195410204	3.935069615684314	1.9287454153317742	17.548273403450914	3.5342103509085545	3.977116288041058	7.215784997687902	10.911023929741617	6.330207965156808	0.8515851786981945	4.765255985253878
chr2:55014902-55015426	3.536380216747245	3.6444924887001036	5.226684731345915	3.5747597820980364	17.54198658007577	2.842658064706706	6.761096336544825	8.516304510966663	6.241512291319831	6.50811648883051	1.1491535683234504	4.1395258138296835
chr12:120894346-120894876	4.7517658523724355	3.0340502290211577	2.7751376861957913	2.1030778881979435	17.525867877551118	5.095586853573865	5.663464408643587	8.849987993522886	9.02515494243222	5.517039104307088	4.052895465338512	6.194647437090675
chr7:1169768-1170274	8.874980596444626	6.495948478505027	6.389843961595594	9.170058379662757	17.521578367102293	6.827512764886595	6.563813628151584	7.282403653560308	8.139380938142777	8.714924592416114	7.4015638732855695	6.833757260399091
chr1:145858787-145859336	2.4524447494370065	2.405857053632692	2.0723395816259513	1.9537549017195213	17.511318168671817	2.939318803693616	4.930823166009139	7.227467973824942	5.606304532560109	5.839328407026792	3.3183250508637343	2.685362643599908
chr5:154829490-154830347	4.790053926000405	4.1618230611593265	2.9512391550279125	1.9386378104360442	17.509701651295416	3.3200537896931843	8.357384516307324	10.460036590200998	10.528690237779928	7.617795955402295	1.0919128450356905	4.291917894366789
chr1:2586292-2586792	9.873797302465066	6.858791025105751	6.752909859657004	9.64794892440238	17.509084401191238	7.535637801570717	7.418134410592604	7.575874048396814	8.9932901267958	9.421882241975116	6.064525618829585	7.403916227782343
chr19:48798857-48799396	4.811967565190457	7.719688259938276	6.98574739334628	3.1773298547968682	17.478066448284796	3.8328370340447284	4.8000652078872665	9.508605574598693	10.540046421471045	7.837418395727263	2.5523299396692845	6.475436719514483
chr16:75433225-75433789	9.201803563591785	6.762413762956769	6.4296394727683905	8.791885045665499	17.476527947599326	7.343556834870491	7.3588385256190625	8.798834649056294	9.795447868773337	8.783602584300946	4.96732527072167	7.823826736908203
chr3:38001451-38002000	8.133019291500968	6.851485246421915	7.62363687537309	7.249441751525995	17.46479952329203	6.893903068183006	7.481045828149407	9.522706513469878	10.253641241682333	8.794659321088218	5.5200287108891875	7.917172666254065
chr1:6198862-6199944	9.780442567525057	6.4372528893944265	6.2958258225838915	9.644397768998786	17.461325489945477	7.362314708519236	7.256089873993884	8.165769096878286	9.019561847149278	9.369297773306524	6.082502023235587	7.493794011214701
chr11:10857892-10859536	8.792636051915872	6.408402435927816	5.4922053026599365	10.061073790813342	17.453129752607648	6.37743345866168	6.919427075651157	6.934265780934764	9.035789051365725	8.436948843978776	7.210993035310276	6.190875536517173
chr20:6575701-6576232	3.5883901196104664	4.016916257201095	2.6746903459820803	3.1490273611061554	17.442561319442586	2.185952287021784	2.5539825624475694	5.2781002695208	5.056344245168921	7.88351731819994	5.712252004321578	5.9479427333998895
chr22:37803175-37803683	6.766125395161665	5.187495614515028	5.615790608940653	2.6570289824614264	17.41997173929409	7.492595782408898	4.2370343051994706	7.467753425071307	8.102026799940885	7.039928830209421	5.344463197895186	8.33471955239745
chr3:51686415-51686936	4.682539761029772	3.7529367943368586	5.9100688998299065	1.7546292993851003	17.403851539206716	3.054378823787599	7.304262226474502	8.662601861198645	6.346687629005428	8.592394076774392	0.3837845981878266	5.5841358007856385
chr15:55407599-55408665	9.493756086645295	6.467147647108926	6.1432154838876185	9.98758384428424	17.392007107044215	6.538901666694971	6.508270120270871	7.018866793876696	8.61996419525796	8.766366180496147	6.201873398693387	7.27792872009083
chr12:89709378-89709881	10.38778190270201	6.707825812135777	8.935186243617592	11.515133400980886	17.389437705863266	7.404106422582399	7.376454592226649	7.707654581741711	10.002569307672609	9.72164358755843	5.960549619206449	7.240396073459572
chr14:100238501-100239054	10.17397576261218	7.1302512950627195	7.217724762358671	10.146007086892485	17.359058809721198	7.328501078239977	7.392024643025756	7.80782134598426	10.172749090746356	9.712108421836813	6.091134074892266	7.78328655973884
chr9:35657623-35658908	9.686955275529012	6.74665064839051	6.419301950949619	10.643163629357973	17.353431555939235	6.623363624348227	7.494829035579286	7.969127758235453	8.932122792612521	9.123119758052162	5.796114984256945	7.117191756351632
chr9:35071832-35072362	9.53099942949654	7.077707838560698	7.681312014917542	9.218023355837989	17.344908996165962	6.941642374618075	6.852641372301803	7.357348951865462	8.807271009286591	9.259793671085353	5.46042591815456	7.427403676235912
chr19:45117102-45117627	5.326436548810086	7.93882483196548	9.37618655371339	4.502574728978173	17.343403762488414	6.394969631769491	7.621294933705	9.047808394681287	10.027141073506401	9.737718846169619	4.382982948357425	9.393792898315288
chr9:37485621-37486137	9.38052863182524	7.048665163354846	6.667840281639465	9.760738797324866	17.33828055177073	7.384241826690133	7.6834888002167	8.001579853454654	9.53436427458773	9.239354879680638	5.644099238455048	7.414336997936466
chrX:149940218-149940790	9.575332051842784	6.555760208055277	7.027640043437532	9.65130148600979	17.332876077329676	6.854072881047111	7.110384529527031	7.776148158531668	10.327709068788051	9.137882724895697	6.075089189710988	7.450008870725221
chr11:45180757-45181271	8.05532788786645	7.840868319482412	10.464586686838047	4.386611740409942	17.327417532405374	6.2224735015492945	5.8201176104488095	8.784819106375755	9.715869293369426	9.216159779964073	5.494461956704846	8.996625374652004
chr5:131646889-131647409	5.404302773555153	4.790136022560003	6.138514563698812	5.559828969062662	17.326754678305832	2.512622128936072	7.472667702072903	9.754256029836945	6.316239465012121	7.890640291895648	5.689945978240054	9.25869732851636
chr6:30596736-30597762	7.162362166856746	6.003375128019282	4.764070726264389	3.1619493449499414	17.305937139826515	4.918681451193516	6.25373272665576	7.860231962502999	8.569509604148253	6.339908908919086	3.763761393447009	5.260119025021645
chr1:43653313-43653824	3.394642902708231	5.214181577689392	7.341186554689131	1.6666616092010174	17.293935049592008	2.713821165101485	3.6231525289023923	9.233981551530078	9.446918713931693	8.105689284496655	5.087909201971749	8.450896254446562
chr12:21677568-21678099	3.8335331631512437	5.562853663967612	2.404779573393281	4.492639771739721	17.280688688270903	2.9163631088848234	8.054637497017962	7.476566592487052	5.899059621208726	5.927810051448307	2.0134952318676134	7.220310301406627
chr12:59595798-59596373	8.105484137521069	6.46022433055095	7.108153823139153	8.552939082612955	17.278169080281096	5.810634632885962	6.8968002133690725	7.762678835849743	9.480771673955962	8.635432265527486	6.161914515720445	7.6831324410628
chr12:121794104-121794604	9.219048214864477	6.058128096319252	6.729328581510727	10.045882645896977	17.26335066292461	6.273183705364924	7.623944149356356	8.017933093806038	9.36584329221484	9.016019940492516	5.456999522262196	7.282812288488917
chr8:37790953-37791458	4.098820813647371	3.7752993009509352	3.0605350269935867	2.026454098233799	17.232170582114446	3.9144794854774045	6.146428578007618	8.15350467360555	5.617643598379487	6.461980440995467	4.186027736354758	6.8985473178177
chr12:50841941-50842502	2.2579579428237104	1.9596124758975129	2.3958277653976046	3.752253160089297	17.230513047430435	3.498373844678353	3.1846870657933284	5.267223758627554	4.869735444111992	7.070419023442072	5.7356102731422585	3.577853799334567
chr1:27726068-27727072	8.653295187729977	7.059541157500682	6.43711656699548	7.119982754519575	17.22990083435124	7.409534386047786	7.380950327205984	9.264402988758315	9.690630286712889	8.837364004197317	4.903117416802024	8.000420080221945
chr17:28575266-28575818	5.982628018838601	4.37351682304685	5.89031214630516	2.9331881085567835	17.221372854493882	5.951005802198686	5.6577824855136525	7.990217735501262	6.849132307515763	6.834799075090932	4.204565872187359	4.429248816639347
chr14:73869682-73870198	2.8083924293645506	3.0761793854239725	2.129365433593103	2.6311947746358877	17.202642642653196	2.4303754709279035	6.5614799605746414	6.174905295050225	6.375137340685648	7.362617842907803	4.703586255845504	4.515764101570871
chr19:7098896-7099415	10.001486658359672	6.564313593343849	6.825193081100319	9.277611308770789	17.19606205621632	7.762623027130652	6.93329459204523	8.222738469211285	9.506853380346962	9.176423622763906	5.962523818677272	7.508601816868008
chr5:172773347-172773876	9.174397437896658	6.205482687351816	7.18444906948813	10.349529156853457	17.17586964388431	7.450212401482018	7.266716160956169	7.811589026641715	9.696128721647364	8.533601301848892	6.443417429414788	6.4717348166462525
chr1:153375435-153376439	9.08197570967453	2.7662692719109168	3.878712295522649	3.534705852766409	17.17154582728014	9.032267172951002	6.3370069337693735	6.26937893245997	9.43908729018651	7.370344874574646	2.5068378990217157	7.932245748661715
chr10:119656710-119657227	2.4395020927699433	1.8802600175813753	4.240267447157581	3.670623244407235	17.170535217728712	1.5622011541804	3.8742607881295252	5.03487220760008	4.502127895545276	7.508985149005203	6.200945877473525	5.253634658031998
chr1:12019138-12019647	9.919766146057421	6.637815540443706	7.0912267352670275	10.193220996817614	17.16311300435981	7.094603003110443	7.076034089879317	7.891966760133768	9.55231375366033	9.304529530191402	5.932860066749962	7.336497575621581
chrX:153971592-153973418	10.013020315892529	6.631686747330966	7.555408440238116	10.575055607972466	17.162892939866982	6.981194552392468	7.0339126735337	6.6824052352914896	9.250003445842033	8.814658635123346	5.6467335698035495	6.724597477845437
chr16:30658022-30659232	10.013400101898254	6.209880581165822	7.4730018041120045	11.914208326172675	17.16052583776428	6.814542452890477	6.77123663630862	6.427846322812466	7.983737865184411	10.220632051964776	7.140876799457424	7.054105254603518
chr11:10477964-10478535	3.079610916643895	3.5715402149729116	5.652183014332738	0.4213224040019434	17.149649940436298	3.0341030720181337	4.898878933274161	12.115602659079038	6.846163207246826	10.071886117802208	6.542105202628336	9.568632684555132
chr12:6852936-6853464	7.4236581430200035	6.148043292757538	6.794454632708882	7.0240916096377415	17.1376535545518	5.5406100413319415	7.769866085408929	7.957924346701883	8.846442258325313	8.181218256001983	5.465040092915899	8.406660668658478
chr16:31073539-31074570	10.22522300275098	6.615911803404278	7.033688119973072	10.745856656323545	17.129035542936272	7.352605968726442	7.581274435756514	7.667998882612873	9.097874173827366	8.937451481038169	5.87644742502417	6.892144319992336
chr4:40630261-40631133	4.067792580009904	2.0048532937987273	2.5873113928861162	2.6952833848974396	17.10832638768979	4.8103897817022645	3.995928986924035	4.891407268083754	4.5556109628823656	4.970717502232049	1.19229120922392	2.6294708725332354
chr15:38627776-38628296	3.1267318619938798	2.331138320520605	2.1172744390267204	0.7570185523752947	17.10764778578735	2.34230052777306	9.50213925345305	6.641847502602124	6.440733296849183	5.645879320120954	4.588728851070896	3.037780505756958
chrX:20141696-20142229	9.721246266541584	6.550684593324357	6.740052334211088	10.14167953176822	17.10755352865211	8.018905040397549	7.354185335588041	7.858030091152264	9.456108628811345	8.963558582093297	5.810982883256378	6.918790389589866
chr18:67516625-67517147	9.646067536245141	6.7321340801896215	6.6719785410797385	10.05691329696886	17.10063292484803	7.194079043515544	7.753263670740685	8.289997630339444	9.288849858470046	9.715088456421155	6.413488570476006	7.524763073031911
chr8:141554734-141555428	3.475694280169565	7.870025144997918	4.006829677970977	4.2984018440496	17.09786274372737	3.776555163175146	4.844111222782394	4.738207717787763	10.715864802989335	6.907619041012912	6.275665415216002	7.072603534035668
chr4:74097673-74098438	6.024285899296762	2.184970974818832	3.8040952334501132	0.3728720895527204	17.0973213849151	6.474991694446619	2.6421633361410017	4.651070138052828	3.889379191149596	5.955577336480655	2.6194234271328334	5.079720847231347
chr7:112503513-112504045	3.5751669442201734	2.8506811804257874	6.110332608869132	1.7261269622144335	17.09560056785565	8.326171942913067	5.2919502434642585	11.682995940195243	6.567675481859125	6.030138075382672	5.275879824405904	7.257461136976408
chr14:31457217-31457739	9.007239084600624	6.55439000485167	6.4863898739412065	8.817140336234607	17.088261495346902	8.245741806028203	6.831014403786129	7.796915491696198	8.594125288174233	8.019122445639395	5.617104942275588	7.2019700495751255
chr1:36386389-36386923	10.370637791338762	5.915086952871978	7.232059504328445	8.169653343587575	17.084755596189755	8.847127597065217	6.670296810698346	8.223951264223286	8.909962568157606	9.101521926221356	5.456552923084206	7.521043384762775
chr17:29761265-29761783	9.381207213106693	6.898014417084166	6.98543352661727	9.132572815314452	17.06073952678477	7.049403268744357	7.541893685974406	9.764840720927962	10.258305955393407	9.289778472392678	5.410449403896235	7.446321192682988
chr1:86704515-86705577	9.933784097947717	6.598955788529119	7.008840715918523	10.264878747127637	17.060458171930286	6.705385153180355	7.0136530983913765	7.932833139283822	9.526321178566231	9.252528870553803	5.824492361581564	6.959225071608788
chr1:67430784-67431318	8.161551493481198	6.643180429141861	6.851925671586915	8.720362366559273	17.059776940041605	6.359270538071147	7.736415587810681	8.578792227604897	11.131174361348732	8.289551050944022	5.489577790903996	6.819298314979354
chrX:15737883-15738385	9.502653866999522	6.356396530124662	7.302030122545573	10.234758232240575	17.05665736196369	6.539352488329988	7.639502716107834	7.794298868627622	9.400035150530123	9.366890995387234	5.9836003646161435	7.76220354965974
chr19:18203967-18204474	9.386531269489517	5.031800928155312	7.914020642141341	10.658014362450793	17.052461264059605	5.558867544451447	6.181599502819109	6.371948012247929	7.548778454150626	8.626413380074252	7.41836422349517	6.177380774820185
chr22:30424394-30424946	2.9798049987136803	2.5484857082983807	1.9827706077274143	2.181036876664079	17.05052209298276	2.3684328585057903	5.17230591228369	6.585273407846415	3.8361006472813606	4.746476783002116	5.1661480792461685	6.222004500506228
chr20:36368289-36368798	2.6857353542255633	2.6565111566784676	5.2635392015557745	0.6649876244199782	17.04992905252668	2.845724732445123	4.801571757547878	8.682462794584305	6.931172503220738	6.360562125084864	5.255438563150099	3.7777979766158416
chr3:11435713-11436241	2.239340146049513	1.9318902198901349	1.6321187218270237	0.4223581387616223	17.04922278394749	2.5229619799024587	2.7042885235279424	7.4334954814953305	4.9354860265639555	8.168663401498343	5.67783830666987	3.4038881923913635
chr7:27147670-27148811	6.983154895869023	5.191377080359152	6.56956441235688	3.531588950174842	17.04623761778438	8.889247774661394	5.780136076559172	10.025168887781708	9.229487355671353	7.713871465956587	4.037473395802242	8.814895360648153
chr7:157298338-157298847	5.434868104822422	3.667164085263611	5.995864956597637	4.346885626119538	17.04550694933876	4.567265666417705	8.55045289002945	8.00555415627977	7.576198342717216	7.037928714683212	2.6686305603897456	5.344013537686144
chr9:35110320-35110829	4.235741335491214	6.101824720797296	7.595076297948185	2.8666905813912473	17.044998560257483	5.371095174044415	6.074831746251972	8.456879817524745	6.82178783105438	7.495268310467435	4.479767944827267	7.978165600154367
chrX:15854633-15855134	9.779043649282075	6.72126508349676	6.812503754222837	10.436200159324057	17.0410644748891	6.9051561613544665	7.2198769765943664	7.6997062365492495	8.82937555269677	9.09098601176849	5.757154001963021	7.0431836474299105
chr5:39209835-39210349	3.5795630486230707	4.37855063133417	5.018840672217766	4.329208123708139	17.039706366882108	2.331568611763673	8.26523457562656	9.745924014117717	6.365244438286778	5.484448866413247	0.895333132343745	5.329139913727409
chr17:28661637-28662703	9.968541639051514	6.559511401280315	7.322875180983974	9.51935249710703	17.037620127341334	8.67343422406528	7.365143897164413	8.386368021942333	10.073640166649874	8.772534791695941	5.314495628247558	7.662658570263173
chr22:46335435-46335958	9.444811705231594	6.588136186046068	7.014909065168954	9.582926658217442	17.01365481539944	7.456513157333831	7.646137511029308	8.449378992966455	10.108190194809945	9.058053645332793	5.382508091035056	7.614300126706351
chr10:7252037-7252549	2.7082777067366792	4.138914498705726	4.765320333833855	2.968660515450901	17.008027418730087	1.4779841071431188	3.9045547897071207	4.052766853562783	6.44333909424773	4.546753058100399	7.303048902692477	1.8344662460281105
chr1:1919172-1919727	10.006102167554722	6.754480363564515	7.0813293474373875	9.263045064485206	16.99206809273967	7.0557832934470195	7.498581762584096	7.873470729854839	9.718984560872569	9.647286195488816	6.1331492535522925	7.873477920815468
chr10:101818341-101818864	9.351433122009832	6.596440224047924	6.804134437806497	10.780693244913495	16.99002516001351	6.624871894473096	7.350854975012132	7.348449375698647	8.821626130874368	9.583226561659757	6.096607994255831	7.300603796829468
chr19:57272932-57273490	2.7539138019091207	3.1544309257926875	2.7839942627331573	2.076445593161813	16.981841337341642	2.471594793706296	4.1179035563713065	5.89661441102519	5.429667391695666	7.365852309007817	4.779184501337422	7.370276112082923
chrX:64205626-64206190	8.825837851096146	6.033314942977031	6.407132658293928	9.576545177418488	16.979428710747367	6.413822299131288	7.00925085356042	6.873542487901554	8.340103206455526	8.601732382441089	5.995638250690878	6.990408809833515
chr17:82100140-82100642	4.215982719084603	6.377332077738082	3.751912056576334	2.87479856067294	16.976930790105822	6.2363771871767595	6.9593310735817004	7.043846086768273	6.762045452933371	6.1980534147032955	2.9307584939706746	8.296309115670425
chr19:45473012-45473561	10.102165445712346	6.811698038415368	6.527330862008904	7.21002850509088	16.960164524139703	8.90009927013007	8.19891544140604	10.329600984243886	10.05741969399006	9.036418897922449	4.948143473711482	7.79303959122308
chr1:199857004-199857599	2.250579415744683	4.958579144730903	2.0525207251950053	1.4856788142999442	16.951092698342514	5.328116305961061	3.8552611052476844	6.173650462212776	6.730217628003805	6.9394759476527454	0.0753521919392125	7.829565240258911
chr19:43444748-43445337	6.866102640805621	6.918687821529489	2.3357511502910335	1.857938249015024	16.9494049052055	6.925119176326234	4.113456994866223	5.825422727580355	6.082783902395478	4.546858390407202	2.416374480191654	6.103390933272819
chr16:30610169-30610680	9.459686422230865	7.039388046833244	6.745152657985919	9.28387839401965	16.945995027958425	8.03081596646273	8.403526428933645	9.416853338952734	10.839112961592747	9.615409970372447	5.559810800533735	8.044448491429707
chr10:102399370-102399893	9.39563209565222	7.209530298568872	6.6523586507896795	8.27776760465535	16.940933853292325	8.305649212175007	7.711497640843436	8.665917619603256	10.628908938525267	8.990642960043921	5.335840970357237	7.599901884240271
chr9:128446337-128446902	6.4896104601784925	1.8647687600076688	1.6641146526038184	1.498218935393178	16.938056603196586	2.2887868276513683	4.45286685248182	7.735873421024855	6.637440652425161	7.419294389003573	5.711871738191316	6.558717157164005
chr13:24922681-24923732	9.925327637320526	6.594081184147079	5.626272083728712	9.947267589733492	16.911712185950847	7.007529852566581	7.141579160446323	8.119875746551608	9.698739481714899	9.12235196514328	5.965116961590698	7.351784017714735
chr1:32399782-32400330	4.4485376261104035	7.653923263556792	3.2697280426170976	0.9277840945161178	16.894662072224992	3.9416839557797623	5.642987534852897	9.855692861466279	9.567798209797933	6.857484059589997	4.557650356557499	3.4708389571352902
chr12:93570712-93571269	8.656394899876338	6.601612284102502	6.145167992379277	8.743202973813041	16.88279281218467	5.913784738083548	7.784013113951656	8.186511602156054	10.554878488878956	8.97561036317856	5.4540667370315274	8.073659778682806
chr9:128688863-128689381	9.036646183089962	6.48766488972216	7.126645952835383	9.440427511561591	16.882097876688633	6.972563896324497	6.9529657909855125	7.302513339424453	8.890841896441144	9.278354578140794	5.906240565171652	7.1525066703163676
chr10:34764547-34765128	2.076709490147524	3.254859605196656	2.2630113933930125	1.827336788493773	16.874231831952404	2.1489282559833653	3.0686076320115174	5.445588725868744	4.815136317662209	4.981230252310265	4.91649313567761	7.62068829310203
chr17:7251800-7252358	9.641287054727263	6.359963005170054	7.3297191942791455	9.485577180315	16.873690874513336	8.019900018768462	6.5826527095189915	7.054029384217286	10.186083469132354	9.009508851593147	5.6504276240372375	7.437980293968034
chr3:160200246-160200795	3.2513731658418212	2.1382659171129856	6.430228440825857	1.568980110142061	16.861717799763586	2.676385255788174	3.046242175907395	6.507671479466102	5.219637896805934	6.425914266788959	4.976985944235345	7.723911994216778
chr12:31066060-31067098	4.692230631225108	2.9880363821197986	3.461771751704954	3.0358729900782477	16.84823838752192	4.847904330183533	2.438261393413984	6.216706247768319	3.4827276569495855	6.4600773980937625	6.4288841142076	7.171317026587635
chr16:19717987-19718512	9.595779914348109	6.962641373651617	7.487314066562044	8.583145957028592	16.846737912683526	7.809850562996383	7.867978896536301	9.347635677373892	9.852125747265728	9.324476982003725	4.764572322561261	8.252118521214625
chr14:55125358-55125860	8.08877688262985	4.888355851545455	6.042041793911357	4.193794581812377	16.839691294465155	7.88704405317725	5.817762990714826	7.122591767449108	8.752874346278572	7.163365409714049	5.328239721232072	5.837935371607933
chr8:41836127-41836641	9.33483624372653	6.238146393433553	6.021864499811379	8.957397166402632	16.837560008541747	7.812998665814222	7.568045409969529	9.505621804216391	9.834418355471884	8.624581005334804	5.47343887594655	7.517080422444817
chrX:53422545-53423066	9.541011595113451	6.378826292839434	6.603753279345392	9.747581627742388	16.833970496544122	6.772156132328634	6.892180237937885	7.2915752669636005	8.689750810289617	8.427692186352772	5.563016066339062	6.533345876857268
chr4:785108-787467	9.682460380812214	5.766683235790671	6.9823224972167734	10.723562404737077	16.83375519207204	6.671191891582535	6.255761988162998	5.769693913588797	7.76562202069304	8.577620189159388	6.69765308738041	6.676351797722926
chr6:110875003-110876005	9.037053977179083	7.086742745947998	6.018841699391825	9.550356922652439	16.83080584609544	6.954863674996773	7.197376906534182	7.567577356707846	9.760645247227599	8.370156876214125	5.953689566625355	6.734734847199235
chr16:10619368-10619890	8.585580618674388	7.324981073163036	6.800649754991214	3.581456094781735	16.822900770607625	8.237514065506549	4.993700375366404	9.586115150585073	9.521596818543104	8.237257965832354	5.088102785024837	9.068923493762199
chr1:173715291-173715864	4.733352087896247	6.073084822407395	3.187689933165434	2.919163154824648	16.818896207198172	4.745430714883849	4.986743534376009	8.53697501132609	5.321734691122304	6.736990558074783	3.6803468062918943	5.1566203078152615
chr19:42254103-42254714	7.89695405765141	7.010259257457033	7.16794761173075	7.745685043614896	16.812772772408575	6.098873188128423	8.033753918853936	10.187503798899083	10.710792634862146	8.929718643778626	5.0698341933138105	7.914574362950501
chr3:51388497-51389088	8.782278118624914	6.005357367226146	7.202881744946893	10.223559485641838	16.811612346213266	6.579719958769804	6.42922798896747	6.8584780532808205	7.329823938214228	8.671776137607177	6.643958265820451	6.666389764859997
chr4:78707204-78707747	3.8742593433832364	2.696683185183392	4.832002690275056	2.4573980987677935	16.811294650470195	5.6241320948737386	4.86390300528788	8.524875482201821	4.589891179410831	7.937128669425449	6.6855659153691995	8.535950518395326
chr11:124800170-124800725	9.315029293475	7.195503634307855	9.076016537407147	8.26062461822166	16.805258689689424	7.19286622928839	7.4225614866104035	9.212673159994946	12.339883707951374	8.863890688633006	5.07168193643127	7.518772507548514
chr9:133869505-133870008	4.055755543470019	3.29206561946213	5.883601475037076	3.334510854749125	16.802827921780654	11.06000659141749	3.2928839816002173	7.262009752948679	3.5078870260907595	8.199634811723215	6.182347248908907	9.471862669126839
chrX:16786032-16786579	9.486321738566186	6.644723592406784	6.584374260103652	10.29858388120147	16.80287129926047	6.788648845549159	7.229449899711335	7.7550915170127155	11.119939011365377	9.035165849296368	5.983670908771485	7.066962352498298
chrX:107628100-107628648	8.535184810414874	6.179521232556479	6.5438530873008744	9.454396591492143	16.78297668525925	6.793477216677377	7.199043415588693	8.102114757967172	9.225679878680078	8.76846066179433	5.591713903022987	7.107482626402777
chr11:66595255-66595764	7.722561547544433	7.208447472567527	7.672206131212197	5.016035506598419	16.776258820480663	5.758643082012397	5.544712529122481	7.140528783542518	9.690247331171404	8.99555814388271	5.446137692679049	9.06136262158347
chr1:32650891-32651400	9.444800678875323	6.2278004542942	7.460922514740042	10.277661146905164	16.7740501550151	7.3582663356720275	7.035279545103671	7.125209402536784	8.87979464029499	8.626749714524083	5.943836333067825	6.386340546754889
chr17:4908293-4908847	4.6620442319252735	4.3666980889857605	2.7657139609915853	3.1342707203100018	16.771944792464577	6.880295744735194	6.4087384586991005	7.684967187151699	8.229111990163585	6.421327263484083	1.7534209307676032	5.39894448860074
chr7:150368401-150370362	4.689456071838924	6.71373126365221	6.265792037525976	2.641644038087056	16.770144395017542	5.007340578396715	6.415134887554592	5.032909851054279	5.905592448590503	7.128906200295248	4.316407498368281	8.967994214561276
chr5:76914507-76915046	4.747309446646299	2.7864062804254126	5.082538055733403	2.6397819207580477	16.76216863898563	3.234979822249512	6.489241711160777	10.03407994197607	6.4343814062202975	7.4183274899575515	4.6980566338622936	8.687174561544579
chrX:18425197-18425717	9.330410316016255	6.129683760786116	7.704633727507227	9.661473065610718	16.745221612779666	8.183077953007412	7.107704589306079	7.466861106245572	8.977209120499124	8.472372654916905	5.701773776496942	7.1270003936588076
chr5:154198123-154198641	5.63949042476896	5.240263814511934	2.8209428347344	2.0261388870720647	16.743646958475058	2.544484144431838	6.957529910352492	8.016582017351224	4.341230200949336	7.074099542873867	4.170139258952244	4.9591109499276085
chr1:156337622-156338625	5.93992441142389	6.543979916252746	5.4898199901669384	3.848241503679752	16.736774972685918	5.198569487381372	8.300241617933446	9.186363637832434	7.615909850531006	7.823325724348011	5.6079926813092875	7.578521188647043
chr3:169945258-169945761	3.2732830703085556	4.871108372775723	2.4905918900939135	2.501909401369582	16.735181259456137	3.0109378424329973	2.6257014977824777	3.6967520565968512	3.37626231666417	5.194783831871989	5.581637901172893	4.450521115471493
chr3:127706937-127707470	7.418874658868319	7.719954565244224	6.802199354337945	5.3983219904509685	16.729045271724985	7.623335811633739	6.97378726514813	9.612417898905058	8.362566229442756	8.62198725088666	4.524002211574494	6.705801958821924
chr20:208899-209437	6.680780980324147	6.916134717357962	6.29820161379898	4.378683808871809	16.719429281037087	5.643293572435623	6.56049075029666	10.100975309127275	9.441024392378734	7.584865611595048	4.764676386045526	9.109634808074125
chr19:49640077-49640748	9.755321246436933	5.599980576694341	7.124466623966374	9.789342048516744	16.718887452078494	7.079465668381908	6.282088361380256	6.141173925019887	7.9519315657486445	8.902987635750911	6.63006349726451	7.382797767061282
chr16:78619731-78620749	3.9716169134045796	3.0069786071202675	8.304061109155231	1.3328537287806324	16.71802195070518	4.299021980799276	5.428497703543588	4.272061624222238	7.598062783493827	6.79277608578502	5.652927425992676	5.116039261460821
chr20:492098-492631	2.047268269925177	3.019217325131631	1.6420738951938565	2.6316440857480954	16.6957669182471	2.5533398723103193	3.004417707085403	4.5688972770069975	7.593764168258172	6.409878609231253	6.245204644790789	2.8454359655204358
chr14:55806948-55807511	4.967260074006678	5.8210512479349825	5.097239213662599	8.484854275908754	16.693937340008734	5.48131840676606	8.81696041820886	7.1504298482452615	11.508441193777818	7.911805299954323	6.6874070771448775	7.670919332254633
chr19:41427189-41427726	8.071378223116113	5.302545785053413	6.390846306416551	6.084777318024281	16.69292226708261	7.250474408320218	7.1705095455871986	8.072245758822888	8.533472762742743	8.214967353711236	5.029502805357721	8.235085903467334
chr11:102346989-102347517	9.443933724683225	6.355674310747655	7.018135082314406	10.036080586052691	16.687469634001836	7.528550972628154	6.528287668301475	7.207759739709083	8.330802662386839	8.849023281131316	5.7892351112814575	6.533770274899982
chrX:53683873-53684473	9.083306351698052	6.312241504782404	6.984928938814259	9.216679612027244	16.663611941291677	6.321416642800011	7.212099426984179	7.613834871968802	9.242867334310596	8.9758449737807	5.875551491103859	6.9525163827145136
chr2:201124603-201125185	5.688195250343445	5.796593731332091	2.6415962211862505	4.297847786376609	16.65259779786056	6.240248208922888	5.080476984088327	8.548830444955982	10.30554267066136	5.739280451732585	2.908047031483683	3.5999747984484105
chr19:14059773-14060284	6.427018844697065	6.831675906665559	4.880417054191917	2.233929154326184	16.649259709249957	1.863751818675433	4.105133350442095	5.250546915618668	4.317218412794936	6.0406832048127646	4.930870370607842	2.9374522498107836
chr11:66312100-66312640	9.594804014766785	6.300666554272989	6.494648962638613	10.575084076274296	16.635502533089582	7.162075885189348	7.798824185409932	8.00555533517122	9.17940984021035	9.053289822554692	5.503417706768325	6.648475697355492
chr19:37312619-37313139	8.39135454516161	7.177381881290254	7.3091493711905	5.29145214854579	16.63162512850238	4.164615067231201	7.404401904218772	8.821671909616747	9.907044316449356	8.060334113383757	4.899465531110453	7.711766547684413
chr14:49861460-49862504	8.444826858280026	6.613768965069397	8.558392288718581	8.677927649253425	16.61809890526305	8.519778814677263	7.833395181241651	9.022367516453201	11.682910192912244	8.81593635591824	5.113875909521149	7.522856649855089
chrX:101407834-101408923	9.302941228871893	6.005670523519274	6.4135233326730985	9.775036942688017	16.616260980142957	7.627201977674808	6.5331259506776895	6.971158344358654	9.29997302699406	8.649608708241717	6.181665432427837	6.492133137776828
chr3:129399473-129399990	3.9705074902233224	2.5672443579986197	8.596713098788985	1.568797108313906	16.589828137568755	6.291151703527981	5.440656436916378	7.352566398595613	4.742212240927419	4.8202799473014935	4.939279147862244	4.6327792383706035
chrX:71068291-71068810	9.349093407197065	6.111337542070845	6.73905238008997	9.115056996425812	16.588935963982497	6.972473302549455	7.076362048742185	7.74882979374537	8.631374351078977	8.87871749387591	5.762000580465036	7.215028912963066
chr1:45686916-45687461	9.765762489993284	6.218290240930323	6.722392004324434	10.487164975472965	16.587043190699816	7.486988647061109	7.0373757036874	7.244905983784922	8.523507160103748	9.05987061152388	5.7778639966029415	6.996463676240229
chr15:99433299-99433815	3.4562861686448465	3.0222468123683903	2.455687639781908	1.6313870733905944	16.576516041820998	2.9150709758847957	8.999102572794241	7.508501052811139	8.1198947310991	7.953168837511736	0.1808293782064986	3.598350696072068
chr1:228152709-228153213	6.721562706682504	4.186122327480529	6.841537858984519	3.0992484703496523	16.571266939329803	4.721050846711274	5.609666857913791	6.895878982793948	5.778467743823692	6.073538622997789	7.1625832788045045	3.5074249131569513
chr16:4425267-4425800	9.178300368216838	6.493309995066999	7.145095615244789	8.798523498631132	16.563722405201986	7.056825086540249	6.891921525042044	7.895507623207547	9.11316833525036	8.534682085214552	5.580105197475671	7.040971522730706
chr12:120713805-120714318	7.752713731227437	6.388216987005057	7.528437785632172	5.585494340867937	16.562825399581882	6.5541309325164185	7.537578112008373	10.226135998669905	9.473526553238683	7.877992065678441	5.934117792337636	8.274341002102538
chr7:47479108-47479648	4.0366687054612385	8.192952438805088	3.80555480220822	1.871528376113861	16.557978188004938	8.950815910892782	5.277435514245582	7.294483807083735	5.790740041470405	6.790773145116432	3.091704410084844	4.5163349958207855
chr17:64118583-64119092	3.812482919402452	2.5552012368750985	3.4630167761305612	1.6723975598402452	16.555780271676582	4.049223775645146	4.607863921995444	6.162440510406849	6.615235859335849	8.698513079236522	3.7731363907552753	9.507698697109394
chr12:50166543-50167749	10.163265935665137	5.786636783957281	7.232212862087439	10.39542011670246	16.543256135853213	6.5011367486256795	5.751843140093692	6.0491628138298905	9.156913794246327	8.374307975276949	6.7064430994247655	6.629387621000977
chrX:47232734-47233820	9.386107160042936	6.560331775301723	6.631969553789621	9.57218848906795	16.540618075083806	7.058558031141633	7.668519002839774	8.19144661657581	8.936326492880111	9.041029659255308	6.066645972509534	7.339024895929908
chr19:46298896-46299398	3.5235250848881017	3.5531352287529567	4.227512675482445	2.39778338609331	16.537587026741424	3.283495573552683	2.8008296793035576	4.45780201338641	4.665080388907655	6.532880240755602	5.175025663268169	8.114067193884264
chr19:6667180-6667742	8.70761147255315	3.661703251573515	5.8533332498825645	3.4803404656798067	16.53236006817083	9.851346382735871	9.209021769328146	7.136746522864258	8.05124627295687	9.655642818626493	4.40949550754304	3.9382085838870537
chr4:3202319-3202868	2.941000911937	5.4229791462320405	3.1908994394380503	5.052298920541071	16.53290833549769	3.7334650866413353	6.610557003714088	9.509719492249227	13.411702522265305	6.429573275337136	3.608494886290835	6.273213800900644
chr19:42433576-42434101	6.2541363227904725	5.4603888391592195	5.123814134743781	4.985301939985171	16.52908915327418	7.682066836133765	6.805405733252419	10.09744851873215	9.888328665903023	7.837528397350189	4.317326012452748	7.9954707403448175
chr9:88076685-88077219	5.102847617608831	6.614131008292543	8.013681251024165	3.3761194649063833	16.526902249515246	6.054948384466368	3.2121649932667524	5.576290998288302	8.064310184475442	8.609790638332512	6.030710682731361	8.23087853411435
chr3:50340654-50341161	9.587456521904388	6.418263479925417	7.115380014911106	9.79626186261852	16.52498329511749	7.239595059748147	6.585655735929008	7.111475114323648	8.682683653022071	9.043966209580072	5.555752761660556	7.135116724604341
chr15:45198469-45198972	9.120872344722484	6.257720619849855	6.854782644977595	9.704445109145276	16.514919577785612	7.20376301294765	7.19977990396787	7.965833110967999	9.24257600558939	8.723844547761516	5.542000938783013	7.382435801769773
chr1:234758334-234759342	3.585877653063389	1.6770274944788421	2.712838454371023	1.9526094515069674	16.508836709517173	7.286519224984922	3.885975734417038	5.5103417758058715	5.776612027053557	6.5951125734613605	5.168638432372283	7.821055569854264
chr19:36573595-36574224	6.839050582082256	6.056698619922442	6.39707457863583	3.4287979361552514	16.508869548701362	6.607431307519592	6.720237327141624	9.852117197517131	9.064546974020335	7.177228510351695	4.399113214814443	7.309110758321968
chr14:104162021-104162556	2.8610642487494857	3.3355293515069095	2.6865788622928464	1.7098740656996791	16.5087595104404	4.382277528806944	6.3269111824461755	9.604905809230823	7.676363486313902	6.346209256685865	2.4907529196424054	3.3972034678410252
chr12:57111149-57112662	10.275818580534708	5.917397953740399	7.7329467397951435	10.345377190215643	16.507455039607315	7.073169250433068	6.887888285484392	7.387343485140392	10.100996172505209	8.829141076769266	5.61015629582908	6.473096370401238
chr7:76359107-76360112	8.209126565641704	6.870620812470391	7.078078370876427	7.361166317143597	16.506776498574762	9.424811875467084	7.4950413118582295	8.954139268618539	8.915702029334913	8.621963852937915	5.08546103633919	7.705802605612304
chr9:6412794-6413366	8.81356312740636	6.567502535950626	7.32031408919931	10.382053177264865	16.501031069812782	5.938853883483751	6.496788511241081	6.983031455925936	7.475177493635539	8.958077385038221	6.0931483784337255	6.554474356910482
chr12:54404322-54404828	6.63336340021267	6.30728973797737	6.905830471585471	4.798878604786218	16.497307784968893	6.681878975302696	8.017762966794987	8.207233821691354	10.69885936928914	7.851207197773433	3.8940510538149833	8.26908052149892
chr19:58575115-58575631	10.02424680264459	6.3530952519326	7.666970932474269	10.845653149627758	16.4880738260036	6.900978302640864	7.4924678901612785	7.572973534064886	9.450829594229443	9.901517167989732	5.746015265233535	7.253470951245741
chr19:6260811-6261756	4.795132008159666	7.955529626450435	8.407241954953001	2.201405016343964	16.486666849256423	5.262845885960951	4.597801050404189	10.458706972921663	7.516443562678222	7.799523284185608	1.9315922020320562	7.243806965181596
chr19:36014142-36014644	9.350769875951281	6.311610725457536	6.9498460443377335	10.058038323499593	16.480728957842025	7.049740713599133	7.213790163134466	7.417084133951303	8.73491425422499	8.950631612424253	6.284796836008403	7.266739796729378
chr19:16111362-16111916	9.623499643450437	5.9228426634200915	6.6088496294726555	10.112043808017178	16.479678187048282	6.549447860170569	5.859440428092787	6.2067840669111956	7.1040742166988755	8.890698662109614	7.091979690604291	6.339189505801543
chr1:162790253-162790856	2.3764677815094846	2.7034724524607188	2.003449690685345	0.4239486978358207	16.476836578750387	2.968064253827054	5.9245766575410155	7.988850820131847	9.069609171540106	3.931433522940057	3.5448150597193746	3.6043708160429344
chr1:119140063-119141743	8.946597742273466	5.72557438016381	6.518703873166298	9.52057956279547	16.475643057392155	6.906617920903858	6.67625553755886	7.501508938318149	8.319288474165338	8.69249887659611	5.622075009506463	6.913020894726453
chr19:8389448-8390493	9.481820294540627	6.716855970095568	6.9071139120599945	11.216987059835983	16.47196235548139	6.715072637221393	7.858564680352965	7.745075436416721	9.341978249693407	9.410817222057762	5.538100381623563	7.0577296888542795
chr6:159941669-159942180	5.709999367600054	4.715324734038626	6.442504282576789	2.303958191139572	16.465345490838764	5.867954788276045	4.900188420683421	6.575600463403359	8.32602284140634	6.400985026723372	0.5295393201305055	5.379838225161964
chr18:74242541-74243056	3.355923964967508	2.623578880485668	3.9492675449213173	2.715507489007047	16.463883165689865	2.6704721504909763	3.0197238553391417	8.532874174217804	4.26699822084196	5.8329169286089915	4.790870563079534	6.360063990702657
chr19:48992730-48993750	9.519532637917523	5.780287967959851	6.870610812183128	10.395947309581324	16.46055077313711	6.933782079086616	6.144294107835594	6.220921079561739	8.04972451343867	8.546076521361961	6.497502459356677	6.27376699692839
chr4:70842718-70843408	8.946623515925156	7.147774752625065	7.053797748843293	8.630946018952654	16.451021579689098	6.440633318703852	7.454515461238666	8.028173921465296	9.262768596906787	8.970975250347756	6.495316304782279	7.24592197333873
chr12:7832056-7832573	7.8311064277260165	6.360410255230565	6.090031519479659	3.8304939170559553	16.44131218660878	7.520138172306468	6.998091226063453	9.208736025107486	9.59835093346492	8.019468283298844	4.573160071021507	8.070332635354152
chr10:102713550-102714086	8.517155237613228	6.499171240241523	6.987278808074538	7.939783629025022	16.43446189996958	7.030446930063064	7.172953739754284	8.731388774188003	10.18034249097146	8.962543281600299	5.224174290072819	8.045235745745094
chr1:156757454-156757990	5.426538130873548	6.72364818204969	3.488521701679732	3.404954244869516	16.42472873424006	2.7597715441415156	5.539860192830975	9.124675243189015	4.983534061342156	7.7643187399847875	4.504275531896066	8.309387859746662
chrX:23907692-23908231	9.162956766659576	6.5476817451046205	7.208506420812604	9.324096945139676	16.42350206773264	7.255685915294857	7.2142921944749325	7.736029495381007	8.631692605051843	8.993080773670604	6.045893420519853	7.433242050523786
chr2:30206591-30207137	3.9769709819815917	6.451279802226834	5.559358037245881	2.144387514564184	16.404367399427834	5.04194810794717	3.3625066323338877	9.229098701721908	5.195076857520875	7.522429547592633	1.3431959825404858	5.635951086688687
chr3:123025881-123026394	4.687023664978732	6.007604941499855	5.763627973403891	2.5283776312952573	16.405110293331607	4.313488815510102	8.535982233791701	10.03871523145239	11.635453499250179	6.837855769504558	1.5679819496908345	6.661666556008393
chr10:76303668-76304227	5.220405032752297	7.491552712998982	7.1883626361909805	3.0804909975587975	16.397138168260483	6.66821779199722	3.886618841937887	5.75788241023152	5.456260948339363	7.764868414493829	5.256453357627509	9.260666977335998
chr11:68128633-68129152	9.174148377508924	5.664663316776348	4.259465073215919	3.4608072251822395	16.393594863787236	6.435277205602482	5.094299074201105	6.662954182125536	5.313399762558591	8.322222703360561	5.821273970286563	10.242820670045962
chr7:156949416-156949937	2.7974119059001943	6.3649731801423	2.8569825790890895	2.9459848883496873	16.388328821012074	1.822717004436253	6.546019520977337	6.614992666177458	4.5097232507263145	8.334976021734377	4.921820289164775	8.170075228656009
chr19:18322235-18322765	6.186224444707331	7.298528095068528	5.1272548769473305	3.9670183225429376	16.388434730093447	7.053745866548513	7.621037212364274	9.033628637583774	9.04434228606093	7.844665954807325	4.233333417420182	6.664271052569704
chr19:10230817-10231819	8.394448683301169	7.283675204226122	7.707221814084426	7.738979863975534	16.379645997291863	6.3952096721463185	8.393518821246184	9.983541313242892	11.341142029527017	8.851425659550598	4.78102540788376	8.63350887005927
chr1:154941256-154942339	5.906619789415209	7.70356842056615	8.350832908486703	3.9201445790461897	16.374530669367434	5.369991210469118	6.570189220054917	8.638792403747363	10.417697898284825	7.682927196721435	5.338114246813555	8.502040471442077
chr1:248913815-248914427	8.89299171124747	6.808917889128739	8.023558922997765	9.89351980551095	16.37112766296511	6.075966724275452	7.268799599381883	7.729825257147488	9.862430528334844	9.413535013331387	5.970148317332637	6.928732535657409
chr17:29293984-29294505	8.529355031553573	6.033108143519877	7.594536723564504	10.710444025061438	16.369011739797223	5.37732051432009	5.626947864831124	6.9289046254980535	6.601637771596844	8.531631066489043	7.645661830599618	6.086138852525448
chr1:113905446-113905951	7.739991258792545	7.026514666197825	8.217099178241373	6.265791941583853	16.365148688863577	6.1470183947522505	7.4379138838494505	8.899598999132381	8.939395199539733	8.259622388975586	4.359022352049043	7.503048208735613
chr6:33112110-33112613	3.1759800327538117	6.15556052840003	6.773406293199353	1.904285647220664	16.364704636219415	2.9576465083550416	5.704735156176113	8.95160767016695	12.754274553891733	4.415479382022813	0.09730848838140792	4.0806056618267625
chr17:49556227-49556737	3.98818334406209	6.429934082104596	7.644730985019272	0.9904223542806178	16.35089279277294	3.2731657235134195	4.196747522577509	7.152042153379965	7.139692694457958	6.61461167705815	1.1618790293321757	8.068592693763462
chr16:31128702-31129220	10.482972193228353	5.278139221008437	7.217537510746562	5.158978566530524	16.344714389324842	10.529269879166833	5.974484677807642	7.0583710807356095	9.637880978470353	9.69218051573788	5.9860087308620695	9.662894170522218
chr11:15969269-15969797	8.527456675771385	2.7538489292176846	4.678347534178197	1.545551464487592	16.343286271555204	6.082870893709692	3.5443490276922467	7.602210832386143	6.143778730078254	8.22627451006809	5.201075056864632	9.699985084283561
chr14:73886447-73886951	9.11563418720908	6.538156144117779	6.310761041080228	9.07543959721208	16.33894909816766	7.21219021543026	7.236855629013373	8.197926549272879	9.274630362202304	8.485689501833482	5.76994092413672	7.254329294271648
chr11:86301950-86302481	8.392422335629284	6.94229281453116	6.826630762837701	8.585964445046383	16.32706690635139	7.18324248492772	7.564017186285216	9.153661995574083	9.557712951211574	8.180475940075834	5.083243922105616	7.349112557741025
chr1:182618009-182618552	5.0265395010386	7.330893047136714	9.088424641181868	8.067106833405612	16.31669300338299	5.58497323423337	7.9934790843579835	8.7596882048123	9.855722549132045	9.411921741464045	5.52800699464116	8.727371586992685
chr8:143401101-143401604	5.544472029987049	5.124954798058514	2.7444087072777563	3.255148517189008	16.314966369215572	4.599202919517818	4.652526160320691	8.435627173378839	4.85551483671919	4.96836386778222	3.18413610384091	4.5799332680719935
chr19:39320594-39321118	6.578744491387849	7.114493800332134	7.788479426276301	6.2053879692920395	16.31472364645064	6.909784117170761	8.095893412625568	10.45461798276653	10.891089332718018	9.165429932413547	4.566793257374724	8.413468018785114
chrX:74614413-74614924	9.070256042245408	6.346580777781816	6.186894301063566	9.442656709234452	16.31277752966878	6.347497063478935	6.819170281357705	7.757604617982802	8.697858699024511	8.547321756967731	6.042547397386049	7.125675301363481
chr1:22451569-22452928	9.624633877644275	6.179860062457228	6.351000978148215	9.704256396407361	16.309637029872743	6.8242722714936495	7.0036314463594795	7.313654561759016	8.809006838344617	8.6726417766111	6.1904984231906495	6.622525388043004
chr12:56315172-56316870	8.702361430166377	6.518102682619773	6.6258721817600295	10.32045412411198	16.309430292248692	6.897595430638737	6.900916043113153	7.095647653133348	8.12293209377695	8.619732738683128	6.6257990397918025	6.041737306341242
chr19:8340415-8340934	5.801150687638999	7.231432861201887	6.913210369962579	2.509124908535017	15.51535716074712	6.54626884381802	6.7537365468161505	10.733641788437916	16.234583446308044	7.412400899186131	3.19468550468079	7.617671160180035
chr12:122980418-122980988	8.31947932977827	7.0994441230295315	6.9207327192551515	7.184685571729757	16.302782033037776	9.537560174087563	6.972728892412723	8.33818597334511	9.563863429081973	8.170594438940759	4.914883354430735	7.5023648740925015
chrX:46836575-46837103	9.06489647014908	6.616516438959477	6.719568570304716	9.144000226861646	16.29695959117238	6.990520918383881	6.759452583180988	7.846816166853253	9.307189374507127	8.55990588000319	5.849420627366597	7.115339963867792
chr5:112921354-112921910	5.346227688543439	2.700466285030289	7.345330104862544	2.3949486525657835	16.296598397310618	8.76126990115964	5.847055329229009	10.278653147449381	9.687247564458206	7.528084700495426	4.726559320861392	10.362381547246382
chr13:99124896-99125426	7.37117582849816	6.919617444216442	6.942217482699707	2.738151967816589	16.289545751069088	5.466954405590285	7.964886653592156	8.43026439611185	8.162957554478394	7.784035650077201	4.86080953034416	9.344642474729572
chr12:51403754-51404289	8.716193226502075	5.783685094500851	7.990122679393697	1.826836930036205	16.288917943020145	9.731818335275419	3.4944175368873074	9.923607850939199	5.78398989516153	8.494113874123233	3.7349690843951127	4.873157221443121
chr16:88802134-88802676	6.394141599325666	4.290121455652533	5.711481914893115	5.327981170111309	16.284453304032862	6.201758038140256	5.846887979884919	6.978713390573281	6.283464703192419	6.3776149319483375	5.296681123956276	6.407859350512487
chr3:46566039-46566545	2.7727018730956536	5.726531785498728	4.51852455660808	1.2472501862682324	16.276373615395844	3.964107649726448	4.590368470395536	6.689220209526413	6.194618326591219	7.845824709439145	0.9585897735756355	3.564485497808871
chr11:65112430-65112939	7.205988883588135	6.665704482126708	6.432521909512241	7.278598459668362	16.27270847748827	6.518485440682351	7.633462912020536	9.38363920192147	9.742353679205747	7.996359192916971	4.310706912453857	8.196073435021948
chr6:10749668-10750178	9.70370855783177	6.429166777867444	6.965468964873124	9.893643561918767	16.26997328648698	6.389127183707887	7.170510411171315	7.332077430244321	8.230167085473129	9.051131223028026	5.3126453587193305	7.266464686846872
chr11:76836237-76836757	7.5091954310717925	6.019700584285077	3.738025755096179	3.261511391221697	16.24893018580131	10.367918709708963	6.3377870495865665	10.211405917211026	5.304677056114453	6.042541887703647	4.416479607311794	7.7726730134984665
chr20:290221-290762	9.038793642336111	6.523935783701817	6.983484746232358	6.497144670495996	16.236968925250302	6.8646525040764494	6.9150614944998905	8.742652625742734	9.360263424798971	8.431267504412133	5.080749067558576	7.568351238036945
chr12:103680598-103681161	3.839435368480189	1.8284351775717562	3.7453014638752395	2.2847692030507636	16.23674833770551	2.992014500071426	6.161685457701544	8.08755666898306	4.6457421520389985	8.684819722252081	6.469840551319697	6.194432838085755
chr14:55122540-55123067	2.182915156859205	1.87367758495018	2.1366299521517575	1.0592786819253643	16.233177797978698	2.7774495240829022	4.835441482254428	4.16193935605466	4.605886714293106	6.7996914537586655	5.639798024963858	2.5220801565679234
chr11:86151270-86151809	5.404335902354623	4.5496374301607085	6.816491761449688	3.87583984209341	16.214833397261767	6.345718526548725	4.91158040593097	4.895379194387414	7.554143549858637	7.876940345499459	5.509600952197438	7.26538434008401
chrX:30889101-30890137	9.033756078993765	6.593163066497221	7.117570239625659	9.823051696898808	16.214566723269122	6.4906815611674205	6.944801812726061	7.670806373282764	8.61646642019521	9.260131339680596	5.89470339939986	6.911436613257562
chr3:123723487-123724006	4.002481657578697	7.211132074635731	5.5072480971839886	2.2623822787922765	16.20236354372801	3.8763867004530037	5.351572576304532	9.33122808581763	10.824680588357797	5.251146767811526	0.7701284506486675	4.224969816243858
chr13:27599842-27600347	2.9835824295990254	1.63709992396596	5.610005187055135	2.741008707909851	16.20075748676485	2.6851736056861824	4.4762600223898685	8.146602146222492	4.687013300605392	8.590068747043674	6.0471249711699775	6.2958647772411505
chr7:157292531-157293145	9.564555026360908	6.486361392407749	7.521840679799606	10.150023082169158	16.200162460166993	7.604819961178004	7.133186380427306	7.30223903965746	8.650948988297104	9.179616594934485	5.913148131232255	7.442325325982424
chr9:35798578-35799141	3.0326001632181363	2.3021277355569576	2.6018648808081055	1.8543346177897908	16.195758766218283	3.295775994362097	3.7209976156861777	10.345333118267455	5.25102192139912	6.695886361177934	3.003365132656243	7.466138494509189
chr7:100894701-100895714	5.5559585503592395	5.628165974448862	4.7222597972374665	3.199696607660778	16.186791590551003	5.366229830477973	6.022032498103748	5.592738765341188	8.460545175144228	6.755297321246918	5.534034487343302	5.82262610080489
chr16:3810161-3810800	2.9832504352599707	2.8212437633098144	2.499505783790165	0.5678742972216281	7.836894794379656	2.547698664153306	4.486770627898359	5.021535513396739	16.176888399500974	3.7079610189345313	1.5490587711188164	5.547530252420332
chr12:32000196-32000786	2.4612268440364624	4.276464602002945	1.9862438146015802	2.163204552141878	16.1724123743767	2.3463539449354145	6.285424906189603	6.102350531151574	7.400765452479018	5.035911289456935	4.746465505204643	3.4081128798913767
chrX:53081991-53082534	8.29098989478855	6.09844455626505	6.364550194841871	9.269515203961516	16.17099329602156	6.221197628201905	6.892501154471097	7.634441944015535	8.453374039921822	8.52241597345066	6.472263000652345	7.051938369752782
chr8:96333064-96333587	3.699663387449882	2.504179720030521	2.4644813900200546	2.6703230008850594	16.168662382711922	4.289455007083178	4.9298599409750485	9.720997930203849	5.688031018839201	6.74973099703292	1.835691173177256	3.4224209740728755
chr19:10898250-10899014	5.396946035795148	5.896482463924182	4.0371163011636675	4.51881810288217	16.16833000071097	7.92527457621136	7.170083775242158	9.946275150596751	6.4759861405709325	8.04572870253168	2.816348398743151	5.372323917473929
chr16:28321640-28322148	8.486062808644762	4.367938873388959	5.725470747497298	4.500104907735201	16.16587498166528	5.245610305498071	7.020185460520135	8.74343816528824	8.293759251303516	7.455292494453592	5.362495687812318	7.906678670214895
chr19:44890530-44891847	9.046495281546706	6.755129762364084	6.591788214650365	12.106259222893062	16.16396973492372	5.481505646035691	6.393311027507278	5.270179776171828	9.0656562584022	9.112151967160067	6.596313546311749	5.676889808590586
chr17:7496759-7497823	5.608065537490777	6.382409581683845	6.121297625172366	4.2130413273919345	16.160513814538948	6.115792615344925	6.619492751583495	8.89502611742867	7.731936832311927	7.293528162115549	4.746286808757273	5.996495954445772
chr10:92573584-92574218	9.206396260909136	7.1384648548368	6.131436526172703	7.537602799228724	16.155156840038156	6.917748863406707	6.900141369194789	8.030562136083608	9.551645118094244	8.727037875390604	5.458478842031913	7.892932254755056
chr11:66908150-66908680	2.1957236253499985	1.9485582907789405	1.9323106888842225	1.6977957769132865	16.154382067050918	2.1476314006737454	5.7440982765466195	7.148806538652027	5.683470675038028	5.6961712546445575	5.604363341426725	2.554982131968317
chr9:127847079-127847583	5.186031102147916	6.886050291275551	2.982790059471347	3.0689115096254627	16.146407743039497	5.5052323646702375	4.557578623576341	8.927688900337852	7.270207965864361	8.252861197211205	3.5921635127230562	8.712843781836485
chr2:65017305-65017812	3.5920823582524712	2.9317442467239805	3.9503324303047265	0.8271003973809442	16.130628856357227	5.5472962245452795	3.712188155646071	6.8349785600869515	5.917601287495288	4.246989102052571	3.303144138312235	7.743654678776935
chr14:64824428-64824930	3.9368193484187834	6.367471542279014	2.7312744018370707	3.519674479339427	16.130610927462463	7.115443538765593	6.121710188281228	10.029981582121614	10.824512445614811	5.520864328425868	2.557065220634182	7.670294412786715
chr7:140060676-140061199	3.6879424387558855	3.130576660867115	4.792249465261157	4.659635117619713	16.121876542192062	3.8830329085833264	5.593624965954318	6.256000477808895	4.6645422589613235	7.8095307858914715	6.127407778801333	7.39411941869272
chr20:46215858-46216381	4.388568768044266	6.519936058688263	1.9693781418993812	4.101397905236449	16.12225645172443	1.9656393776649472	6.323444270049881	10.04557939944407	5.900174096390824	10.16837373237741	6.458911504449059	9.74753108355408
chr2:96870555-96871081	6.4116133525388745	6.078609606726522	6.736416511608052	5.57078366554033	16.118543234877475	6.56947591998827	6.454657594623571	7.0782249393261605	9.126955806397367	7.682095858043168	6.364764367542817	7.389145558036293
chr1:27916836-27917381	3.656725221597767	2.9040412686698924	2.212257570906834	0.6380172137112335	16.11744418125811	7.028437321950353	3.813118275915784	6.167698140839631	5.200961271689113	5.198680726607686	0.3968409409204883	4.654000155613002
chr12:107503986-107504597	1.8996548962505286	1.7042857742237563	4.210442237944001	2.2921380415323487	16.10735320628672	2.363409535623896	3.0219874558190476	6.864339827699074	3.604683715002729	4.604451100337078	5.936300743714376	3.4982802199203693
chrX:19343568-19344075	8.698206194477553	6.373249112274298	6.931411497012315	9.14504632321923	16.10620940857128	6.780902137923828	7.1071916842416405	7.752994972181826	9.029811994638825	8.778204968209277	5.626328249171172	6.958108493070279
chr16:30977367-30977876	5.376510851652602	6.847685545256958	7.600173773195765	3.1042998200258176	16.105723876282518	3.721278323354541	5.7816830922034494	7.313510879962191	7.199222240097829	7.232385388146599	3.159226792504226	6.565961559892001
chr19:912916-913475	8.603268626777906	6.720165045772592	7.099377160449229	7.157896157889109	16.10518168499304	7.558572509442993	7.687711367474694	10.047279360835265	9.924840565946058	8.891253247801167	4.728275392190031	7.541335297797587
chr10:72273579-72274121	9.278292053931239	6.193873863176056	6.488773479010292	9.863267811207807	16.09822782307184	6.480927216608915	6.708474583590242	7.353819037409256	8.672481750631146	9.609368456384233	6.128946639787281	7.184782821280761
chrX:44872709-44873248	9.22543502874207	6.742638610355778	6.257232691322363	9.793756959284899	16.088566226072786	6.672355417039917	6.748020984408968	7.262229398864896	9.371668654240533	8.499720855780689	5.672517964314558	6.2296154906192305
chr1:70264740-70265276	4.7254421188244145	2.6392172163587975	1.6991909143528519	3.518790270049809	16.08032795521238	2.5124245045790907	2.733513710973767	5.933994882997834	6.932827400885566	7.493616409560113	6.5108926219835705	8.445601051453583
chr10:68527303-68527819	8.771063719390048	5.975683369032716	6.013513834803668	8.508759407104053	16.07600652951958	7.465079422300952	6.3958373253513825	7.143570753199235	8.064260020773444	8.13901294654325	6.4368082870288434	6.5320469696838614
chr1:168312800-168313657	2.016007304646571	2.0264020637683866	3.0883685295017127	1.0618578945258543	16.069499694780987	1.2732471462632544	5.600217148645018	4.340059867774171	4.0539927226099435	3.512019910053081	3.3969614104490264	5.716860231481989
chr19:45885931-45886434	8.93035833027524	6.907722871687044	6.4245325821567585	8.25166518398861	16.06603752037144	7.048217752158297	7.641556920997428	9.220650049627793	10.024084447295436	8.87578635254432	5.058922551080405	7.291796192807669
chr9:34139647-34140154	4.88899020590939	2.418561418661999	6.7794259285680605	2.9601174467444795	16.0590528138251	4.748349941702431	3.034930870924614	7.36861703934272	8.07334736819963	7.890766267664777	5.042506150818036	8.433977309964957
chr1:6579683-6580190	9.139524421156313	6.3309524308695	7.560957108497684	9.762872876999971	16.058584239956748	6.887174941200908	6.911924102933491	7.68278097433461	9.128937133494874	8.942017896615898	5.720515138965166	6.930436466103798
chr10:109923244-109923779	9.238905426705106	6.711805823361993	6.42933203479015	7.948223525729518	16.05794429697762	7.580257558805962	7.469280007196705	8.361548978944432	9.779742028795187	8.886100126376775	5.709108393091482	7.676980025420619
chr17:11997268-11997788	8.669076723777936	6.2687759238297796	6.266079233533845	9.447036611514557	16.054203610827184	6.680034676215985	6.564889458492942	7.221550779566579	7.435843265008557	7.377060746477682	7.8717320536503905	6.169341628961991
chr1:2133087-2133620	9.897106367005115	6.17052299242235	7.0415036217322635	10.078269496094395	16.0479136801776	7.0451672591504915	7.084429015960324	7.726238327218457	9.02226474322066	8.92317835522804	6.074432838202769	6.9132223296440385
chr21:32468498-32469100	2.487154324439798	4.596648807611529	1.0787793841867586	1.7226768657589973	16.044388853307694	2.3984060860076237	3.766275108818709	4.184746061003398	3.5971657959862933	4.616633214740525	5.099712106152369	2.063906456701554
chr12:110450133-110450639	9.162610389155217	6.83958720239713	6.624969389678602	8.957164152240535	16.041799775618607	6.61417082029632	7.364334817930078	8.313313756805272	9.179006075942024	8.34224194703141	4.726081408578702	6.916286997495449
chr19:44113079-44113582	9.243331525438764	7.8370423634616095	5.566867144814622	7.637017013439496	16.038485774163014	7.2286544788752405	7.3845121629598225	8.825246411813959	9.448516960326332	8.252373852900886	5.082368851223576	7.547374059902842
chr11:12199175-12200052	2.798215551884749	2.5005819372156135	4.187842027540014	3.2205659013495307	16.035555838824735	3.957320317355794	5.342211321495241	7.429434338751968	9.469426545779685	6.414686981349355	4.973433606404667	7.542917829800397
chr19:39970768-39971290	9.75031188045662	6.439761309302001	6.592763960275572	10.338556550329026	16.034868701674018	7.241581118530629	7.1244324180485	7.588525710063371	8.835711276668905	9.181567892598359	6.01308203243246	7.197481669398545
chr19:52993429-52994006	7.338428344471286	7.40380820834814	6.397893980075453	5.697463395057722	16.03224477466995	9.250014962830182	7.762465465541057	12.456600550818308	10.208311872300474	8.723428846112343	4.039360571856566	8.198210775300794
chr19:1573640-1574141	2.488464007836091	2.6415210688863238	5.395570592602058	1.5515191865482398	16.019460999868986	1.9944683322735195	4.176448168561143	4.638294007096779	4.695771381234628	7.2826358175186705	5.769909973977695	5.281960065355242
chr22:20093707-20094299	5.465460782539536	2.241793243746541	2.726006445075398	2.181524188937694	16.002834836060213	2.347467818379608	5.38278208318546	7.322339316546361	4.88722787577521	4.938983834511554	3.158801951007552	4.625820489653322
chr3:42061691-42062217	2.8541719933172645	2.402148097559473	3.5903410625535384	2.266807095677334	16.002606121933606	1.5986157193879864	2.062190387667008	6.489854227573466	4.072190940562365	7.5903089248354085	7.830814724315968	6.833411004911649
chr16:58197918-58198432	8.04184435202058	6.710764799594482	7.063711072807829	6.961400665672313	16.00029354819505	7.19883341372025	7.456533747767476	8.699895510655884	9.034002471713935	8.461947292383694	5.088914757614721	7.89563342476437
chr7:47149339-47149894	2.67836435154905	6.391780355900204	2.692494868277225	2.403313026553027	15.992994962367339	2.093739083679639	3.013419434247247	5.75226627181512	5.312613145982743	4.671731373731014	4.062212793037344	3.359177826790529
chrX:40735544-40736076	9.231251676422104	6.384976542582066	6.953701354798028	9.738583232575838	15.99257570624671	7.1611999990840385	6.95165583356774	8.215148376560146	8.573726325362397	8.844307955785542	5.799032280613136	6.545062428171254
chr3:52442617-52443229	4.187077615045574	4.484981054157632	2.962522499897178	2.0683598727235357	15.983292486112381	3.2650614462325285	6.362499050199875	8.059780184973311	8.337122152986549	6.863341186667253	3.9523834111103375	3.163807134025822
chr1:67685764-67686313	7.437332487996612	7.9029039160764984	6.267488006309021	7.749355231240563	15.982759382488169	6.002775153842455	7.12370023123106	8.333437060202616	8.483020191635156	8.233221406146027	4.57384382351757	7.127302246781612
chr11:844584-845085	6.32819764364832	5.498746503553134	6.154939874917568	4.547219251861512	15.978997566616991	6.26599616483774	5.060084423984279	6.647293435119878	5.9643299195306385	8.655855100442926	5.964052818526704	8.844554796717732
chr16:265583-266125	3.426564330781627	2.695965269038852	3.83460074069231	2.3886715852541616	15.976072944675206	4.516266546373877	7.12755490929457	7.155152715017561	7.1488118176199285	7.347648094322491	2.804254189523889	5.416611265781339
chrX:134373018-134373534	8.285386363638363	6.438135998528321	6.447005935388608	9.042619690236428	15.975614928804724	8.230316127470712	7.029741263869971	7.981083235582176	8.622634662415237	8.4319515888347	5.88934145797927	7.140357217656126
chr19:17293943-17294448	8.023597931150805	5.828662001777131	4.397944600422646	4.1184374185680985	15.972686777884583	5.666014176976139	6.956515800375659	10.247906141803073	9.464051937777057	7.53074906738544	4.134303824172874	7.49416070188499
chr22:50146732-50148098	5.332458481389536	4.3609328314198	6.007646413178791	3.6625384330329886	15.969788765263981	4.838720979280907	5.009962671266807	5.234640229065074	6.769505555603783	6.7384632761222045	6.749499703648404	7.714644755247359
chr1:51284424-51284985	4.928344619159128	4.307851559705919	6.226315468768403	2.1959089785386574	15.967997582672902	5.440517054017461	3.160772808902225	5.225091471418952	3.1772588871507126	6.930279518526531	5.911527389686506	9.105695468373513
chr17:28902202-28903365	8.85906486938365	6.630748236355286	6.447399988531451	9.927194277498494	15.966389627499463	6.101081976964187	7.216566705168619	7.415564410346675	8.627839853574573	8.905408975502391	6.185313069898105	6.8746742420032305
chr1:3856127-3857781	8.929459076007278	6.942497745634186	7.252504033703253	9.243474105529025	15.963801108192165	6.553017057949689	6.799652697034209	7.536739179796768	8.698137484978222	8.618065414927687	5.514325340750018	6.744720072885352
chr20:49706481-49707006	3.7944147803657997	1.7945281459608236	2.4237710541257047	2.854111845955991	15.96318062784845	4.673368529646032	3.2497295592531383	7.68903651207185	3.966138543346141	5.5018191210754175	4.9769974576905005	2.532935341535283
chr12:121326933-121327483	7.956636280803139	3.682664203894165	4.361950693855214	2.5136553786332474	15.96249617943064	3.7717512996666986	5.042010539758289	6.015137971297178	5.516377624083119	7.536211061973727	3.8514041789502187	8.76832630394753
chr1:2227561-2228080	9.441630094063285	6.171790308536028	7.340535962792025	10.436920245952736	15.955590232428621	6.889751148007466	7.162932316746279	7.420977626348843	9.001914668191224	9.287872770151207	6.271464383084309	7.6794027794397435
chrX:47192841-47194005	8.918079702996282	6.872957769561416	6.681130822593315	8.84146647641392	15.939335432053358	7.024654871880804	6.152683201184974	7.18198311332274	8.442889411580374	8.51541080929005	5.917110839216602	7.058998904334913
chr16:78993265-78993821	2.4433952880136665	1.8922607774313627	1.997605428462695	1.6575018992000656	15.937253330609563	2.2496683654995637	5.45721371430392	4.91482970204538	4.425487002263858	6.051030769236497	5.763409668809259	5.1488870108703555
chr17:2302886-2304095	9.671959956608722	6.077693307088127	6.485179578796681	9.73975159170704	15.921368572250477	7.209454225942754	6.8084970207508135	6.903291697294694	8.758389496198411	8.83549461832976	5.7697864761272015	7.070432205677791
chr7:2845762-2846285	8.971294968286161	6.1766638733753165	7.28489797670295	10.276456485144825	15.917888816574814	6.1599913915565745	6.084103078323707	5.987756263769413	7.142544536341817	8.643427155172303	7.334500437908269	6.040964887205868
chr1:54212726-54213226	1.9916301240542877	2.891262557249386	5.649684753042609	2.5445070431322994	15.91207715097677	5.729098751816619	2.983063671954819	5.546593380806224	3.338003754587944	6.6957205874065115	6.139003688504958	3.1884650768476934
chr20:5486420-5487088	1.5349006853999807	6.21493627429868	7.034828561591263	2.2698094662954196	15.909230394824332	6.9240782146186985	3.77329846686642	7.735313838953129	10.20378614605665	6.746949394191626	5.431480246169239	7.469180196172784
chr16:4693302-4693816	9.079945005369517	6.106269153987711	6.958727957720062	9.603191920942745	15.908172566877896	7.517624742898767	6.713381438623526	7.282593684642981	8.29984876659429	8.50078923758054	5.74551740383138	7.0472501273902575
chr1:16206447-16207939	9.145276813435546	5.718502674993205	7.054337214877534	8.940727905328686	15.907954544871625	7.029643896968	6.407507942676591	6.53523791311225	7.408339872315744	8.368221898026327	6.074064191419453	6.682682132567155
chr17:28860244-28860779	3.127276623186162	5.75143494392916	2.5793801344293747	3.4254401362550286	15.90765231161039	2.079193858661453	3.8514706693371585	5.78367134534838	7.40206006935722	6.21426072330741	3.383000318138257	5.922292543469976
chr15:42508161-42508679	1.7116809691683825	4.248855492208506	6.96401056979353	2.3512982034193675	15.905679596620537	6.623938073717306	5.190146252625332	3.8693236923000405	3.3485432606321206	5.746087754152448	7.553272098320099	6.085693749247835
chr1:45687902-45688907	8.704600681505704	6.6766161829407205	6.723224938079679	7.2839150057393	15.905979067605637	8.272655566499271	7.035330084971987	8.394712329151076	9.615169815148763	8.247477304317544	4.813823781570036	7.207222783023248
chr9:137310568-137311903	7.264370858921684	7.354201828995014	6.648132524981444	3.325964614573872	15.899335775173384	9.425765793137446	7.125517300687663	8.711751478390058	6.819312793529607	8.466853612667055	3.4298119567427925	7.937801441511487
chr19:42566821-42567372	7.382421863275333	7.410965428768969	8.003907752606843	3.9330538463286304	15.885313523368945	6.769264869245732	8.667329074834516	11.515313278841722	8.478383823241467	8.294793160615184	3.5452968437267516	8.747980606705251
chr12:49059349-49061120	8.891293861883737	6.642534646057182	6.8026685205092114	9.02251265595832	15.882664273456713	7.429845089146215	6.616708015899532	6.937824160577291	9.423779406250782	8.146111038347305	6.207371242599833	6.3857136564245565
chr1:30719119-30719638	8.588628457371037	6.987490539083437	6.822001437112162	7.820788424539829	15.873573070361013	6.705782276758675	7.291511756796326	8.88647949280771	9.843720867231296	8.999652007007267	4.653540322244668	7.563694042744339
chr11:65432877-65433409	6.5868489814778135	4.963611641339112	6.016847901158167	5.849292939974361	15.871850486539024	6.61156045946299	8.162609062099378	9.769554846991694	10.330689600735912	6.975668511565862	4.341107096741517	8.04828422872297
chr19:6392674-6394246	9.234957237275726	7.1788843535691855	7.094560596047461	9.328729190157844	15.86065355988022	6.5814197436436945	7.16655028690319	7.573946259446476	9.126112207102075	9.034804051522958	5.810370592973213	7.30631587434195
chr9:93827314-93827867	6.208880891993426	6.3244398363036085	8.28649613748562	4.412881885228736	15.856632903250164	7.695982204149377	7.377162492930914	8.476821075994899	8.855400890019423	8.634806796333844	4.629609232919398	9.068535757284856
chr3:53249380-53250407	4.682281670659325	1.5792943265363597	5.674557265455614	3.5069681889458506	15.853204799136753	4.760360282828517	6.031692438862613	5.431270221361194	6.689814029800839	6.370506519513222	6.07417827795204	5.33966063284857
chr9:37905150-37905688	4.681926837642286	1.8601183892366373	2.743858105092651	1.0338924310589195	15.848913960616885	2.882472058573946	4.3285083342854325	5.254610996881541	5.022132598702544	3.2942108481619456	4.261829755827874	3.035277672323442
chr19:16471798-16472318	8.150094360715316	5.799503831842585	6.478923149341107	8.476777537577107	15.84305141294953	6.146244787600357	6.383051784578598	6.747457068980609	7.61302195615253	8.079519921802937	6.391963609067164	6.712118100039029
chr10:34768556-34769056	1.7536511348831705	4.066359761589721	2.3061881299818108	2.2472312833134986	15.841724029706636	1.7762098171194325	5.768128823874138	4.547562762672445	3.8702281172134754	6.423030520058085	4.221294935703249	2.6152167688938266
chr19:14117664-14118173	9.581935868794211	5.881654440420315	6.917519594641039	10.531392665514652	15.841940129134963	6.761604615180675	6.583004124002044	6.5438039184140075	8.232329679688366	9.128837654185094	6.144644580587231	6.799847578782322
chr15:89362223-89362732	7.996886419869037	6.9543309875584765	7.029351911577701	5.140973478515995	15.837839084206697	6.303552887316153	7.218469496017163	9.365426601811519	10.51890834005913	7.856484586453085	5.160684778120389	8.286791342136551
chr1:24745491-24746534	10.166284669086565	6.930189678836274	8.300016563625181	7.025379154537227	15.829350450050285	6.264074604567796	7.342106323530888	9.53958036136181	9.476765739706968	8.54728315169842	4.537520940843864	7.54295080148754
chr3:49028652-49029163	3.7991381420594643	3.406905259007909	2.963286967288431	2.468913187911995	15.826683048241764	6.489151807993762	6.300706711219602	9.624842980926669	7.944083057631437	5.634452501832856	5.724868654084012	3.641958265305666
chr16:87721541-87722053	3.9208173461592897	5.177152666149204	3.601231141377443	2.4589947869777746	15.812193294975938	2.3911084112088288	3.0115541136445674	6.652764826113554	8.026134618052897	6.312102882517222	5.227495136267434	2.916410489990628
chrX:154762438-154762971	8.580601540329933	6.2412139429900355	6.703122292441901	8.961354960371674	15.809303863488688	6.511999597256635	6.79350791953856	7.700226394004302	9.89126132099009	8.489731124060121	5.790066125044328	7.020288117896907
chr19:12969501-12970057	6.241745718978865	5.24146492253161	6.296456101402152	3.9895794366645614	15.80639968482615	4.460119977574251	4.5352628126890995	9.204560614231063	6.941915934934888	6.374851077583978	4.09896319317603	5.880233592320473
chrX:48918229-48919371	8.14946404169039	6.45727757494671	6.525947353089536	8.90347437163106	15.806334233726824	6.4243449101133345	7.015444334097226	7.769754650090937	9.570496519903882	8.421332361960111	5.69074418079918	7.143610344061138
chrX:16718867-16719878	9.246049477460637	6.459234381346473	6.327775796253256	10.185655864909211	15.804221982218062	6.493239949329954	7.118050442064416	7.842792625558184	9.120499913565004	8.288944727150495	5.935374353871057	6.521779465985155
chr16:57734347-57735880	9.485688017143229	5.656358948517013	7.573289308536948	10.784622596046953	15.802258531380032	6.607358392504054	6.180025309273739	6.057138107358886	6.580816597963274	8.669751014357924	7.792147122764218	6.225961536063629
chr12:6873181-6873723	8.78939952276366	6.510019894539138	8.024903838527116	9.685141711257755	15.796905390229352	6.068098222453432	6.493410688308238	6.6893497500438786	8.698239340698336	9.062680572376744	6.0056770168899805	7.234030954390761
chr22:41620129-41620660	4.680652527304542	5.300494399901138	3.842895508505969	2.0122021316113665	15.79484410121173	3.138621744416485	7.776058473146216	9.368964434297663	11.506492887786338	5.626473689123151	0.8268984618844488	4.416435777520176
chr16:70726213-70726717	3.441998322812881	2.850424364748488	9.363425850142713	1.5284480827244122	15.792300913741235	1.6445624811444186	2.037552996098687	6.0449031095641965	5.555861880169781	6.587804225114747	5.817396129929271	5.112457821420368
chr16:388078-388587	4.004924438329445	1.7687931568374629	2.493374320827811	2.422011830433707	15.789726580358947	5.9809022793204045	3.3383296015226707	3.5909856189434426	5.291263682591595	5.644688789439586	5.92751541841285	3.225250852003315
chrX:47560852-47561381	8.692903973995506	6.360331503243612	6.509207016953418	8.814377177086838	15.789979321342726	6.4960495816401105	6.824363172660432	7.846464145859456	8.41042372261834	8.357846717793413	5.280005056746153	6.920306292943505
chr7:106284840-106285411	6.2943329993808845	5.214351590457423	3.7132165561332977	2.547574952283237	15.78773932670738	4.909478639147718	5.5098280918389015	8.788507080455489	7.100084348463633	5.99788689673489	4.197093919544343	4.855044614144833
chr9:96020833-96021417	6.873120002544669	7.202574653507815	8.882955093032828	5.698028950164416	15.769025623827872	6.314515557374991	7.550638360528489	8.042592224576802	10.951745008211171	8.219844692878166	4.6612161790795374	8.24721603478689
chr19:10379965-10381039	9.48676021164466	6.619028634355499	7.663491201106013	10.351547872613764	15.768663639124602	7.133900578726937	6.975819300214283	7.205487186723489	8.873581101352638	8.495338027038825	6.057795187224778	6.337762831294483
chr9:129040167-129040697	5.43285997145463	3.3123171980484467	3.014407010060506	2.6616717367178633	15.762624541422342	8.718536752726257	5.21152077903938	8.790346390790448	4.890468688549517	6.1162856503033005	4.275768707675935	7.423871986248692
chr17:20009055-20009588	8.007819225925276	6.66873959576029	7.2558978950056146	8.576890920171177	15.762475341232108	6.071268961619423	7.516739223757936	8.271920924311463	8.918634812165887	8.270826060562126	5.349386970986945	7.459503976008968
chrX:150568226-150568784	8.934634358448532	6.357514633808154	6.811903910575922	9.03113645914344	15.757806705702171	6.450200033457982	6.776333748127179	7.492873266064131	8.174525994023703	8.405529626279451	5.889236931338705	6.738707389852924
chr19:639485-640064	8.338474851878612	6.929724294242712	6.899583897177177	8.831019992449608	15.757583282121486	7.2173892737371235	7.436882396502859	7.396908506825884	8.844737902740214	8.07895708949325	5.658084343972764	7.37927193732166
chr1:1615122-1615694	9.281986384324084	6.212979713184952	6.506848527768953	9.597316062214343	15.756236517925755	7.206693193529794	6.836849359563622	7.017596553024229	8.975325610740905	8.815299905349233	5.662780296769621	6.795916915922268
chr1:70410891-70411393	9.168346516018795	5.764772333659213	5.972780346102654	9.379297129862204	15.744863090905476	6.636361125364453	6.3408293011663295	6.965926326411704	7.37241676203292	8.319761412964192	5.99024209398905	6.226692499478814
chr4:120085687-120086260	8.640568644563762	6.227316909680873	6.607981367356276	9.121297731892922	15.737050527490084	7.0565055992189505	6.995558428003489	7.71087530260594	9.38578066985265	8.466986164323638	5.183584400143177	6.30475258997725
chr3:50170647-50171150	4.687064619585594	3.781872840093987	3.1053861410827084	2.2933784024647212	15.734221561280695	6.201721556497214	8.252878323521154	6.789535562598466	5.856035607066861	5.6825292698425764	1.1693847430498605	8.884654455259323
chr17:48561785-48562319	9.46426441105351	6.544756236536993	7.293027173178556	5.432862767128053	15.73239045168996	7.155620017565769	8.831066579998911	9.649957165934955	9.836875476861442	7.224906246526763	3.458349826766019	7.034035908243324
chr15:31326318-31326837	9.38981999143245	6.133927518134323	6.905353619824254	10.445642031268289	15.732319689447305	6.3432506963811255	6.3064235027775775	5.916705560736204	7.814973608916643	8.322331406880805	6.442322284992995	6.125784777858685
chr4:1037267-1037811	4.339523539578796	6.063741475230375	4.510940316982832	1.9907274518986586	15.730044367968446	3.612346249532316	6.272550767867456	6.92038792049932	4.316492791975451	5.735539761317892	2.3071108814804475	3.495289957694107
chrX:71365784-71366286	8.786958937557838	6.206802052174895	6.718184169176654	9.194356907704025	15.72888093990846	6.833101612141353	6.577527426616351	7.292084050583371	9.547694285502915	8.16734758915555	5.75380765952353	6.80636171079452
chr9:137084594-137087910	9.295511480630074	6.352591789247908	6.794753808502884	10.378258689938328	15.724601707768363	6.560352964285282	6.319556533587571	6.287346752756291	7.023368027903379	8.235971290895659	6.317719904242502	6.170658320269386
chr19:2236163-2237018	7.832765843945721	5.522182406552053	7.234813738124362	8.344056587313307	15.722733690971177	6.033586867582869	6.1704587598112255	6.398874723334415	7.070378432968753	7.674735356258643	7.211480366792273	6.02800509374898
chr16:70251236-70252251	8.996936542998666	6.456814225404007	6.7059881068246785	9.491459262223444	15.7224033631373	6.323768039745255	6.529041627297111	6.469185466727163	8.79542592641388	8.612931580049665	5.8183276816305	6.601261672765871
chr16:67872730-67873258	8.52493727067575	7.028314236018875	6.673389505072565	7.483490607096053	15.717485811753287	8.498013682899938	7.430720085182752	8.55615039904432	11.001550666897588	8.2671587361026	5.136794821171401	7.263502083327242
chr6:34154664-34155173	3.8362652721780517	7.043916880929535	7.417627195833768	2.3838536968710264	15.709558245257409	3.586089943793475	6.242387208477468	6.217373020616925	5.8572106157647275	6.4065305140701545	1.7931192288764406	5.582777475223241
chr1:28236883-28237396	4.905144265145798	5.761404396608891	5.077356112632764	3.6764063691581677	15.707567899634672	3.649883388614933	5.233274314350717	7.756891553816016	8.183978351762006	7.00188824907277	6.006152606352832	5.2121004728605325
chr6:87705088-87705595	8.777185941327305	5.997424689038647	6.057103313382517	9.619846939823708	15.707125508521914	6.79241132444302	6.30093831256616	6.858744655861347	7.664738297158413	8.289876089911855	6.412950451284352	6.145383091318954
chrX:23782836-23783363	8.894033914177207	6.46438260300052	6.642592180400051	9.299038449281571	15.703233238636878	6.45500457439496	6.751752377191054	7.311507329730557	8.296455457507658	8.64788787985039	5.69495706555199	6.755852304301281
chr1:3624150-3625161	9.576160525036524	6.534323821666728	7.073075486997455	9.898739780876582	15.70205231370478	7.061183629947494	7.360698873155212	7.08835768620036	8.775436689491551	9.216672210542477	5.873219083540222	6.634769862350653
chr12:124167904-124168479	5.694995789578264	2.595324316847547	6.000951509159889	3.3832639121727905	15.699966761599747	3.72030274073235	7.501994375998111	8.494357518459015	6.17933939045153	3.983486566724351	2.921086556482121	5.893777101548013
chr5:132420729-132421249	7.881911672272579	7.13734328264415	5.509359930159608	5.978588574962522	15.697877311924323	7.134072018684021	6.97836684640289	7.887010543054294	9.027359354478463	9.195137142016012	5.117490002475628	7.388194751909647
chr17:59373820-59374339	4.550257871182372	5.100686272802634	4.200180945325358	5.291727029334491	15.692137593541432	4.635359244730924	6.438547137926269	8.386514090238533	3.227301480504144	6.611774117109663	6.682448385675674	5.792386652348527
chr1:114757817-114758330	8.783652684231809	5.480231273999297	7.126663601175815	9.157607028896601	15.68502433947574	7.502981253935987	6.52575337630334	6.367026459684615	8.395010227411827	8.323668957269122	6.315933425910748	6.3578301102721895
chr20:5719790-5720378	4.621090777786935	3.333836838583095	3.649228075848852	2.068619491704391	15.672511190888516	4.029741070165336	6.564503973177356	7.919664215713782	10.509747613392497	5.057571456183081	2.467328860652673	3.5934189273900747
chr15:75023966-75024475	7.095936980535157	5.697030996458606	6.538898503627623	3.1270935992459417	15.669993706230237	7.145073566464278	4.784327800359783	8.09927059569906	7.786972411772742	5.841998013485425	4.662530162006027	5.973339305017262
chr3:50251203-50251718	7.9490849976828954	6.327317600712428	6.778803791320403	8.12202753027262	15.664296696403603	5.823768991099096	6.8096692453728345	7.396479706915876	8.758638732688327	8.806035306035529	5.01239922149662	6.991227321374365
chr16:67159663-67160186	7.392556956026799	6.803767179282841	7.2014796011774695	8.55391786730483	15.663197733390522	5.916256567390901	7.108991069174138	8.259242216337965	8.08236352073633	7.602447153457255	6.139308018617592	6.259586691593224
chr20:18587667-18588727	9.598482983300453	6.536502371820947	6.860436979597073	8.734979508596734	15.661261335179363	7.070593280570797	7.963279859231327	8.515407017696226	10.153792024821453	8.752764989566668	5.909767426100895	8.046573593172575
chr19:39833446-39833953	7.914388863852715	6.525085008514646	6.279850273949167	9.19279876519936	15.659944462804953	5.518053485438989	6.35572626492012	6.45883437234844	7.666314546103061	8.427865825470379	6.838034057025707	6.501721601596424
chr2:224033565-224034717	4.522523088765382	5.950864803500268	6.151200137991941	1.6296255995176991	15.656608088329707	5.723871059133453	5.553769833440217	8.774596508992923	6.950629436889018	6.951449634281006	5.308540017152663	4.647852006042586
chr1:8878490-8879007	9.099556491095527	6.350854529191749	7.302319089935498	9.463097491722475	15.653941235210732	6.53352295311418	7.053173439534109	7.937667856999288	8.67394454824306	8.799361659506777	5.870636350813125	7.443784717216491
chr17:7856787-7857860	9.817673793934295	6.089068827346813	6.139652397485323	10.274947060366951	15.647708519076314	6.730849168049081	6.2399095986660775	6.816094580245859	8.249082427404298	8.582103039652232	5.9812513811633705	6.605723226783663
chr11:70397488-70398011	5.673756893624225	6.731813525080004	2.367005945251318	3.934418264271362	15.645905571372033	3.790163795467751	5.126090334308599	6.725571117183701	7.397342587565784	6.681522056696886	5.8719322202385555	5.139428137102042
chr14:24687914-24688423	4.2384908510322825	5.14545286898169	4.535000468110078	1.8291208089946531	15.630105055205838	4.596351314858034	4.089431284302096	6.334461592574668	7.5577855622009515	5.181713318178015	4.768623727005561	6.780510738573458
chr2:202275995-202276535	2.59137583216094	5.357452854339431	3.07375689518563	2.287645921831976	15.629006270328707	2.0378429382234513	5.20772035176336	7.65100894109628	4.154074948495867	3.9269815966237136	4.40949161420724	4.618376115029029
chr1:54764393-54764925	9.396923150882811	6.183386089628485	6.73440875047574	10.327572974919235	15.627759739433321	6.143540561987698	6.668724353599466	6.837641163146621	8.764723298420845	8.707003554600693	6.437666611603879	6.83577633193322
chr1:173205304-173206126	4.781139387301552	6.834100079524588	5.64282033142013	3.893534848912654	15.620187132907539	4.173788400414907	7.052867641578228	7.985628217848261	5.493875491104578	7.622344857352452	4.047106200024428	8.200297210160068
chr9:38039869-38040384	4.209963060014244	3.5397927790773265	3.6279879169178315	2.560554754884734	15.615655580078498	3.844577353074622	2.3586200353873497	5.135407608976097	4.156140889681241	6.294040162482452	5.199685911709663	2.8934223296699577
chr9:591197-591714	2.4988869209275273	2.0635048128966385	2.6109798678452214	2.567824839757975	15.604669934328683	2.7384723347705733	2.718307717224795	7.119718964834444	4.3170618329207535	6.519956577943271	5.3096016327499065	8.782246560124314
chr3:154121947-154122519	3.2892834384613447	1.6879858019853113	2.0306555679153395	2.063299868095453	15.60331870144008	6.665032065225189	5.389172381637261	3.962945708919548	5.113577798135769	3.277166465479905	2.9962298319876894	4.334237110246232
chrX:149540640-149541725	8.834855717478943	6.093675155433291	6.1564031556189835	9.187414580397277	15.602938922604968	7.226273952798088	6.954578261179186	7.707930402719113	9.268305234855235	8.496701141124623	5.494552399756621	6.881145513942788
chr4:139300553-139301079	8.685636912839238	6.912229692119173	6.693492095545417	7.899807287790991	15.597103779681902	6.353812694472725	7.577133875587885	8.680771275611592	11.520067657684612	8.711927646664055	4.887207883283615	7.496303394536184
chr3:141237666-141238410	5.688243548763821	3.3553985842111054	2.3094741106306813	1.175036987879296	15.592489689090128	5.42845089070689	7.3175825320603645	6.359108402302338	7.759267884492882	6.486248835005664	4.916510905205462	8.009109403899162
chr19:33795298-33796300	9.716359418919716	7.825014668623248	7.408246341780298	6.647893326885233	15.591106586303274	8.494127804250175	6.518551394597248	7.775670822423617	9.715513222017801	8.750353290304346	5.752158126681666	8.948153712027922
chr11:103091943-103092449	8.743136110998604	6.830645984028087	5.966758732394084	8.560586028209014	15.587679330377531	6.616607726549176	6.9794724910041355	7.659392172382572	8.49978369010937	7.726287843762556	5.459396558444503	6.586781929313103
chrX:40580595-40581110	8.88574974977622	6.393662110956839	6.903074801460664	9.564964033831778	15.586788294584087	6.333339300748531	6.83815577343904	7.331092037904834	9.681640962284911	8.42957925583471	5.45638329877771	6.860850946331796
chr8:22023821-22024360	2.6909292174188	2.5003285695277895	7.012499856951296	2.3660836187662353	15.584079017818919	5.296375008079674	3.054689920796515	9.67795097124669	5.060243951675755	6.3927674120807865	2.6448860730786694	5.247161864518355
chr6:167479890-167480399	2.665192720402714	8.399478668513837	2.5128291598092933	1.5916203760516463	15.584094977306405	3.069404804552067	4.7339476903391065	10.736832334746882	6.256673095021746	8.351340343890609	6.179516787105782	8.458053335897791
chrX:129982303-129982807	8.530202168049895	6.389332278789426	6.366608132289972	8.830451769178923	15.583534341772456	6.263132662528454	7.029110486086732	7.167623658391595	9.579700536903943	7.941121527826135	6.177855560659	6.807282748014466
chr22:19689395-19689898	5.275201583589608	3.18989056229723	3.200055048348684	2.6492805344550914	15.57807321469049	2.6270454999934945	5.814202278270874	7.211696834242133	5.709655506092422	6.580012520616075	2.8804391254152333	7.546162985901785
chr4:159102771-159103271	2.7702349166487523	3.104374416430324	1.378123970310735	1.0017142781409505	15.574247160074252	2.1042945415756953	2.847787156963032	4.153520080176856	3.156543662803988	3.149665328538947	3.9413492898631652	2.283599076226928
chr19:18571444-18571946	9.05699420734876	6.128463956410544	7.541364563718221	9.231362154904598	15.573508673250712	6.912801180476724	6.595759104277806	7.119948171922378	8.671271261247334	7.654803373915131	6.233546369518192	6.754939693191254
chr19:13747548-13748066	8.923037471151499	6.190337550247223	6.77541893312989	9.96473589385859	15.572860910597472	5.909408560858285	6.766386431750175	6.620974819640401	8.102802904353034	8.265021531916506	6.47350513952468	6.919210598835245
chr12:49741865-49742388	9.171728520567136	6.1891423089009345	6.426323531085543	8.488886317995423	15.569319328273881	6.947920551003953	7.4422543557185055	8.133668152670682	9.270041931895435	8.27310419436602	5.328904455087649	7.74697194903234
chr14:49868116-49868619	9.073460184934971	5.640502505755673	7.684820542648508	9.989197562002513	15.562552018795943	6.870721674799282	6.720303172133872	6.302989258397212	7.956880683249859	7.995548923326149	6.269890795109421	6.195466846118074
chr1:88684733-88685239	10.031972060812233	7.243772924019131	6.304925390009941	6.524615616630117	15.552537755427267	6.920876571293166	7.3853719710675	8.815945591246328	8.680312902306905	8.061551485372034	5.58884424808789	7.501589624007209
chr14:49767852-49768364	8.17924516320108	6.089975781603863	6.2922430334480195	8.7647043094789	15.551535950104848	6.376126790826435	6.627036789320917	7.140098150490113	7.734008045972576	7.697648454793103	5.668714712854745	6.3436046716726215
chr17:80679124-80679637	2.395775401547069	2.42038561160087	2.7139058914489964	3.2254411061120147	15.549653319602578	2.7128572499371355	6.88493021274637	5.628371512717671	9.407248106359848	5.837395227059169	4.428872410072195	3.910682691741314
chr21:41783428-41784259	3.4524230929854953	5.475565700737769	3.3302601538709435	3.2783390371478722	15.541061111668954	6.042324267694161	5.235950989430574	4.0571758009689045	6.963038866386675	6.326655386757402	6.153838151476712	7.769933146735724
chr12:56723802-56724337	7.37849723708136	5.713883011651819	3.7469100077626343	3.840084071312818	15.537569564426079	4.918706247784399	6.861777942534933	8.646172524166904	8.924666751794982	6.11273176436841	2.2652332983722463	7.1367758836630735
chr19:42229780-42230487	4.0775515889134395	1.9888234410527261	5.790034647078736	1.542024419484497	15.534061899009219	5.744914197250328	3.8470322209299326	6.68168467570399	6.36898792570623	5.086135110218752	4.777451177520962	5.411503583206016
chr17:75271027-75271573	5.898676090522645	5.035216737244863	9.808665482747717	1.4113783824447002	15.533612574624405	5.057455997338196	4.836359466626016	6.2002139024231	8.73732343200461	6.982492373390877	2.148800108892224	3.0411943206374863
chr9:129584026-129584533	8.989901158481999	7.089054593039022	5.666505121567781	5.72957043537438	15.533820305669646	8.541821201693253	7.7531939531606495	9.965506104869204	10.574254410198302	7.679383774619339	3.8366206474436026	7.845085516815157
chr3:159922882-159923406	7.166838184234464	3.2303335052892743	7.3925531173079975	0.6526389908034906	15.530163203244122	7.0438143450760835	4.293847516222767	7.299501962408657	7.752670179946724	7.751281065575968	1.5249929478266515	7.953162507609732
chr10:80468725-80469727	5.639902478429497	7.21859211799314	8.366399067507396	5.449057470518905	15.52942095531913	3.116368140794142	8.154686053074442	5.315706644078577	9.741633742096033	7.386686300174862	3.596367106316105	8.191328259423804
chr9:38089733-38090244	3.6458848725882524	5.542048960846119	2.5126727357483825	0.959584123794876	15.526507470692442	4.03569826203242	5.036228147440389	8.59239775238829	3.5432589227602	5.453343445849462	4.8350470318217385	4.513595528146772
chr7:23289594-23290116	8.52108984730427	6.742452639939403	6.677473249547802	5.076673662377651	15.519801128515331	6.41507040670393	7.214610536905085	10.464116178680728	9.848756554127053	8.86426849913862	3.822351686818793	8.278653893045643
chr19:21202832-21203359	5.877849103955962	4.84550528931206	7.826645918996814	3.462701250790335	15.517392469810225	5.9447144992050145	5.888602457999867	8.377885162950461	9.389500120257006	8.365940531894246	4.909077092663073	7.992208116619623
chr11:130069509-130071249	8.492255816385056	5.526925379900883	5.215430052800766	9.253283329491698	15.517251786237537	6.397430207183847	6.029462895140668	5.784344840581855	7.858968296934357	7.749332255154646	7.762307944582812	5.827666671286959
chr12:13179630-13180157	5.1096014434204235	6.469265105324497	9.367805487548063	4.576562472873907	15.514713941360773	3.9961443477035314	6.3886000759617145	7.833042439974455	7.375478116747396	9.208990414137062	5.599661098334529	8.455055839004643
chr17:21304429-21305616	8.17145620927454	6.8353849411789245	5.528712405801858	3.815304926719173	15.506978437738914	6.777740476909227	7.058403812919079	11.664041128390034	7.419609119660033	6.765575065736186	3.0664637425925814	7.045857084993438
chr19:13076308-13076809	4.230355280926849	1.4576224925770873	3.5341750151968556	3.1545558867293226	15.504843874785145	2.2207537152171333	4.663554752275392	7.5665116371210885	8.459966172678733	3.7608090505502836	3.0518683375295796	2.794925830771573
chr8:80347801-80348302	2.505825028860433	3.494161301396683	2.9785741064170748	1.1182578798917904	15.501319797054771	2.216007050982121	6.575540273057847	6.78649101742933	5.592777876904205	8.71101253663991	5.8068167899324985	6.768882253722747
chr13:30408270-30408785	8.95149222602567	6.412095013458304	6.735758624375107	8.48651446494953	15.500007681060918	6.442477218022469	6.990304914025817	7.944121439563622	8.047581971952377	8.356711052625718	6.016195164779943	7.508307467926572
chr16:1629079-1629605	3.4707660477864684	2.848508194178559	5.365810625916518	0.5467913377806836	15.496729054492397	2.5504766303802455	6.137681475093876	5.009576664699166	4.800226547092841	6.386577918302124	4.941360046189982	6.386653057090884
chr10:100969997-100970516	8.079112573280147	6.872864555566925	5.8899449251786615	3.880086415596784	15.49642396181832	6.345059800508719	8.929661030299338	8.669888792154886	7.335105385893513	7.079366643720294	4.092619235667609	9.141939877964392
chr14:55089478-55089981	7.8525745644445735	6.993685277803293	7.219773695712384	5.808365191665892	15.496446700596287	7.218316655227513	8.511086972751862	10.26332160077305	10.128793222523285	7.985475207759145	4.574922061849558	8.415988417108897
chr4:14920829-14921377	2.492831532603423	5.066753736265491	6.581914215656427	1.979763545486473	15.485890407850446	2.5492852207777776	4.964829660223785	5.2801751456531365	4.746378451409363	4.597717552313814	0.8422896855499339	3.070996335516854
chr12:96401068-96401694	6.038153895383915	6.695509862912042	5.149780289985724	6.991051970051784	15.477541098080836	5.185453442312193	8.314703940585666	9.043656922693202	10.578823408796552	7.675433461216267	4.837336495956834	7.479283641678706
chr1:228513167-228513680	8.375334995442254	6.706630306267627	6.899866627152182	6.889690260935516	15.475776030517219	6.635050290172297	7.273974208163737	9.551195773658613	10.778694960487895	8.252665992646321	4.661898935476583	8.06857623574876
chr11:75400134-75400645	5.966955609809626	7.625238442874858	7.177761895897741	5.430333715069843	15.471890644271694	6.356009370097453	7.352351078136589	10.801337449552447	10.086385973329392	7.699359804119654	3.400167991812666	6.023535989046356
chr17:60390121-60390652	4.26832834155752	2.329878317721443	2.8247327964101014	1.6280482071431641	15.47103057669931	3.314657841922852	6.6228288483038105	11.396092957831	5.36427841957763	3.913013339958148	3.686400335235173	7.881624484125005
chr1:37859980-37860487	8.041625277476108	6.229703730972282	6.222446188946387	7.016052547954353	15.469338659149152	6.330019793429559	6.8146507618145	7.673723358578107	8.461491985365164	8.092845873867644	4.87887430770315	7.026481976800243
chr20:4154864-4155393	8.131307097321008	5.601458582253887	7.287496640888539	3.941663127060394	15.455741521263107	6.592382980175128	4.541615675639339	3.8201776976619573	4.2533568456232755	7.6295663227616295	7.120615529829659	8.291872675764287
chr19:11203550-11204228	6.786937869866454	7.763039233953673	6.061525806975847	3.4545816994097764	15.45437485434448	7.450887136363036	5.947186941497085	9.879664084210251	8.643809151391851	7.936848097278623	4.813762137019049	9.135355815733217
chr19:14042923-14043456	6.830122292724913	5.9573996381579395	6.834046703259693	4.4976060193869145	15.441056358787137	6.4743908339951854	6.787614118032763	7.311443192244258	9.283109951126573	6.975233223835691	5.423734896721382	7.33177320476529
chr1:85278818-85279328	9.12725571240154	3.805058533790088	6.769120352232284	4.395228921132199	15.44125927524672	8.657973623209354	7.315210721038343	8.529415544248481	8.636158991014835	8.229379895464282	4.334913630185837	9.053192617460272
chr1:45304618-45305164	7.369793233588205	6.658142323600903	8.51248252019996	3.2891753942330535	15.43992767827801	3.795517749459212	6.41124199811061	9.385049406418082	6.907832763608228	6.42515901234366	3.780772964180963	5.6370822732645935
chr15:31439273-31439775	8.351336357450307	6.421735782656322	5.328827536283907	3.5484286121262643	15.438431597493514	6.209302751694533	6.083323207027402	8.78762490296825	9.815635820974173	7.421411622356249	4.330984792212551	7.972443475901548
chr6:43770865-43771713	7.994992637036237	6.162056634678472	5.903650745513325	7.483167041908054	15.434261104549945	6.730426594293708	7.209737567199342	8.206572808728435	9.144890531649422	8.00659768851415	5.07741508882015	6.942407747888177
chr11:66491262-66492295	4.899945503834123	4.674763472748313	3.4898173908826524	3.7422583987580764	15.433633823542907	4.510242630183191	5.875209857112816	7.8841905270560835	6.567921747226666	5.293231288225436	5.018452487662981	6.5425235090037575
chr1:156383934-156384451	5.048819763201959	2.5842105504899924	2.8536032124377564	3.345890456440164	15.433361784608161	4.000981079010937	6.184139996489935	6.37599516480393	8.777609747165538	4.582914089564501	1.5901526271023174	4.789229843367889
chr2:64467377-64467885	2.524948622856097	3.5152560715175447	2.003291137734896	1.6383993367723275	15.431062538032643	3.039565979169003	8.218864212421554	7.044332476704296	6.303623102854209	4.230659514971887	3.2608045849791485	4.271864325371793
chr4:87973507-87974048	4.458453456160481	6.24872319989397	4.346256085940588	1.9650766760801475	15.424830787529947	2.5059780722740057	2.8978495403305295	5.255568109256729	4.70295723901505	4.704684899214516	1.0537284949784562	5.72761321142171
chr19:2163602-2164129	9.238810314834222	6.559859063557322	7.149511114024047	8.926234228425951	15.42465942710667	6.80827950075499	7.066919707806599	7.638447231773681	8.805942170438481	9.291227971787832	5.9265615176136865	7.666180375839734
chr12:51389398-51390022	5.827417085016001	4.708927129529251	5.5736694338410855	4.138247452262912	15.423466731579706	5.327244750026192	5.774948791119699	6.437774060434269	7.227807309308134	6.213530759515032	5.22365229588401	5.053417027619548
chr12:116278529-116279139	7.828670917221566	8.376860087812645	7.470204396979674	3.3841556771318637	15.423155642657314	5.800356087658299	5.567905842456359	10.539355839403141	7.796979415538488	9.171512396798787	4.0878237978058385	8.314202620910502
chr10:43105393-43105923	8.32727975603523	6.109823250011874	6.852999539389428	6.797378198133488	15.419127652056527	7.393422508410937	6.30880363567305	7.395272978644721	7.752873642269135	7.905844905000948	5.531742292114293	7.179993701948359
chr8:48514371-48514877	3.4383222394989046	1.7898341919633114	2.9872213748171617	1.2733227371362144	15.41875217963848	1.2044703574151152	5.165230651645334	4.639535784948459	2.995956839903518	5.730164797626156	6.074876068035313	5.652490898567674
chr2:10043762-10044763	9.063178139215127	6.720718788922853	5.448224977266947	8.896551364799597	15.419004520232063	7.390384641398021	7.221625034917004	7.826798339494913	9.485500873693926	8.624992205894076	6.1751504100463235	7.363115301989527
chr19:49677821-49679686	8.373197330812598	7.323204122549417	7.627313950176975	7.015794009156615	15.417389134670472	6.299197685284776	7.409163340988165	8.967076655464263	9.123253923367365	8.148102082119328	4.879505460198813	7.359964264563925
chr12:113236528-113237053	7.690402971432124	3.51056718503676	4.263105834591354	2.5575117135565466	15.416420382134767	6.8139476479765	4.315580770728804	7.509579616491296	5.479698815464624	6.523083388943404	3.4398664005196773	3.16204182651379
chr17:59435148-59435711	6.738435719910948	5.672764327394432	3.5528711174100995	1.3577079378331152	15.414430555890023	5.548898977428429	6.287245613972838	7.766144202962051	3.4334210539749326	6.786079397956792	4.889849200757623	5.55433558377687
chr19:49447408-49447909	3.6622980063606883	4.440118967029323	5.059800195705987	2.7231893037633355	15.411337634166841	5.6536966221521965	4.872055834576111	8.254677056514305	5.668837823229155	7.067784659012622	5.562775020414628	7.474807190586098
chr1:43958338-43958856	3.544854571705913	6.355413259075518	2.3087885497870424	2.6573719417350734	15.408156965496673	4.131214493314648	4.111126295323773	6.030306544384247	10.180921400330483	6.807248962669233	3.6475457529218014	3.2481602380213697
chr9:73024601-73025124	2.7697945465898153	4.049443466393046	2.865363660240009	1.9481219137956425	15.406453765456762	4.6986791876424485	2.788708128585127	6.324746855476942	3.983079447767808	5.767387540520583	5.352526974864374	4.596630021756425
chr9:92764745-92765275	8.198494959592445	6.905987962898146	6.186278256425319	11.246614814068955	15.404317710949853	5.236638423312483	6.521094512884905	6.2109300978842805	7.22599188155993	8.617038121237359	7.4007427722205135	5.8016567061380915
chr1:3899937-3900458	9.566663300015719	6.43985906039792	7.010674112497465	8.754569969854028	15.40228969682335	6.765415785772838	6.72556518846411	6.964851177065806	8.328145509242397	8.201328323337384	5.294348398527098	6.384966277594432
chr9:94332167-94332733	6.035647678553502	3.149761742807642	4.96709788336229	3.0035474083730955	15.401205632910974	8.563060803133398	4.647187247540816	7.816215252961689	3.624156651563475	6.258195659168389	3.8317160280418343	5.996911509189464
chr16:3157450-3159060	8.32152638743637	6.528032810125578	6.733496329773743	9.062420428148577	15.399521140974654	6.598567421910613	7.986498582676747	7.8068646307735285	9.779799266592482	8.510411899043234	5.502841558046491	7.992438045813657
chr9:4862728-4863260	2.9487124501466653	1.7834752155341531	1.8227494229111432	1.4002119095295467	15.398093624995763	2.616061688925944	4.252084052998387	5.990484782892044	4.425223630677061	4.598174426264426	5.719869371206377	4.0720484404877935
chr16:78428147-78428652	3.2626219615478904	2.8503854627130116	2.7276662387986925	2.0236802332426738	15.38983659103052	7.775992305581607	3.816532766338558	9.99234060116371	5.090525212117586	6.801461685602384	6.458898751947182	8.813532073574963
chr5:74766949-74767455	3.1817135655849764	6.189641394832292	5.0885322163780735	2.1837484977905417	15.386947368484028	3.007121301019151	4.964205006733172	8.167827097949624	8.836517489391541	7.6882787680046825	6.109284616690033	5.52796750038928
chr7:44885452-44886040	6.392319611148472	6.8647141599880195	7.137000835333691	3.289876076925156	15.386218147844259	5.206606937879407	5.832592312768017	9.927081121053956	9.263457825572324	6.5999911527356305	4.44426923393495	7.529589878343095
chr20:35269195-35269716	6.571399312096334	7.243633765719616	5.989577494868206	3.6119276437169723	15.380812276813272	5.557772868545906	6.7905063129906065	7.6279531343204345	9.501055822224469	6.776971292256131	4.807083637653213	7.301155523132488
chr16:68069422-68070432	4.07186495499694	6.881919295963462	7.279857596493008	5.493479926493156	15.380756528433535	6.318060551653722	8.35666216553722	9.912990620360352	11.317642089459847	7.255769520150366	3.349416315011017	6.779842633065274
chr1:204493834-204495000	4.528280627679114	4.250972014574823	4.605769667309717	3.5285041045663177	15.374812564234805	3.878406401164543	5.276941594090936	7.089687429916794	2.9670084436277864	6.412534997429293	6.090542507922695	5.86672626498553
chr12:56879705-56880262	3.1904613247902844	1.6599266968603277	1.6998402862384172	0.8888073657805287	15.36887129577585	2.1792940252438084	3.3311878351990996	4.078772122646888	4.150437629479326	3.8104469276014385	4.906405168826614	2.6056712976163463
chrX:155026600-155027166	8.634827481307958	5.5053140474069835	6.314701940770616	8.76496306277519	15.36375713435586	6.844872056384191	6.659583926532875	7.386260918096207	9.63445064363683	8.406919878661913	5.7068234545470435	6.588085668024285
chr11:66438780-66439334	8.065838718986095	6.376827917350987	7.5119050074771705	8.86224351417407	15.36140564284395	6.339649791416315	7.139471029021816	8.095871956884222	8.587822313419263	8.439642376027884	5.571718895283103	7.255083429112182
chr4:86909792-86910343	7.8259107559574135	7.236721197110058	7.056208319571092	4.11856373432981	15.35864458621633	6.793664493563424	6.872261723674309	8.03628159912147	8.256674229519936	7.8572410241720485	5.430482815372934	7.591105426853042
chr8:118281816-118282330	5.55623481704119	2.5288513198932283	7.833114544441457	3.5557732926880883	15.355989266755401	5.979724022614567	3.420268885850374	9.193088138755453	5.7349473809769655	4.233700609242814	0.5022762175881118	4.024287536775415
chr16:50679111-50679625	4.761304723800181	4.169781805219749	2.1604004949098505	3.0721072286142665	15.355025925564489	6.381416858858362	5.8685138686238645	4.406949266759329	4.227553440230114	4.514187016767702	5.437645693307851	7.646402542391139
chr3:121739841-121740357	2.2696260548545766	1.6988671563433346	3.84627161157549	0.5943392581352657	15.35417164117181	5.001310644429967	2.18196998811523	5.9916116384487585	4.066188945404936	4.300306430132887	5.053021262293251	4.4170613970920645
chr17:49567791-49568311	3.364730052812376	5.331054517431113	6.210033055779687	2.5736289616054484	8.665320101622434	2.419570357546496	5.584611622644244	5.07402110063942	15.352850306480866	6.795890997801636	1.1860363301176666	7.6528900128631205
chr2:202642871-202644117	3.5133981426334215	2.185303347404268	5.43810465420162	4.011409411557293	15.35209472657607	5.26084388207335	7.502155545850039	8.387927497840424	4.621049590964637	6.088568754392215	4.606103488324923	4.655682091391097
chr17:2796079-2796591	9.894000630695828	5.975308406569087	6.4456390366032945	8.867799284129298	15.350136283535507	7.801485239407371	7.392102312475995	7.566870134503878	9.591896055388636	8.895492017340432	5.834165986312614	7.906992921706855
chr12:120290825-120292455	10.030168774200327	6.01682705369139	7.129204721404234	10.4017163109209	15.345204445383938	7.34268319550818	7.168001937975141	6.545271875794761	9.24179528526369	8.435683320034205	5.7856304739844635	6.5298811686092595
chr4:26723196-26723702	2.0647191441664323	4.248959038838996	6.534871011950741	2.6963776384444222	15.343663327875053	4.685191309844408	7.1602077889040245	9.240079047291617	7.620850546952311	6.983061691174194	3.2075497067972285	7.463159818696051
chr6:139696970-139697681	3.185769740290044	1.7751967738440355	2.0290887527478465	0.0	15.34223217199396	2.808013940000271	3.176463594952847	6.066063468726041	4.761130841046317	4.501164513521611	0.6413366688937783	2.3580552526896135
chr22:37019236-37020258	5.654826303941293	5.713868790150029	5.556739588537744	2.2161483655310206	15.343458795481268	6.236485572317878	3.8995576692404508	12.40926008054522	5.44378052686459	7.985428884139369	4.912905265031348	9.522217146814299
chr14:64675308-64675809	6.075755514236528	4.669000426456661	2.103337154670728	1.5174409959345598	15.336651018844499	5.610254511411834	3.7021482804002996	4.537964925149135	5.725731279340606	5.508730883616275	5.0460137622806105	3.0169453109982176
chr19:47225992-47226516	9.038934667095289	6.543833680837516	7.453293147182434	8.252792710780152	15.336531922737878	7.242840546767876	7.143658199234688	7.278241761664008	8.814217470367334	8.581077154319534	5.891649583267671	7.29864223094427
chr13:21297846-21298359	8.298237396591952	6.1766754551059915	6.892855467901086	9.07143973389292	15.335219203595118	6.00483516086501	7.445291533390609	7.89840217487145	8.654322068018937	8.419086823332702	5.2327836465623605	7.104576593945465
chr14:37171872-37172903	4.118067439597572	7.457981069515456	7.457473275437243	3.3254076133169566	15.329902403263185	4.2291091508271865	5.977066906295769	5.351848205246068	3.9441670477164776	7.202328692203258	5.540413127688324	8.355324116596348
chr18:9869749-9870329	7.732328516135712	4.71428965659388	4.430810390800234	2.67347494827721	15.329283303810472	9.365400124377283	3.1295700291890967	5.483967987695806	9.653925688557985	6.505568620670531	3.9856239837244014	6.006628183825753
chrX:108091414-108091917	8.836860059804094	6.175135845282091	7.206253147875376	9.454997886365968	15.328435328437738	6.516191799756825	6.8772056851664845	7.73351791250088	8.822576403307192	8.648460959665382	5.401978155222553	6.851353858341882
chr19:41192899-41193467	6.006664762572913	6.11162046547309	6.7116374780549695	4.190417761258472	15.326534193902699	8.43515137525353	7.082137696525368	7.574684312064085	8.059335553366015	7.692368838513803	5.040569137707274	8.016525760851005
chr6:3160135-3160643	8.024553306709107	6.9515412490338395	6.292626997340641	8.071966886565745	15.319905754270197	6.307099382517233	7.429270078399311	8.312122976156417	8.797158071958009	7.560146291267178	5.719435621811424	6.076304118450881
chr13:97432941-97433471	9.055167107909245	5.829066267594318	6.396665675475701	11.171149163726264	15.320778035212566	6.009726583600227	6.430479704232934	5.650821599200656	7.628496015226262	8.684504898240673	6.987174956496476	6.81676874860666
chr3:49162078-49162622	3.913268104405021	2.9919106993290088	5.493605277857038	2.9781426905609427	15.319650868807482	4.589651334920577	4.683117974290089	7.203479544231319	10.759768019195336	6.461537700372068	3.9283233155841346	4.1228817516318745
chr8:11862520-11863127	4.782232766820722	4.871514795119175	6.326319148801583	2.4820753719985342	15.31733276511957	5.3074052298979515	4.396817956616564	7.0685372596767655	9.679170293282487	5.6994929539482495	3.2826409409531387	5.735404642350037
chr10:110511757-110512559	4.858579592502825	2.1002287085664455	3.5649873811779504	2.662868520467446	15.313222312327026	4.752030921887371	4.885485874583245	7.652547974065994	5.499531868859609	2.8558319649904487	3.3014033108954086	3.3081494093954795
chr7:32957094-32957657	7.152005912997012	6.8742045428324925	7.293762407044619	6.4734448408364935	15.313064741767459	9.250413204217901	7.021948028574615	8.492688991383412	8.561002247449334	7.979355222975184	5.009068723179086	7.264932916345893
chr19:14195968-14196508	5.890438059466049	5.819694934464387	6.540380400254147	5.038487206963393	15.301778397569668	6.102891227640708	6.434373508130821	7.634283390374499	6.507879080269868	5.950373631017559	5.585862979947805	4.923770854462749
chr11:34105346-34105885	9.146000960097723	6.0193136478925835	6.809674421589153	9.5118817677624	15.297529165172278	6.869759113607447	6.871542681116382	6.773796815432254	8.618756841360748	9.045291595113737	5.8385964390065626	7.212522349496561
chr15:75758258-75759290	9.219569001042982	7.728012044018422	6.655274234970013	5.583555491596783	15.297156711653207	7.5847962291485995	7.341679709068338	9.95978545537775	10.482024467218064	8.185192851262755	4.9132345907485275	7.888132201013626
chr2:201132543-201133051	6.822185156874793	4.644835249471279	7.729142195355305	4.080962694515722	15.293362899939604	8.031244282217852	7.074253768215811	10.339622222418475	8.870125816982732	7.277480900189038	1.530356690477264	8.591070004360324
chr15:66372886-66373434	8.330441128384637	3.708249677548012	2.9643595579556874	1.0890588392674614	15.292420725597117	6.1440858216910685	3.759743868445197	7.2671967146932	9.697299714503558	4.612667146578501	0.0720155794755686	3.7415608475881483
chr3:105843990-105844561	3.442569338851003	7.8925087356141965	4.1632345624072595	1.7698829208621565	15.29094739134449	2.5554771340826314	6.908930008909363	10.09126782300003	9.112270828900096	4.387655290396405	3.4923287290049134	3.81029870254699
chr5:39215238-39215766	5.474469246585011	4.548323214499113	5.8734074289042555	4.302421010992762	15.281833724503228	8.030317145969061	7.416328205069923	8.270217665611774	9.148074388315097	4.957769265574519	0.7689212545440804	3.430394257555596
chr2:69917764-69918285	8.24228491041772	6.672840840579987	6.292952210769646	4.912514305409139	15.280811045267475	7.145329308607174	6.5152894374357055	9.03489267292725	8.734956773864692	7.307210485400053	4.565176386700131	7.223749102096671
chr3:10958242-10958849	6.432616042727625	6.7077643942580085	8.911470138967513	3.6707575835633848	15.280980849233242	5.920963653147791	4.337381538997581	8.22024689825056	9.5907963306803	8.281098023897798	5.1381129040788345	8.139083794666394
chr1:166910315-166910834	2.4628867144329045	5.904653370365973	4.48639891870106	2.394874939649981	15.271071539251103	4.255732889826836	3.005437757716736	5.09969589137464	4.529517660151805	4.57138399828504	2.8024505003277076	6.46269457800123
chr9:20321673-20322186	2.1186228201113986	5.865141108865786	3.2854041677159946	6.109274792719292	15.270266116939162	2.631542302663149	9.197042246248643	7.437463402698652	10.319613294602911	5.017429942648158	4.684631480487328	4.2255552325148935
chr1:40041025-40041560	8.129116560331562	5.89912346294563	5.050095070120932	5.0621795740427595	15.269223087209483	6.292014261520085	6.7418232772495434	9.180531437242532	10.287849965766547	6.47861114154111	3.0720809651811867	6.131162354315481
chr7:2355094-2355698	7.272896427227449	5.779815873727727	5.851191091655099	6.971141895659111	15.267862946027527	7.076654622991014	6.3259194229524	7.657647594257705	7.335600703323014	7.206101768104356	5.824551856159637	6.308149518906858
chr15:36578740-36579845	8.896338955686284	6.356201499489987	8.254344764664895	9.652118686902202	15.262929473517584	6.591830610904894	7.4468020568659155	8.186783135808628	9.478534619245114	8.572323306420241	5.584713387475822	7.007507942765447
chr11:102345818-102346450	4.225416339073247	6.696554764763826	2.817705915715451	3.3622573216171734	15.256446456005682	4.936414871912032	7.905297691741225	7.7144558445557845	7.223992374126178	7.566808077027664	1.7803926514089083	5.191439651946153
chr13:51584032-51584611	9.304690537437741	5.9903137956247825	6.914089504306851	10.697512894978699	15.255608810242348	6.1240556707951805	6.8384846651396245	5.975894856007837	7.779563340720257	9.024599602539096	6.280059457652091	6.8796975669567955
chr10:102753055-102753575	6.340196748501452	7.28649009026613	7.27752894924394	4.5252890023255565	15.253429977542806	7.1807616348417485	6.298272725333109	8.868833385008118	8.306471988341368	8.726084324066527	5.228076710329885	7.671487706067745
chr14:67495743-67496281	2.5755254159818985	3.7720131836838524	4.1005393005429775	2.755249015472638	15.251908923309033	3.1080981193757116	2.953103502122396	7.481451311481354	4.900063102535839	5.61620100805114	3.9665836515161197	3.4332680656345116
chr11:3685580-3686619	5.4637556599165995	6.14526753223535	10.345546598266711	1.2722330838968878	15.244875791011022	5.9075530152930655	6.594206262693797	7.785176549485547	8.500698826257157	4.574159212304653	4.734009788106079	2.760885919576595
chr6:32004833-32005494	7.8542545156015064	6.919000181224685	6.2867978996907175	7.240945538480682	15.244435851934458	6.681659980957873	7.111969984143312	8.3341722257458	9.19487900852273	8.377382948062204	4.905613067712255	6.8230928215154245
chr9:129080218-129081269	8.900642588239219	6.329046609724988	6.289854586791299	10.982742470084164	15.245136774839281	5.775296281763907	6.3622275903176755	6.2517049071345765	8.106236866698419	8.357322987537046	6.309133879580377	5.80896913973354
chr12:8082026-8082536	8.895807694892563	6.048864102780495	7.637426366517417	9.723283686533884	15.243336035141768	6.5511258767294605	7.64677103094349	7.565764790096856	9.416854419018398	8.685415071531876	5.617470139537189	6.9013876053541585
chr9:34048395-34049497	7.563879410763428	5.545771620810046	7.373195606055133	9.844801052552892	15.238145059202408	5.158205098619632	5.906441622293791	5.827102282224076	6.233264477687475	8.50630988487676	7.116615900804942	5.841907827258605
chr19:18318157-18318688	7.6154330141875635	5.956506257908779	7.742274714214856	6.045850531867371	15.238007870681269	7.184158275199913	7.31302432689491	8.575429458764162	9.588307431747392	9.233097358132547	5.4321982281926555	8.718767593789394
chr19:40465690-40466216	9.308743446857477	5.366238064089021	6.517848263624808	9.943255892586391	15.234530542836296	6.948515943596725	6.330146599024057	5.719491583484999	7.731664861361093	8.076534275049445	6.543383113841765	6.3317911350217795
chr19:15107520-15108036	6.578204387238647	5.909537958764248	6.3633939108086315	3.698505649290827	15.23141330183363	4.760233604587678	7.331116539064263	9.87622091713215	6.658098182237574	6.864331177668968	2.6971057165064036	9.084329189128177
chr19:1418679-1419527	4.661197624158581	2.1024563685900395	6.831560495283475	2.6536169957362983	15.228949135733076	3.261627111818011	4.021108909783742	8.62975770381025	6.216312414278658	5.220561186526802	4.2378830972197035	3.5332302668581357
chr6:41920839-41921377	4.532761241377491	2.2717576778079125	1.999838162234312	1.698642108063335	15.227879350778359	8.383098867336573	5.746416281246059	5.695338723361496	7.446012098142644	3.8571000388155623	1.7766372283699177	6.3651329588441055
chr6:44134164-44134686	3.309114092926764	3.3802289635257736	4.729963918507381	3.088130339351758	15.224256661696389	3.6651699824334703	3.2567849147818904	5.060571340585133	5.438314203194912	7.327053214010038	5.896961791742256	3.3569745722930593
chr1:180160264-180160935	3.841081848249873	6.4155940448358	4.467952380382649	1.9651399282247213	15.225195730108128	4.985638216974535	4.330008062536131	12.23673694622778	6.2038936674593295	4.011666008249063	2.3707876332828035	3.4623607015915088
chr20:1325087-1326401	9.157750086535536	6.082543998801921	6.658706879407021	9.195524952763527	15.217363437793464	6.461896733808247	7.054117972306475	7.6267355896005276	8.829870428164922	8.660265811721052	5.14624246115778	7.010126453598158
chr10:98909982-98910483	1.7325118451820363	1.102731780667464	2.480518475489334	2.2379544356918997	15.216563075652816	2.582753610628209	2.210831463424001	2.6805284764864052	4.065321965462164	7.254528532988467	6.909302408244584	7.178691987294619
chr5:176194199-176194930	2.3284136786343104	2.677468095491213	2.4300092508165028	1.9942786015049425	15.20979566431216	7.8308077973549475	3.7964824466237226	6.436653864107847	8.315356986574036	6.194809724606308	3.3640049160622483	7.664328978565231
chr12:107370568-107371203	5.140856450183628	1.6907413122361834	2.548670750678612	3.503469421637932	15.189022833213203	6.707600309522312	5.43445585233266	4.01247966637934	6.025019665698445	3.9307672857546434	1.9984122820433783	6.007298133058599
chr7:100429949-100431599	9.230107258129014	6.41538534458033	6.131768117103656	10.616445171486081	15.18221053508173	6.725006038749805	5.728036550512019	5.942677787576953	6.364121408859677	8.358076140131391	7.204458699488804	5.305431164311071
chr1:156124508-156125601	8.082784523262738	5.825696096325202	6.8339212387775525	6.800015201607158	15.177815163186022	7.094675822802915	6.141068189062794	5.549998861188659	6.088859003720455	7.897649235835347	5.547331518031635	7.9227375732658345
chr6:30451427-30452069	6.042315431484158	3.168706600461568	3.9858540756909315	1.4761968099086489	15.17691059362971	10.337589776305236	3.269911186427338	7.080728434045845	5.844893489180565	6.209986871545951	4.035941187002678	4.37761552518257
chrX:52995299-52995835	8.337429357929608	6.164692935245787	7.100993126807608	9.126761607515869	15.169562871211845	6.214478450220718	6.942073212918359	7.596758448360335	8.69729132360877	8.293432711923804	5.469900053842683	6.635127646164209
chr7:100483177-100483698	8.52699026963191	6.535309381971538	7.112451992697614	9.124302507981035	15.167697708553023	6.285851461561922	7.137558095261452	7.344894415282938	8.648091347877305	8.78590672648031	5.420982639053127	7.20066300996056
chr2:39128813-39129353	6.379172523170521	2.3972284750544057	5.351152539570633	2.9191525785702015	15.166688416266824	6.367957109728889	3.704748845256606	5.141375220455044	3.9946918976720456	3.894657607810188	3.3172137816112617	4.858426933965675
chr1:43974614-43975121	8.428336039300648	6.513079959625212	5.805576494596031	8.268196347019572	15.166737246511417	6.170855269464884	6.782498658415442	7.664949446632351	8.489005609539491	8.086201638116872	5.536487017622055	6.825697198690856
chr9:130689910-130690433	3.3505058054241093	2.3724441558822824	7.253949975104542	2.5189027537559094	15.164049307623767	4.584038272124035	6.169686632212024	8.130461104956423	5.049962119205575	5.268063334921636	6.934972399228957	6.22569131026587
chr14:75232551-75233074	4.698189553940363	4.0558243305807125	7.138574210235516	6.150770568705925	15.165111494602774	3.1296971936071762	9.137999786643123	9.519279358747868	12.145064798422831	8.832431324897245	4.943943097539049	2.9446635937587007
chrX:54639591-54640143	8.864084092127449	6.251213429405304	6.722533434495349	8.852132519366107	15.161490672538568	6.402199522441481	6.75315930679632	6.8737526671901374	7.923316023226827	8.040257091809593	5.901433311520269	6.824203251636204
chr13:60397295-60397798	8.702753554468034	6.814603719859612	6.076743242374949	8.207793361010914	15.157029222915744	7.194397112430991	6.949424917614602	8.317759259561097	9.191421250783097	9.043544049254264	5.274261166110415	7.427145153111155
chr20:43690812-43691399	3.8429642157106634	3.558251361607681	2.711288994740387	0.9361147174659623	15.155996118981033	3.2689126461169975	2.7139056086227433	8.098558811460919	3.9392726878464117	4.1293083480307375	5.625073095513546	6.126387924488128
chr20:431369-431877	6.749946181781695	7.501848803666157	6.329442650824311	4.803130524116448	15.150020153468432	5.485152197181885	6.376684914890507	8.690976162738199	8.127314598668978	7.666964234749674	5.140866962797852	8.524198828408553
chr9:89593747-89594263	6.3721461007447	7.386077557251701	5.674367960692279	4.515485577149722	15.14885545827392	6.62815273887677	7.074016839925043	9.481835396797859	9.927017777224497	7.62027928364229	4.511443167956929	7.975924534672571
chr14:77862118-77863119	5.520217363644438	6.582684142943661	6.615552514467727	3.7750755064022914	15.146177732101794	4.899722572879463	5.473329879971666	7.514075333681505	4.840718510629131	6.5322593759391685	4.967332295549308	6.487866068709443
chr2:197515697-197516199	1.7844669380285494	3.7279996456613413	1.7551040444207593	1.5022734017064947	15.144885075033546	2.3554460125224983	2.6409902804833036	4.528253539744944	4.824224484074494	3.4426680316505838	4.411611752403943	2.2790882107411217
chr1:11059883-11060405	8.712749840763548	6.577520951678522	6.532859545534923	9.488964482575716	15.144854481362707	6.460725455766719	6.776473246073094	7.377893917884	8.355414893070135	8.77177456232309	6.1640861225817964	6.84703711007433
chr7:5780901-5781956	4.319546763265726	3.9880120050643133	7.943436038025505	3.34372513496944	15.144144405423232	2.98489640551992	5.680995247640244	8.62152794491969	5.450706539442972	6.908065334618155	5.264356848208833	7.725193416779958
chr8:140437599-140438105	4.320258141172262	2.608615262508402	2.6477444525716813	1.7023809392711124	15.139716072920521	5.077464451503625	4.9748080213088866	5.8600608407866925	6.2120853989232705	9.92925979328675	0.4209779261555762	3.3100192647456104
chr16:50313598-50314099	8.496727708442586	5.221734638830184	7.388969427083122	6.070294119565431	15.139694621183734	7.071736008868648	6.753309728088239	6.244856844187771	9.828746362041962	8.049398762414093	5.954844269387265	7.284926954341857
chr20:297148-297710	8.858639209435063	5.885432136509342	6.899344969257754	8.629466025340403	15.139489721347445	6.329048433245084	6.90323057997947	7.377033507222322	8.398987439585937	8.317862392866477	5.533141103711084	7.307145747948719
chr9:111597733-111598286	7.069817060234957	4.3170820428485195	5.3753847275075435	5.28103392666831	15.136999076238832	7.495119054795192	7.155270196413462	8.57023604452389	8.816180334824274	7.144691891064327	4.291315209899565	7.118032304598021
chr1:1909012-1909518	9.264519247825763	6.2908979348281	6.6859667084416285	9.402711341261144	15.136668616014953	6.990475974418035	6.795922688316921	6.940016662117655	8.66042471464222	8.707654253921028	5.766359397467202	7.311212738331855
chr15:90877251-90877764	3.448390805527238	4.70108139178067	2.269170606919053	2.1968111741862284	15.134956265594978	3.5647580265047707	3.150847628044277	3.62860907624501	6.889383140307418	6.63045497433842	5.782600913355047	6.857540293936489
chr22:18216403-18712157	7.921718640715069	6.500191477819663	6.3717789408017	7.3733364442729314	15.134635868581814	8.889455436504408	7.845794884339613	9.181270067143766	10.118599480217851	7.7821560498073765	5.549349515341256	8.14721098966452
chr11:63974204-63974723	9.344383820381063	6.320652769791117	6.453798116100578	9.749156718528234	15.131080269674634	6.610116951304737	6.639951736972696	6.732944328656642	8.090599553501864	8.395042165136275	6.262181473022338	6.4488002259922075
chr11:63938487-63938990	8.344110007670736	6.609161837561532	6.869210107055775	8.581815928148915	15.130687730494829	6.256457875916165	7.001996871593178	7.313229359912045	10.932947916846881	8.821840629991225	6.408844087878803	7.709364694655982
chr6:109117280-109117803	2.0481493587968376	3.14911745632619	2.4380839696403154	0.0	15.12842677941799	2.0240246443331555	4.4888902915350855	5.301047749258667	4.911944225384707	4.802906861497144	3.790095508477241	5.782495705233021
chr11:65386293-65386830	9.044792942249535	6.33805934938139	6.2552212046993425	7.917139443167651	15.12900335059642	7.486782479585682	7.440424183558515	8.354065063622055	9.64303179292567	7.991918462508683	5.020829873609943	7.309111895976918
chr17:75690832-75692166	6.92638853076694	6.586939730814725	7.095386176904222	2.7569378692775834	10.863323277380362	6.31633599603493	4.242631404215078	10.005202023522106	15.117322948446683	7.138821115403329	3.290519270909786	5.86577896912031
chr19:49453200-49453766	9.169758770150873	6.530237901392896	7.755809777982439	9.700147325885643	15.116432251093748	6.582147115624583	6.374938181173169	7.061087117980909	8.29072078923965	8.957708517429042	5.877874855959906	6.923375971202862
chr4:705404-705916	3.135236044969487	5.547618145484636	2.4677351060278934	0.6651973735304223	15.107968612682061	3.500270020869424	2.5310821553074447	4.028922964491184	4.532074030245538	5.40428561104561	6.336800689122571	6.1266337919189455
chr20:31907515-31908518	4.970219593145606	5.591380150376411	3.9655303853981008	4.830048013828993	15.106109319304279	3.188146305133582	4.749440450194504	6.407553294143086	7.382581305816547	7.215996191997829	5.886450452939267	7.0113782143653784
chr15:90884191-90884719	5.75135785159011	5.484218231307625	5.2850661701224855	2.6747785388658074	15.097146759053354	5.281297420712093	3.90806039761249	8.682721412929064	9.410726526786384	6.499781255643613	4.0904662163689345	6.192054540905944
chr11:44580713-44581227	2.5163886774932163	5.630742142623383	2.7249933168925313	2.201534959235857	15.092123789124136	1.7500284791674618	4.055212026718223	5.926265947250888	3.2975200880700672	6.717615653646265	5.741162208598855	5.637977017819378
chr8:94895495-94896001	8.33124108762043	7.730107287764772	4.789435351190239	2.909647285252964	15.088538706384579	8.364742033799002	4.750749211023854	4.603404770585557	7.593927340793544	7.724641639187654	4.5090731529773835	4.956784227938283
chr12:52691071-52691587	2.852637736794928	5.698001489786861	5.618435356077311	5.669270702242476	15.087865290245725	1.4964521881006025	6.956986856615663	7.673756682365463	8.27456404776867	7.214649321100231	5.543345316971957	6.856694798504983
chr19:45000676-45001692	7.929389164236607	6.240878925931066	5.663142366082852	7.602677147673484	15.086478272698724	8.049029418898284	6.678688468623095	7.501844421537205	7.962110720352324	7.6609821066399615	5.922387379455187	6.197226222600208
chr2:26242644-26243459	6.30551107396811	4.330449815832058	5.001606246494975	0.0	15.07845549576813	7.606152688013197	3.962447039815084	6.682060558815849	8.35802147436461	4.5436653131561355	1.3558744957184872	3.524653360915444
chr15:89971462-89971984	5.2779561745495736	5.677521853397824	4.8497931197852155	0.8958281044078875	15.077497883651752	6.193748280455075	5.509439862202783	9.742694036687572	6.5680105333510115	5.613363605414117	1.5850889084764876	4.509003537245552
chr4:1297394-1297909	5.71442189596401	5.963020343611753	3.172731391064449	2.421302736428624	15.068467152805338	5.988765664769004	5.68207824585322	9.80981099910841	7.19914428539245	6.3033027162354625	1.7200336529078342	3.530433715768345
chrX:135521522-135522099	8.939065382053627	6.0324040542027815	6.680184821651049	9.242340850014061	15.06822282536813	6.298228842229687	6.693850085352646	7.227305197672533	8.291277775247435	8.411881773601314	5.758659986069593	6.818715653828185
chr15:88639257-88639763	8.55785486099403	5.9813482908863165	6.0812050672726965	10.974325178414107	15.056959288052063	6.161788588849278	5.9631509882071025	6.576501102294189	6.6807346107263585	7.624974890620685	7.309994792775731	5.511377931878719
chr8:66651861-66652400	9.932186438610222	6.404913238843839	6.098264186289879	9.934306993807455	15.056063319344606	7.201362623014461	7.16487286787925	7.027406795589176	9.087909025209314	8.970397260852417	5.8758446803829845	6.923214404573186
chr12:124322224-124322761	8.920548833864476	6.253474073654937	4.915662108750574	3.7323851120593874	15.049488306644808	8.020550117693308	5.795303099084708	9.531439077936275	6.91016224530684	7.500346371197274	3.761409836535756	6.7570861366785815
chr19:15432546-15433062	8.39301797114021	6.084716137812178	6.307015278565144	7.7863548564158895	15.048455573469493	6.968873995012821	7.003060303381446	7.407385676383904	8.805298303222973	8.017781924955631	5.679114431841742	6.95687886926504
chr20:3842283-3842860	3.3065175364714965	2.694161834939019	2.376967242600486	1.3455285710476226	15.045489897680946	1.8500026205738012	2.009793488855817	5.045730275403532	4.513617599462839	7.263718381656013	6.696404487290165	6.571108792266715
chr19:17579624-17580148	8.143018901851342	5.743355200670597	6.680129110772275	3.29639257476926	15.040078460381746	7.526729295512891	5.3404397342965195	7.629076748333558	6.326360703074844	6.873554385050218	5.769882320866663	5.732063180402454
chr17:16378570-16379095	3.083507357565636	2.954792692389133	4.2926057979535255	1.2288506198247056	15.036750962290633	3.2399476466244894	2.7963222481967955	7.795114355131962	3.8820145992019386	4.0975150446276825	5.734923017547784	2.57593489041676
chr11:66312660-66313169	9.352707318012676	6.514736755771786	7.323601048242507	9.899525188121427	15.033496849494554	7.034694488207735	6.972790783575706	6.608654842121959	7.692107033133061	8.70416991763761	5.619413901896689	6.855684554195934
chr2:84481652-84482259	8.914776044320986	6.33461610954276	7.003754914438604	8.864773205979853	15.030028201995506	6.95918657678929	7.25177903261295	7.860681277914601	8.838816454425874	8.715108709893709	5.211075291442369	7.498504367906277
chr8:124973027-124973531	3.2248718275485615	2.812139175195763	4.271128040130108	1.5212770921095629	15.025942130142747	3.966163610034353	6.711168234868155	10.605150119153521	5.736120186428387	8.107343359922217	4.53032916182949	6.105594368273682
chr6:73450701-73451202	3.815903326837769	5.647568811170174	3.1519508689723272	3.1000721862033607	15.024832406014607	3.804635836770626	5.526299012183763	7.829069075321351	10.413801356872037	4.615963403448211	1.5625623944852587	4.508381964743513
chr7:128407842-128408457	6.624861682397996	6.985453516770735	6.719403028425752	6.917146492202188	15.020517935925954	4.7896778615019935	6.832272566673428	7.467897912183349	8.161906866420509	7.8807988525171195	5.297805223537617	7.062729482205404
chr10:29392280-29392847	5.4431437076557625	3.792886237704982	8.562860212887278	3.160693013237711	15.019799673093065	7.947443937155618	7.9438269718523635	9.97482921485501	7.960117635992711	7.400587771840285	3.7669419516986644	7.804118084408264
chr16:68448347-68448891	9.016484533311212	6.582202715317783	7.995059747477366	10.712400575336854	15.015074365506324	6.215432592845746	7.0005165767688835	6.549930779951415	7.914967470155009	9.05177572691298	5.909694345278379	7.584601370181543
chr7:142838428-142838942	2.8141291470863776	1.3118798563753722	3.412412068480622	2.50335403837397	15.009676254220343	7.562947950811961	2.953591385525378	6.849014789583438	2.7246611053318395	6.609079326174174	4.423607059437511	3.623878777416938
chr19:4909781-4910284	8.394513359318756	6.577944592820999	6.195774773470792	8.005653217663456	15.00433815112527	6.417411111996309	7.140048525070664	7.681818524418983	8.420910992556012	7.990985107919925	5.289016731790003	6.811402643860632
chr17:46020073-46020584	4.0162101838018325	2.945135613356657	6.99805130720088	3.3428522081999037	15.005107131191608	4.602885679894485	7.323250518992484	8.447482284601337	12.84267915151185	6.529870789434633	1.9110283204612046	4.421474123674373
chr12:7036507-7037089	4.287847470727483	2.2607643421949115	3.931116455826016	1.2687503152107302	14.998603568721572	3.265108009591204	4.735505115699815	6.654777927562137	7.9902213754403855	6.075599499619348	4.8518228856838626	6.830396653126995
chr8:95211898-95212450	2.9173467130569635	1.5436366494928566	2.287465037524765	1.0229166793328688	14.994458719024337	1.6558815381611616	5.052027823271903	4.090351643612173	3.7866623878525774	4.503348915380575	4.512825957426728	3.0928315348370976
chr18:58041561-58042081	5.150885654063914	4.92653655167946	5.161955057775296	2.0932223838024084	14.994375534654912	4.221174966048147	5.029687866205311	8.953511668404943	4.266349093947253	7.3149912996347926	5.317830707536069	4.264622668572914
chr19:13959846-13960360	5.597115944503927	6.18552700869869	4.178721958941589	4.518867643708403	14.993733546439291	6.757935516123751	5.410900837505785	9.374437810933822	7.7827921327800835	7.185262365558816	4.008448210754858	7.886555441092194
chr6:42565105-42566226	9.3883348063301	6.539194798200976	8.021617621769906	10.06241077037986	14.991422061546023	6.312229325055067	6.648544775180965	6.380174983146227	7.1328376056058955	8.570689528231707	5.80886981673163	6.87985687085694
chr5:132065257-132065782	4.110818899476467	4.467970735007435	2.187737634729656	2.369695473138552	14.988849555768574	4.03742002364761	4.5346487504878645	8.775612677450523	4.962122794642526	5.914788757369027	3.2576544521948434	6.8922825632921265
chr15:77185202-77185757	3.758532223898668	6.133721087405209	7.801029271705931	2.3868280548936207	14.989122060978524	7.518858973731231	4.682311726907627	9.866913872597742	10.196381154747412	5.164805950429338	2.717691719600513	5.747169802410799
chrX:41084284-41084869	9.056858911533052	6.3310143349692005	6.402228664733616	9.75812822959635	14.98705833495071	7.81267872752294	7.08506774270182	7.489778654916638	9.195879604660275	8.755658496928778	5.474196813259402	6.965325869214269
chr6:20409618-20410126	1.644967632026227	3.10422749613097	1.6580893052398995	0.7554517266062566	14.983958621324033	6.747236841397747	2.7778501497817776	4.292392934770437	3.5913656248573225	7.775141175412959	4.4803513701375675	2.62616199326549
chr1:42777812-42778341	5.434059757498927	6.1833439843871485	6.379908987214703	3.9796810995139786	14.982675910524268	6.114444723379909	6.828220550935937	9.720341296801388	8.403730400180768	7.131447133505491	4.3734466388789475	9.291428740733055
chr16:67946563-67947084	3.4847626279988075	4.14929010937773	4.85679129212636	1.2802974977064414	14.981213507853312	3.326218868032851	2.7193882225891617	9.339982427531467	4.586682200783427	5.831674313363152	2.0612872465653345	4.96530457122178
chr20:35616154-35616694	9.314359643001344	6.028933014493981	6.768141343496484	10.697604240010833	14.98027908741549	7.031907768942034	6.127624051368237	5.731788265845757	7.124046531934785	8.56784164356714	6.828401700997846	6.796980739348046
chr16:30044912-30046101	5.632282384844861	6.682145960411566	4.718253180067494	1.9700277260437298	14.978593633686224	4.254417817238096	4.554779760472923	10.180376245239092	7.0972353650208015	8.003559789253101	3.4170568984830063	7.530244147062318
chr1:112955260-112957070	9.635288040874292	6.820949210270756	7.984813639781102	9.800507290715652	14.977996081347888	6.352114924242537	6.767205211182337	7.13791468210971	8.276736588774313	8.65911210684344	6.163831198415603	6.8970041051677295
chr12:102119902-102120456	7.974341110780273	5.99884302448012	6.632813782097242	8.544273016461064	14.976189690517616	6.082196365995802	6.455265206448983	6.74275187842664	7.856328103728334	8.01422536357985	5.69671878153453	6.314567593407141
chr20:62903136-62903672	5.858152850998038	4.6754392615596645	7.0650435902653665	3.832112166400728	14.975171014662902	3.7905532660461763	4.645000478750277	7.088501217492574	5.861816768194386	4.002257316176303	2.922241892480281	4.887472488603563
chr4:7524289-7525329	3.949073713926587	2.0858268958041744	6.687693960338703	3.613373914722348	14.974514239297127	3.062083402316349	5.455648381037157	6.4459678265495075	4.443332371528506	6.206569758600723	4.287604456073595	6.692683151452757
chr12:123383205-123384259	8.482062113355365	5.32646845029102	6.200126392921911	9.37853349053003	14.974040556147042	6.294315828355861	6.093614141715356	5.251084960421231	6.905581154720387	7.563118326981633	7.111957106318197	6.164565615632321
chr11:75147854-75148367	6.54372133722958	2.9988603019488154	6.591814686648885	1.9609889542755354	14.97399665906332	8.91399556452872	5.540345496659303	9.126461371077239	5.210988527706131	7.272822530090329	1.3912949442471358	7.715855630633192
chr17:3691667-3692177	2.9475042739976716	5.044062358248879	4.960983264499638	2.4320697283740635	14.969183670271	4.860098191623094	5.0441207124762935	9.269423329872684	4.598454911761351	5.869557657885418	3.682489568748524	3.6720070793196014
chr19:12793468-12794164	9.400029073446417	5.996007431448581	6.55086173583178	9.877571504776546	14.967897727518686	7.019257463075442	7.076143807832789	7.62104918844124	7.770211259971682	8.162142240493464	5.84191094879248	6.683832196090264
chr14:105069408-105069909	4.982280638251408	3.5390144944426614	2.370978442352996	1.3881420077859876	14.96871959846545	7.151258272501666	6.229281539867272	10.241780663989063	10.759408116641723	6.109199221688204	1.2243442652017786	8.158402550383464
chr9:116154176-116154744	1.9339484903701332	6.740143045676563	5.06896481034148	1.7983532576653363	14.960842498271376	2.3343129482354823	3.60304257636993	4.302710097383605	3.324327189185467	7.315570868953699	7.131015746072032	7.562036565842339
chr16:81531255-81531895	5.086802686170731	8.777738801042167	2.944993821593141	1.255254869472042	14.957782941781383	6.9959416069521545	7.592911785805278	9.552360906532071	5.729152058918005	5.914927766730667	0.10093982284099737	3.660712454992481
chr5:36877188-36877716	7.63144298756603	6.227618756149737	5.443048217217135	7.200818950519132	14.957565460900115	6.134247452229351	6.982028311820109	8.568480596230975	8.717318430190524	7.990864368709891	5.372596167503626	6.885927099553271
chr1:46248076-46248746	6.929289853989325	6.421550317549379	5.463990185459274	3.460389787110333	14.953538532181307	3.7203406957841865	5.278764238598668	7.712723900707635	7.2127253816785295	9.268673994339824	4.266860121500558	5.926067913497457
chr17:40417772-40418275	3.1994544843700683	2.6233187228713595	3.788215646283794	1.1628822897401525	14.951791652572906	2.1639606027917817	5.6494945054055385	4.930183115084629	4.753067661261445	5.76583525360226	3.367307741823984	6.028392404623438
chr5:115841336-115842923	8.996869389776752	5.799770014063821	6.890678214085798	9.477188795808845	14.952420160311439	5.860710944114026	6.775922192470594	7.007661575401237	9.319832572880504	8.10125584861351	5.519675713344545	6.609186976893679
chr1:778418-779988	9.21158476801376	6.1900809189837	6.60260013224111	9.259531690373489	14.949489667975639	7.740402715373623	7.001678812772222	7.50633093990413	8.72326999124496	8.587641788620244	5.329797809335085	6.939036234985862
chr18:54776180-54776702	7.485718565603363	4.0700918274969	6.753544750559641	3.8915970273131935	14.94847995138572	7.449095440491999	6.060060113412886	7.596429117393694	4.8970410395796655	7.834633557214283	5.355130772282916	7.442546625736781
chrX:119852872-119853412	8.03424677462481	5.883170073189076	6.751882084045239	8.57944354476758	14.948849875823532	6.641052670045814	6.757582715971941	7.002511781602483	9.55615299761381	7.915936241399731	5.287075682510548	6.924189654307488
chr11:93744861-93745380	2.8893423661905966	2.780893519272913	7.982658921430081	3.015856693556358	14.943082843266849	3.3625053603368777	5.283977099373697	7.29616761491896	8.304223481816688	7.22973057189818	5.0836712660748535	7.476215639203323
chr22:38831090-38831615	8.721016897484091	6.713162045820176	6.323045716640638	8.744142039759083	14.940539907506103	8.452852818740334	7.199905961246475	8.133063515198272	9.24542822286413	8.636499229579467	5.534053245788991	7.136020832952817
chr15:48331139-48331703	8.183124202464379	6.545803943605923	5.557727270463454	8.070491531866008	14.933808508332524	6.303177594300709	6.8084360234419545	7.915347964951856	8.215922387849215	8.354559508083476	5.553626893572309	6.757860104059317
chr9:35914288-35914792	6.244236408703139	6.356790813160676	6.16091048203489	4.252293283096919	14.933226460273247	4.945509982517977	6.487316017938508	10.042339974657596	7.901131481148899	7.7824960722348155	4.739114524427519	8.60978202876905
chr2:46982224-46982810	6.235858727098781	5.473961902802362	4.840038106713664	2.0865035047067555	14.928177220521095	1.851519959317569	3.421982685300685	3.960652808820096	3.4924903240915808	6.015917513570044	5.843168316785676	3.747586380390774
chr16:3003769-3004278	9.20829863178426	5.8833544442079955	6.500706781384278	9.95657087114401	14.926314641133423	6.051261859258627	6.296571637292287	6.214819386414567	7.838089306391982	8.366260520132348	6.284606452330388	6.828880384242073
chr17:7583535-7584037	8.671814980544102	6.080495786998509	6.755480361389988	8.68588418207746	14.923523254288845	8.172207476465907	7.013559871872069	7.199637840337697	8.873777947903921	8.417870972716564	5.376018130918106	6.922108724336554
chr16:29745343-29746346	10.14846321446756	5.868515044159065	6.981686870517756	10.312862878282445	14.918893567528698	6.964015452896513	7.087804308248902	7.338326495923074	9.02498023861974	9.310086478075009	5.724243046630785	7.871105515324188
chrX:135520392-135520911	8.42217303564167	6.415119565235672	6.457570818057268	8.762569893287496	14.913947118802845	6.331526469540478	6.987543020866577	8.059607362288324	8.676058097976718	8.142836186087866	5.532026140187551	6.581444564533523
chr15:94294780-94295789	5.962911412726129	4.119542088748423	2.3863207760220764	0.6769353539157371	14.91156919130627	3.9373754311970504	3.4837040666816144	6.204518715235301	7.300574144663465	4.4223391734304585	4.077594347298984	5.360891823254693
chr14:75063816-75064327	8.146998011562252	6.648871919845136	6.114400566071813	7.815287711537517	14.912027217856805	6.956569379004089	7.394621628713164	8.173696089705212	9.0651236757019	8.018940456186826	5.127561554149521	6.876521345404779
chr17:8143590-8144779	6.801482141616117	4.466678169342968	7.753873494464214	4.997700977368176	14.909081175430556	8.276356210750283	6.060259723135259	8.203494881211533	7.83022573259922	7.50003838010951	2.773520767599417	6.830293963364911
chr3:187025975-187026527	4.40818564712179	4.614159155474771	2.5898521791988522	3.698471160393173	14.906343598915337	1.7036531003335746	2.4978857781620283	6.47329365599266	11.653853396306962	6.617988640287351	6.15581414410509	6.7274509935832585
chr1:179034210-179035212	3.0318584283709784	5.341220847863752	4.514673088907516	3.3509598285585	14.900882624558145	4.542604165144277	6.2361092956965045	8.237655480963111	5.3240942520640395	7.574123179588203	4.413866227050959	7.262861370769262
chr1:100265943-100266480	8.50026581674548	6.464354899879861	7.021536392788797	8.427400819720308	14.900880959534838	6.6509149205875575	6.7126653060935775	7.944131741443472	9.285353486270527	8.315482858426718	5.535788602226832	6.620232057035585
chr13:112722859-112723874	4.170356189181345	3.613685362307681	5.792208664880629	3.2714891742944774	14.899946080280305	8.265893763947103	4.801237776302853	3.54874092749405	5.904491461186205	5.584981440600756	6.390522271343811	4.361602378689027
chr3:127598073-127598589	9.077189323987001	5.357118904010027	4.407540244761261	3.3267140042101873	14.89875152328332	11.02343092258147	4.077365476419276	7.550006609597677	7.398213301150616	7.897079540654959	6.424437814464422	7.945384585259259
chr7:44309618-44310129	4.755975630741174	5.333036305473413	4.677769657482809	2.1338985887384787	14.896411896623047	2.7604677223681833	5.78098872220082	7.458258566125499	6.687861786588262	7.417043617876346	4.176002132391411	7.389117099113787
chr1:2526031-2526545	8.44220546916554	6.241277010076679	6.915860213075792	8.537293167422494	14.89648931903501	6.224795832403979	6.807133246673262	7.365625272363126	8.586438289816424	8.059871634428434	5.359684598009759	6.445318808098778
chr10:94362736-94363238	8.227800980944467	6.225857670001676	6.949621148173139	8.519323599867597	14.89245167253113	5.9572231042546235	7.540798391077423	8.87430918816315	9.038764991576071	8.09274567874381	5.437624770442068	7.128990549986239
chr1:6600863-6602516	8.623180424753645	6.600905866152182	6.682529327346318	8.335815463531018	14.880853552711818	8.038352397876842	6.284019788110399	6.382244222851898	7.664450915695054	8.105005801002765	5.884534656851291	6.945275035443778
chr10:102467964-102468594	8.868249200099685	4.590915031953145	4.126404007566629	0.9353468228840507	14.87928466589371	8.880572087450222	4.980208529655586	6.292148909505488	5.230079331986878	7.496748162492107	2.8179871226176396	9.116393799902385
chr6:116668538-116669067	3.558177035846273	3.664883318057486	3.866550379741057	2.810542387838303	14.878127008878483	4.634781276549022	7.201030751354282	9.054659463331193	9.56026624311854	3.9668662186326804	4.657233891982381	6.335999461620615
chr10:123139413-123139946	4.665480297423301	6.423683034940641	6.491344679310339	3.3374608911257626	14.877561334705682	6.291428271539359	7.185674471554408	5.881486602388776	7.560171085724842	7.173394410124748	4.854978384106085	6.593538215107442
chr11:12192728-12193238	8.491911957800333	5.471706866712551	8.205375220215007	7.041057787556029	14.877338658491901	5.600641602508409	10.355330821115347	9.107554017798536	8.769654452674908	5.8414359933513795	3.261096440705797	6.044875358962374
chr1:22024885-22026207	8.183510618214637	5.915600804036236	6.2401475788429135	9.0447530746488	14.867873295916294	6.611839086620913	6.479321104296084	7.196829548082664	7.419521347773267	7.641351401154734	6.532464107125989	6.026173638283434
chr16:48244015-48244542	8.270300971010887	6.02223545567824	6.976118834640784	8.319682729217732	14.867693744760505	5.4660793794138165	7.121149605654194	8.005351660914359	8.96336303172087	7.997757178352987	5.273969721915642	7.067936608175608
chr1:8817454-8817957	8.783225526344633	6.165502647043905	6.262429445043067	8.961241715925846	14.866103027784211	6.565530165828653	6.888247992596392	7.475078556953953	8.191928705081894	8.467036928336363	5.50289733621811	7.322302528512584
chrX:47144896-47145412	8.866163739527725	6.375041659215544	5.856815749534532	9.188696119150336	14.86057619645497	6.535298869686056	6.723365642126873	7.750677685108366	8.463640582464567	8.485966467541468	5.583086992319935	6.702661434153372
chr7:73565858-73566603	4.22422415514187	2.2377837442760655	1.944526503023574	1.5663442867284623	14.85839497358769	3.686432666442673	2.8125843124269334	3.3455525845173693	4.409923669659121	8.106120645630433	6.628401031057561	6.221860561879942
chr2:127423012-127423514	4.016462071830703	5.216211941567084	7.023433001705257	2.419563199813135	14.856539605268203	2.4257289646147946	4.0200523707794815	8.532150781869417	8.9862055929561	5.436647191155282	2.3303216739322417	6.207611275166188
chr13:40681259-40681801	5.436555768164795	4.10730843834681	2.3749364648124165	2.3581157607267755	14.850326152011377	1.9252015172233987	2.8746174502723143	5.597162104085076	5.751964898500809	7.530672508955687	6.336316999805814	8.373123829490114
chr11:87037610-87038117	8.314284947808476	6.51764319395666	6.706128316276265	8.714088567260987	14.849768691320248	6.5916575953302114	6.459090826050226	6.912368010698454	8.554389322088724	8.018296874525292	6.157650742748583	6.329089757193163
chr1:111738288-111740698	8.795200792732631	6.465382405411555	7.210599627422447	9.208742117306556	14.849589546324653	6.8018043372231904	6.16688496715133	6.568199179687156	9.027142226523022	8.408015416072553	5.7339035583580085	6.5535669805994194
chr1:100347266-100347771	1.839424258411968	1.929670628924417	5.440560264032916	3.173099352813164	14.847281211372449	2.095269746170981	4.437364076446684	4.159083126221439	4.138340879306833	5.784873227978691	5.2910538634544775	7.493449206566376
chr11:119681419-119681943	5.024773062951483	5.728859561129057	5.494978247851867	2.34073695541992	14.841445062372332	4.576331197059323	3.2772976784391417	7.027876838399212	5.16197434200708	7.559700825567841	4.746892143589782	6.900912388977394
chr1:2412400-2412901	8.735792197120869	6.158859812869105	7.562815919199837	9.087153903716219	14.8397993422692	6.661919433619068	6.927948466073107	7.070877170616193	8.807500577829966	8.363946002162306	6.087519296715543	7.328145122345207
chr11:113877569-113878127	5.509681056592247	6.162915942085309	8.434969248768574	2.5748005192083947	14.837340097405775	5.628635957528385	5.954634848660859	7.873866327307881	4.635842036161647	7.040655370263017	3.2365319331225417	5.235977541253117
chr1:11012246-11013588	8.714485023391868	5.952374020826241	6.479437315757152	8.757681942931548	14.835314746982682	6.837283635184455	6.687163803043397	6.756029426249145	8.332946187030272	8.162684507292857	5.559175653620448	6.445771525933216
chr16:30697883-30698398	7.869331276198655	5.671321437150789	5.965580140084268	8.77015083035443	14.83247227594134	5.7405901523294	5.849046551966877	6.488738412554486	6.481701346699853	7.621977674452573	7.208704829732132	5.813530650281814
chr19:49589979-49590517	8.772879336954682	6.1861953740025895	6.805216069792432	9.111103981191711	14.830353947895153	6.701098208459538	6.822562893498742	7.407530427970654	7.975812048430522	8.576592307887868	5.697629495017858	7.206489262647236
chr12:1304250-1304765	2.695943750258621	6.981375815909361	2.471369623104435	1.7576866824344428	14.82795528661773	2.263869593741026	5.413781803385898	7.587621391396779	8.1711472521068	6.871537813031941	5.1721397259238	2.612822973863167
chr7:140084877-140085402	3.3274960995501948	3.911790178718783	2.3625016225778537	1.8199439673942415	14.817857498633453	3.525317342529474	5.489148050373686	6.215161804512062	6.108592693646931	5.678593000835925	5.738964719781843	5.8109051289770015
chr3:16288678-16289205	3.1185169811391775	5.91783506804317	2.218029335398356	3.3539970286940037	14.820549099352904	2.836613147799202	7.673430677203395	11.740143591883553	8.941779705206407	3.820576595270209	1.6208032862107147	4.74274276571465
chr1:35769754-35770298	8.116752988061391	6.937107386925304	6.9872539100505975	9.3262491164554	14.813277472785952	6.037531804040066	6.50400288945275	6.3358097398286715	7.5662008052716825	7.963023333880665	5.881209787941325	6.314498043707058
chr5:180390681-180391271	2.3947719670717396	5.9623179783025115	2.1803275234471466	1.4229798915400564	14.808225408035403	2.875976301693362	4.745970243030072	7.088267449900666	9.242432588012196	7.509420694699425	4.544706837486142	8.281108535998495
chr5:80213386-80213896	1.884158671022165	4.778540580424107	2.478405882546772	3.7805617750896494	14.806709191947359	2.265753369153188	6.276599670338893	5.941812435241596	5.587985086890222	3.286425856979109	3.7455983215642403	2.971636104662767
chr17:39027000-39027525	0.9749114824935042	1.6101578254823405	1.5942709304851115	1.2260514197388614	14.806392827497316	1.2389226800305153	5.316368589050682	7.473128471466172	3.115538227871536	3.8055120030520904	4.947287964477561	2.7455609222587305
chr1:1231805-1232319	8.9743340159968	5.9026882435314585	6.746029858396663	9.039898919072943	14.806899487826556	6.9322853287107735	6.701366935096391	7.323974978769693	8.106400044519424	8.775549770754454	5.896912231604392	6.9863649453860965
chr19:54361324-54362486	4.606382905300575	4.884422499358997	5.724075218191154	2.9288211373621342	14.805650470001037	6.1923205506528785	5.433968413902588	8.070916426918055	6.348721079415078	8.265846007110644	1.644282809571327	9.970489019911838
chr17:40320729-40322286	9.004648124490602	6.210036698280957	7.902639075572215	9.762352389263173	14.806085893207364	6.6653901235102815	7.147590282981905	6.978589379522002	8.271430168123679	8.744035941397586	5.523035415177494	7.134634515387642
chr10:69516194-69516705	7.108946525137467	5.6401357214785515	7.978225038137362	3.957835093317461	14.80227900000135	7.105512554708405	4.541248956873999	8.903237250892689	4.411954823038469	7.677849743732729	4.31765185593596	7.142355587717992
chrX:120250483-120251009	7.886678291763326	5.984086930015646	6.946476755000423	8.623515691636984	14.80136126417377	6.095147931209477	6.705542630845358	7.319936793815641	8.63541213809415	7.8326505482265	5.547602649050704	6.903939180086973
chr1:28248395-28248904	7.665513751057347	6.542071757907908	5.559196116606608	6.55177169129781	14.798031023111221	7.182058769327742	7.35954688393075	8.975806138452246	8.46212195970265	7.4568364571244174	4.678054346102004	7.51801924488295
chr4:74308102-74308632	2.1979074411182995	2.584710974077231	2.253191420604538	1.3989547232196098	14.789066706879645	1.943108447306771	6.069315738402358	7.532287137255823	5.678407399416638	4.403832591014443	3.7981762849377416	5.347434293385639
chr1:2194541-2195600	8.710015682978982	6.26764057710221	6.905974496430245	9.279031562415415	14.788062777440182	6.346926508513513	6.735742976558026	6.657269753005137	7.959037639985461	7.848165171666585	5.876725563556706	6.733142725710075
chrX:155216115-155216628	8.249613391951238	6.146331092321338	6.348939871785853	8.603368971274477	14.786851332295472	7.737244094527012	6.483402126115949	7.025187504026172	8.380587804101717	7.773060141338412	5.527412541040916	6.464239983364942
chr20:38926004-38926510	8.138812649132095	5.503256659966855	7.0160887902415014	9.010083615101019	14.783120958558857	5.886740218501919	5.4157930586586245	5.697365759049887	6.42267988460103	7.247913326901122	6.809848478479696	6.25160236893245
chr16:2008505-2009538	7.7115499649129715	7.692840692276863	6.839628322868523	5.886840417776022	14.783397562229972	6.685350102657256	7.181796432453909	8.785444831387212	8.823857826891631	8.38668744111517	4.350854834367322	6.2048868064421105
chr10:46583697-46584516	7.728148167581245	3.8552281010045233	4.706134181117312	2.9332998847506784	14.773224359372982	5.351195720852022	4.767777417663455	4.460126251826295	5.7244703011036355	6.637176103662254	3.409899889741822	6.597432757272847
chr10:101353699-101354283	8.696048845436426	5.532439276714669	6.253235721466778	9.914238951228766	14.773807795605858	7.115043373986026	6.028953768827444	5.953483796510663	6.787595158011994	8.362819263994362	6.547222355813553	6.06786759549237
chr3:54853734-54854261	2.6437085084699157	2.4400893493510405	3.126788141874962	0.6249321779191863	14.773038221714184	5.200074958284001	3.7471670555270933	10.123074861141056	5.915153239854381	6.512930429256683	4.842711867909487	7.550749902929459
chr1:148793710-148794280	3.169188286703506	4.679095728621287	2.861239311268046	2.088154021333167	14.77368365671049	3.7814239335518574	4.279806524570894	8.753054807496671	10.740193037114192	6.561566211410559	3.3478511919790392	8.139320874658042
chr11:6602925-6603947	8.827784030960853	6.240965200988735	6.306875361627233	8.467958024549448	14.771420416592523	6.285816681501988	6.751677581131923	7.16823186731068	8.311467350374146	7.996752123483294	5.521228071732759	6.492054829281819
chr11:67118905-67119417	8.900917600018802	5.817584906842786	7.585846510581156	9.444538906008185	14.768033002047853	6.8625479534949845	6.69557565392736	7.071465505750755	8.416139657814785	8.73538963281462	5.996679777379344	7.030094125315757
chr11:67277418-67277947	10.011133295207895	7.4908901837022395	7.121501681231808	9.407231530503099	14.768061620851995	6.790539678430703	7.084546838467709	8.388047448770532	9.122615269173982	9.955878726737105	5.116467405905545	7.648716396543834
chr2:195566223-195566741	4.202355106382466	5.953546969539796	4.823635283262273	3.9660869918552524	14.762521677659223	5.333724850369806	6.010516178838912	9.08516174455321	6.069092493412122	6.163516159710824	5.485526679205603	6.359292732404479
chr19:14380372-14380989	5.926786918931432	6.110372922469819	5.659831584609289	5.089672100711131	14.765865432750973	6.716744756875299	7.922611038739377	10.527380893721798	11.677888038507925	6.886437394644197	3.881697823829191	5.811880109720488
chr20:44886143-44887221	6.765416361773039	5.828901563002531	4.9388397690516905	4.897097565804312	14.755319107954314	6.046323187550213	6.582546476166475	8.708166504395603	7.2975306937580315	7.114722083788524	4.733100661184929	6.193191308804375
chr19:48891853-48892382	7.449470225666291	5.369792544734688	3.008463102566923	1.956349708514802	14.754867359618016	2.7865204536262995	4.690524092421675	7.417792814431227	8.168182580030303	7.046379265297737	5.469121830571945	5.626061710092761
chr11:46593823-46594341	8.161265381658009	6.403091910678711	6.992054886372167	7.762170140307594	14.75242935398562	7.695996056974184	7.267479357371095	8.83938868265893	9.170699448957002	8.666278913720403	4.991961931397472	7.434419204613359
chr7:26910168-26910682	5.341785658353037	4.715992285670223	3.841974500540817	0.4657191635221104	14.747856474645834	7.254478285576819	3.019787200971104	7.27241869792298	5.126758942496061	4.354774990481102	0.6352816030804689	2.9392126772261937
chr1:42924732-42925303	5.280271815668629	5.4672215881255095	4.702845647478871	5.353802760694787	14.747881528836507	5.001180973414363	6.137619607373567	7.166499264148797	7.642492994080129	5.993816580991562	5.18011811375652	5.670822009718224
chr2:64880480-64881605	8.125500581454286	6.635924334999732	7.104333565375346	6.404567246165119	14.748947603074129	7.296407477511641	7.566841982080509	8.985761169925665	9.992478018503517	7.898412270152189	4.6404502018936205	7.601041591854177
chr19:49937597-49938098	8.283223700998365	7.12944777700265	7.528721332451014	5.630189789955051	14.752343909703532	7.667019664391292	7.948832920647928	11.076004790857127	11.307338163782637	8.883747243652758	6.0801313457519655	8.656199352355323
chr14:77799578-77800599	8.442402353498897	6.59593906656288	7.9283019784649955	9.522018988638214	14.746910408835653	5.896725110318845	6.749188978775509	7.367774279867703	7.68621466468516	8.469705420447097	6.2646551526858785	6.911054520323312
chr19:13897185-13897747	1.7035959893252481	2.170471147078431	2.689983887203795	1.4962787108538473	14.739447591075933	5.305393069022636	2.178048941411789	3.692371786005708	6.492481843194209	5.9510456760995565	5.736545472667516	2.2936763961132436
chr9:78325297-78325835	3.914453548987413	5.6850704134073	3.4115567342708424	3.2162122647817815	14.737303596459698	1.8633890023483424	3.59134082253006	5.048005316651429	3.661568481711326	7.712355995150377	5.615748816499117	6.3996138305759045
chr2:126682342-126682877	3.4435587227968067	5.916155171701437	5.954173023358798	1.318543297182012	14.73549121460723	5.023731082067621	5.600513991342916	7.81892113725222	7.43508769272195	5.886499116553115	3.681592503584511	6.3214122322397435
chr8:102617387-102617950	7.115226872057949	6.809693884773114	8.206449754985277	5.537272230822351	14.731202004980377	6.715054335722384	6.294130462548857	7.413207469385236	7.772991400750602	7.752901632845458	5.243427207873353	7.945995745624699
chr11:72725142-72725656	7.48838154409903	7.009740556287363	6.705924583322473	6.604983168650231	14.725513974603661	6.203979056047002	7.8283149013689295	9.361849618793537	10.72465867592745	8.160120019507573	4.724035124924876	8.645512960295179
chrX:15675159-15676186	9.392320933552565	6.3827639570478905	6.651411941406135	9.993499365782494	14.722621370866815	7.41734012389459	6.975228734017371	7.070781850442209	8.81376711413042	8.247681002397007	5.63001359162453	6.022677776861573
chr5:98309701-98310658	4.107458821281393	1.368632881132817	5.469257347394106	0.3903732965661843	8.072716185386003	1.65680167185448	2.9215476192539622	4.197295079135335	14.718874760774641	2.376202484869677	1.6032043240682463	1.8275355814054313
chr17:28872666-28873185	8.003357110500453	2.3364672620326297	3.110957650573544	1.5075790892677006	14.714293414117412	4.298577129780204	5.0428608139663735	7.049293914202908	4.488020638914691	6.74932577264251	3.7685861664411995	3.1144343480069985
chr13:32538599-32539100	7.970135416893958	5.93007754247309	5.90920254969166	8.321534138340443	14.714123302043138	6.397958383879388	6.315799160883207	7.047197821042308	6.710919027241528	7.83084899732114	7.145202567372572	6.510147838352925
chr11:63614154-63614719	6.448830475487381	6.589364211314251	5.165679868390246	5.350652853585656	14.711661895339914	7.040602785852835	6.556357113087179	7.936163989698857	8.666352244163441	6.793953756431082	5.078992182799949	7.0186135663755795
chr12:103929984-103930498	8.294296999017268	5.859074656319322	6.678902625265657	11.031093789109601	14.710841849608112	5.710166461326832	6.502393838441502	5.891720785545814	7.042978575357897	8.047019689770885	6.2632170565372425	5.861852038154026
chr5:93582802-93583355	5.0640172123831055	5.9483275668555775	4.864947916147723	4.342928090048596	14.705002909957978	3.9759503032482018	7.079094894244804	8.836665404817907	8.687153455971915	6.386778529309989	3.8396591717521598	6.621343525890653
chr13:26821616-26822555	1.5580796446643481	2.2706693502064965	4.245899212689175	2.207476357073637	14.70035913712085	1.722477621101224	3.6965247456228587	6.042071928589371	3.249456479100463	5.022332564281218	5.400403653451351	1.920084274512131
chr20:3459959-3460468	2.276711323914376	1.320229915371146	2.879417494602494	3.175396711007592	14.699661668504637	1.7029672707902406	3.2021745385702425	4.953453401503586	3.099507470458346	5.797306671900166	6.1109499900914015	5.741753823977972
chr15:65382024-65382527	2.370699565475464	2.206737746143215	2.206795866657981	1.2925766372394123	14.703581205722944	5.655132608072791	8.021483377515365	9.739600715443993	11.906264340283053	3.183276892730166	4.012902983376335	2.7461954727367166
chr1:23367431-23368044	6.11875933561394	6.001658078014482	6.821526813653609	4.961166665473038	14.69101319624509	4.869202411547546	7.117051132583934	8.626452994092853	7.039947366077854	6.843579744969128	4.462585383425671	7.186739366299937
chrX:154547063-154548653	8.916514627158547	6.450325626200463	8.313372268989777	9.442011918027857	14.691547527598955	6.768816399946895	6.98061184261402	7.076368301344649	8.378552734609361	8.843737773791535	5.690379542306072	6.918258884428533
chr2:98807131-98807642	6.544653451235512	2.390167958129786	12.864228444725509	1.9556096216568783	14.690816808519592	6.4924417300725334	4.391573156694995	6.0041220682753185	5.746473661525615	7.639833519977795	2.1250998309858584	3.4405111514071836
chr19:35936070-35936618	2.705632224317875	6.186661779630189	6.220327103824271	4.386972430516151	14.687539613639768	6.512061548136688	7.087290184422375	8.554528776652928	8.595154065405797	6.7128081213770825	2.54139980885757	8.266334925996984
chr9:306868-307393	5.842791665546762	5.810418211272805	7.00763258200598	5.035553537692298	14.686237472663775	6.057626855292472	6.447712813504095	8.30519981421303	6.740571169575155	5.581397881757015	3.1509199037108475	6.6171298291915095
chr5:10288431-10289025	7.488740711076014	6.067629939163035	7.159864887764138	5.579923397355963	14.685399211991772	6.716215264230116	6.5373720124255135	8.007422894170292	7.822610217336289	7.253617520167569	4.831364138421333	7.464278305742094
chr3:123026749-123027275	3.9111648032690565	6.684258280208184	6.548704095649564	3.3742244491441693	14.681542145569132	3.2881205011760826	3.9584353900206475	5.737622624775438	4.450871962707795	5.905497085007057	1.0521923713419588	6.327059682140772
chr16:67521031-67521534	8.758618011565288	6.160671808337031	6.88897588171311	9.124146317588137	14.681509424255797	6.284921907197286	6.722005108045427	7.465680035146327	8.007572424490421	8.931027433430204	5.028081502087748	6.980712980048223
chr6:37433499-37434329	3.7420206646600342	3.263943328218784	4.0772817001143045	2.476800143189277	14.678078187642734	4.178667275325002	5.3445755941705055	8.197720511106008	6.851369249976818	7.148426263117738	0.44154042013949096	4.5469546916528625
chr3:185672460-185673018	6.7089884545921485	2.9676789571712177	3.091044268113273	1.3202236331503983	14.677203992516295	2.736520663276381	3.05754233215201	5.332008027714224	6.122136355692114	5.313630691993052	3.8628379987903454	6.489838237364296
chr16:29155048-29155575	8.836755078122424	4.21123621792562	5.411703937973776	5.266582934646159	14.678471747014918	8.185950021651413	8.478004179313055	5.821605809569484	10.872747183224059	7.64086175623684	1.1164476191693942	5.75024505307863
chr14:50794262-50794775	2.4490642395613396	7.101250062363002	2.1220802957652327	2.7542628751196774	14.677312629080697	3.127419685322203	5.089951993871808	10.99282954643607	5.643185830958069	7.437247121554457	3.311574697549878	6.6487288544992555
chr11:82959906-82961266	4.952380528052824	6.086520346329254	5.4530035098783465	6.205481890390359	14.674310279878354	2.273335988187258	8.148013755490572	9.729992058208493	11.25224693810583	6.637364031648856	3.290926924137906	5.529495744165935
chr12:49331537-49332103	8.005654763426358	6.9636820466267775	5.092021255450705	3.8999130322636026	14.670034732758323	6.309933637080145	6.451779037145922	7.559851670795197	5.595317510467882	5.635706967572154	4.304020483475178	7.342362282168069
chr3:172709674-172710874	2.9156673436863025	4.244272953763102	3.5842254569134147	2.809779746090813	14.664599927792429	1.684356335943011	3.009330335481053	4.915479202752095	4.206122379754995	4.151529802441121	5.730485314607547	4.152569430430041
chr3:138434946-138435508	3.0722548114502835	2.393256320594306	3.6133609992320204	0.626304141585127	14.661131346396122	5.428287037779164	6.233992905608529	7.89056102448209	4.231288060225264	5.552824328970395	4.580030460413202	6.788514414803958
chr12:110124051-110124580	8.456928147528762	5.842751985400949	6.403095357521909	8.187947822709575	14.661735355356223	6.932079882965517	6.367494923509602	7.158015422922974	8.14358578672642	8.323019890839488	5.688984191500082	6.872417326166914
chr3:15667440-15667954	2.9415542915598243	3.698720258014109	8.164630884448725	2.215719481171764	14.65985230718527	3.8179613554221032	5.408892916901586	8.392416868408489	6.131953107033089	6.126594484123869	1.8172433135155697	4.169429744174045
chr16:3857262-3857768	8.54379939734095	6.987316142933349	3.5852142132916245	2.6879704550852193	14.657833030278367	8.283423694366904	5.635213015531565	8.623320455564796	9.518154669644824	7.296464191577946	3.1222276854549147	7.158786065601899
chrX:77895258-77895766	8.16604681005295	5.5192264931288	7.596970345618753	8.824824079022791	14.655710502912173	6.679203765887836	6.565651319632276	7.178382456556507	7.9109857353426785	8.365466732953601	5.596609468507631	6.548067300953189
chr16:67971048-67971555	3.1884923555277647	3.8580062945902007	2.2509589536315904	4.3273192060214996	14.65261506926791	2.402743324621862	4.022405090533404	6.409202646997211	8.962125201701747	5.136890029271545	4.518046698013788	5.8743876001649245
chr19:17747381-17747887	9.048851104739175	6.678791521749169	7.164087156714798	8.916858958271808	14.64803685969022	6.518940773597039	6.9993432168508924	7.5503555585339575	8.67363765404776	8.75257823207857	5.382092763042203	7.055380409463424
chr16:30893910-30894424	8.921028000507498	6.736190824014457	7.49069606033422	7.876376497485228	14.643380262724682	7.178550154572662	6.72195911812747	7.5156655009885265	8.891838480523838	8.334385340360964	5.982773954920122	7.2009230265665956
chrX:48521477-48521978	8.11946382525713	5.963785455865939	6.3470227473537815	8.75535973012272	14.642332422643435	5.986178738760706	7.102715213037465	7.489749959516357	9.88163203827608	8.062591822578437	5.697937704829727	6.865768794829426
chr19:12551337-12551858	9.057241190822177	6.525454240275582	8.581220524993146	10.606838231572203	14.634576741698679	6.690756772927766	6.6809425912097185	7.076843497832115	8.31690631139815	9.095519663043243	5.63382909382294	6.754039397926765
chr12:52879423-52879932	7.801263765288283	5.943842816786195	6.574024539475589	6.681800087369514	14.632115471340798	6.554149084989816	6.278255787177638	6.702374330099309	8.251155102355247	7.796805988275722	5.340941811440877	7.194339278873571
chr17:18183183-18183717	9.209300551030024	6.436119222714572	7.661097017864268	10.716535852320543	14.634051111178483	5.69215212221653	6.680945881758625	6.421455243108124	8.097571746776723	9.19411917770035	6.082259833867103	6.5943153487008805
chr12:124734312-124734812	8.616227079997513	4.626058006626551	6.725507286733734	4.537846283799251	14.631168419209207	8.243413819194947	5.01212223004309	5.474812890577767	6.122528717446993	7.712851728673176	6.999005482815349	7.934477906327566
chr4:87975402-87975916	2.4382171273770954	6.812828126789579	6.5756144511432835	2.4027263257991325	14.617517839210988	2.2339887839032966	2.9565970059585798	8.763643750232955	8.785369372349852	6.646512220387993	1.090959394424166	6.421597321932787
chr8:59117582-59118722	2.7455131235518153	5.927909955028926	6.4725560773361375	4.181378395554281	14.617209294607903	5.710531362609327	5.9885519885917935	5.509683292007182	9.113617316325774	6.797068241947042	4.9301190881969035	5.748820573901365
chr21:36437744-36438247	4.472256070512082	1.7653209568501358	7.269848896953703	3.662491082536318	14.616654435318004	7.583676405935482	2.7668060717103775	7.104823185380591	4.382270400715326	7.726540824157893	5.644850798438366	7.713729142340744
chrX:24464937-24465476	8.062161633927355	6.270165865672094	7.8703008892916735	8.436821772820448	14.61713735400053	6.8737217798199755	6.443114116598574	7.074270285810454	10.230997535771992	7.725431826716137	5.498254776461824	6.261629531525688
chr13:43132205-43132718	2.084096667320051	3.6745802471625413	3.092095083262234	2.807923128574215	14.614577628195631	6.183142658247157	6.079225706293749	6.789321449612989	4.153376538030149	4.73547700756705	1.4966418645586481	5.590907779970159
chr22:42769591-42770171	4.021233213118078	4.4402755123902935	2.874940475241075	3.69243411743955	14.613373627762243	5.264781914583336	3.5382686673830928	3.1894239009368768	3.568991138484424	6.6108976103720245	6.028149857814919	6.982823495341186
chr19:41424847-41425377	6.118135281616453	4.416376726504811	5.570139326536176	2.5889481704943558	14.606188280472397	5.241324865696946	6.366717833738458	5.472260304610512	5.941935345559071	6.897546475134125	4.654908532757903	7.207596372707934
chr1:6393154-6393724	8.369893274021036	5.890168732982004	6.245249017334218	9.008459194009319	14.605261775613823	6.271556418857833	6.075790535873987	6.119843263413029	8.21064071516083	8.071995733041087	5.618539623438426	5.931088173335022
chrX:48958222-48958725	8.852147927394606	5.953667200070835	6.663740042552727	9.0256649196044	14.600952857533825	7.811934287894404	6.690252474132262	7.137591153945942	8.351674665591197	8.33074485211951	5.6122658717358815	6.848216775606152
chr16:88773841-88774389	5.689373800134322	2.1666406653579884	4.0965006831018025	3.1816881137130877	14.597989267755075	6.528189293915478	3.966103852832307	4.616568406433549	6.227598864460748	5.194617467030278	6.121703045592201	7.415761190941675
chr19:12785566-12786118	8.855689488548396	5.669765028148396	6.931258598905194	5.609211988179793	14.596907129382087	9.036508511224627	6.310079189541333	8.366937087656098	6.883208269945345	7.100166698339402	3.9708809477429954	7.111069454927698
chr20:25390671-25391211	8.979833871597542	5.125341513791251	6.806638643592945	9.695122993975222	14.594687202836143	7.0087423489019365	6.0944392542772965	5.868522337234893	7.447414819900516	7.154891682700791	6.588852586244151	6.314074948718069
chr11:65578624-65579130	5.475751192762711	5.588336592073465	5.652823229704774	1.6392709456147248	14.589951956631717	5.017750556667378	4.911334841912495	5.479633543976088	5.5739391267362	7.752257493628681	3.6881405708291704	4.659690452827989
chr3:146497839-146498354	7.3194461919381455	8.530769273758041	8.15735826353067	6.8415133415435045	14.589618250230759	5.5259251980841535	6.944969580705772	9.52095134802886	8.400187586781339	9.644061828069834	4.35020170224453	6.745662890027888
chr2:63888731-63889242	2.9790257851007813	4.0776877006162024	2.828788728812634	4.409950690971223	14.585083114083211	3.0983744479261843	5.199064171084307	9.247275269308314	7.968688631529853	4.146711419209421	4.911470179733632	5.034534383110623
chr16:70700017-70700634	4.21650207814388	5.5139932334057145	11.313039664466583	1.1342989278657551	14.571241050579362	4.196327946484859	7.41689008128828	5.9339828359377655	7.434655406369311	7.9684251494895495	3.448180254679305	8.711435316536543
chr20:50129905-50130411	5.732332202922883	6.931469071026419	5.670321268098034	3.4160630365180142	14.567516401228321	5.437660985962542	6.084058973846009	8.173377316475655	4.377879344247631	6.475156785242396	3.289978696038785	5.087942094685806
chr1:206466970-206467480	4.345969518198359	1.2414050273322457	6.634200417017069	1.161777105627376	14.55973966864562	5.263564510315181	3.485125783975666	5.466197063891217	3.9824083453803234	5.864169778907609	5.118917389427121	5.719947682010379
chr5:36885571-36886091	10.239894245732227	2.606736155435769	3.174245669864969	2.294147002695037	14.55821028665451	8.337625847399597	4.543282790722762	7.390660816672557	8.793416453541724	4.404760566672318	1.9644435524551511	5.054708760835617
chr14:73787534-73788050	6.887897199073629	5.986162877073187	4.453253174229686	4.36017708236204	14.557322803541819	4.62522002112926	6.767569104780644	8.455834929166091	10.143118715485203	6.375510542297122	3.558943363200388	4.397704526990648
chr11:45233403-45233914	6.806292203578745	5.739186150419006	4.880492516022338	4.531872892672401	14.554957949988767	4.366452754749709	6.215940985601545	8.094348166971232	6.522577957956318	6.284893800136781	5.931826653141176	6.306588774431632
chr18:9333860-9334961	8.480730583948393	6.210351623077434	6.431012659395836	9.716637640096579	14.555468534578711	5.418329562470413	6.285181596690115	6.0973027120236845	7.081942631254866	8.470529351345156	6.544208956608811	6.327773477593393
chr2:30179018-30179531	3.4846073258376884	2.4135529418098702	3.6147996595116982	3.2949099091906553	14.554035681433929	2.475518920994674	5.303077035755816	7.336649941613921	7.622660732088122	3.603725219025544	3.0426991503779965	4.4747866174472515
chrX:48574114-48575171	9.080558063958952	6.140792566528622	7.053275955141027	9.247588329530611	14.55467180665253	6.73173485399139	6.847207962403713	7.342846366483808	8.096752214959933	8.193567808289316	5.883611938423372	6.399357487944275
chr17:21322873-21323382	8.046832548177722	6.270596722656769	7.353450275711317	7.532312601317959	14.552707305530992	6.888266903549877	7.142877052291299	8.400424361665465	9.27875526272733	7.781456719067844	4.994323447574414	6.639199286951957
chr8:43166931-43167470	8.073900373881974	3.3165618787919833	6.968101190373998	2.6788339482320063	14.54846982273016	8.705398818880107	5.942237442651564	9.885163791125136	5.50066149821664	6.312087468831826	3.983553861905792	7.000546190194218
chr7:92656048-92656583	2.2389892953378836	5.250357486234069	2.6418997260991444	1.7783054085174683	14.541083795214691	2.293545052978325	4.059747581841466	7.0494491743679335	6.290214463102058	5.508940947663287	2.617371207092649	3.131499563720738
chr17:17752055-17752608	8.750586102119287	5.859753060630204	6.315914180720383	10.032344850071325	14.541300631380748	7.050418055582872	5.9134989446695	5.835619040500191	7.571585974804175	7.818081177071293	6.20225974721634	6.163599428632693
chrX:153470471-153470974	8.788317042003339	5.9576773537623575	6.193227530417615	9.048783557947523	14.537771538452796	6.236524805856041	6.601184714448325	6.876739427699065	7.815762273891116	8.605774919477014	5.766364667520935	6.606116252376327
chr11:59550800-59551391	6.238607352221443	6.664223277125912	6.134930978697266	6.502602551399509	14.531231137482974	5.275161448244279	6.9482711922285585	7.1742564211044515	7.296983865435757	7.133577457547593	4.8857902031789635	6.353948806641637
chr18:3916092-3916607	2.877664799446459	1.7012649177657884	2.7633904431812075	3.401444962811043	14.526828695657791	1.1326052895502523	3.1083897717464803	3.6352713499431553	3.849069306468638	6.45112725069218	6.504133581884572	6.082366691554297
chr1:226740976-226741517	7.400870141662017	6.849548923901229	5.750357908203441	5.983425114438944	14.524369084892598	7.752611948024071	7.12332944373674	8.598103721595649	8.618569589017874	7.493275295330301	4.891358412280529	6.989815157667685
chr9:15104764-15105317	9.060711079550382	4.846912999650237	4.465076655832292	4.018413612084284	14.52419455959652	4.357880397957132	6.797855367568833	7.6946528542805614	9.319052852417888	6.0788617464539385	4.150570038283096	8.22464266534878
chr1:234523515-234524030	5.864949869326107	6.899919135568472	7.459385595137923	1.9797387153294679	14.522300380954507	3.0784603682334146	4.720672393524577	6.339202293444136	5.73075682906336	7.647685458637737	1.0185586804854716	3.726580495935214
chr5:43483626-43484646	6.243330524016712	3.499609989110845	3.0601480658563918	3.07644142476588	14.522336239365593	2.54824725820182	6.395318143675782	8.782322770852273	4.837914450210168	6.188750745071476	5.352509035261464	2.758280930126002
chr9:134024997-134025506	9.143592704838376	5.7217095220620555	7.358558447096377	9.5514058329047	14.51667615187699	6.971612517617738	6.356857578136116	6.219560707698418	7.1086052739560825	8.40058042492936	6.634963628774763	6.929717645734793
chr14:23301554-23302081	9.504594712985847	5.146880595747056	7.352568994369065	9.886267609231403	14.510970243345465	6.799016115288919	5.594942806783051	5.584341683720538	6.860845416101522	8.466922069744113	6.85418439774919	6.695515801122995
chr14:23660306-23660809	2.8814394109828174	3.4084859175893527	2.7718319877176913	2.484157339056052	9.531670018259579	4.248880399232338	9.134007416164609	8.713115447075555	14.510113100999453	5.281809715434668	2.9939532856702984	4.083013367067541
chr19:1213837-1214342	9.068576719530569	4.681281064291791	7.423973878307513	6.884312641940261	14.508425562799234	9.21999895774875	5.584503585297507	7.698547155739929	6.191640442003595	9.03570709547677	5.723754121087771	8.929243422597382
chr12:15534268-15534789	5.981506781774304	4.606799305047039	5.538877207910115	5.431813495168239	14.506135042311994	6.438333586408506	6.276200512018648	8.996646993791488	9.182845506518994	6.242774384662589	5.217684157232422	6.199220141151704
chr1:58784802-58785387	8.23208288883727	6.680555220699866	5.96223050773984	7.881348820036445	14.508543741016894	7.682319632457731	8.147285629475316	10.402098815524655	10.865593350929815	8.057223309910853	4.170902390069324	6.3543516746918485
chr11:119671551-119672101	3.7063512409669928	5.421983025012446	8.951034010084411	1.2615339023880279	14.502571216689518	2.646754900065834	5.162443949220395	9.217936001345555	5.66974574479196	7.859139271223571	1.0634125489766157	6.904608235441206
chr10:124423823-124424348	2.9720258116105014	3.6054217558776167	6.659212978266903	0.8856713623281484	14.500471675333372	2.3077755129610256	3.949465811329063	6.809142604705726	5.688521623560126	6.08913203091751	5.298953849889376	5.024739965835761
chr1:7783776-7784293	9.3890355434103	6.337793109627268	7.4868478288995615	9.936604424020093	14.50275991671593	6.815550802384478	6.968345878915354	7.29028253966122	8.724963972791867	9.12409281680531	6.109966583626578	7.311556381597058
chr1:156765562-156766109	1.8010891759690335	2.871536481869948	2.690233332271034	2.491786859735661	14.497794168650145	2.5841476286543816	2.6124778506061146	3.6468753757255317	3.8164929688115654	5.888455657018234	3.5916292779155876	2.0252309099490926
chr6:108673097-108673654	3.176636907765899	2.324262233051243	3.91515507865539	2.122555685312072	14.496997345941192	3.440819867954131	3.769108379079706	5.691978539398442	5.1310166081997135	5.729853640007017	2.843408328164256	3.66884424997388
chr15:42158226-42158774	6.695318451680529	2.672811178842363	3.9347784270953805	3.6091453426824094	14.497423924167538	7.8556909566429365	6.1275199646183625	8.412902538252633	6.30000383982442	7.623181225625991	4.1873449044735995	8.03271392473529
chr5:175656402-175656919	6.411779616963545	5.428484550934978	4.34233450688884	1.9513108703310165	14.496542845136423	6.881945029626954	6.357256108574866	9.738863388294346	4.874213891364039	5.8250811217060985	1.7283582437794505	6.302009839134275
chr12:56757401-56757904	6.797634648577595	6.110558856753337	6.661159888956955	6.454993860740016	14.493825856112139	6.343004244151532	7.442334354345764	9.691076398553603	8.768736514305036	7.513397000377551	3.924343803839097	7.332175485044384
chr19:33293192-33293979	8.787422982422408	6.046835627809834	6.693160543715151	3.3889930740024874	14.493423269436912	8.246577304837873	3.732395069633148	8.257002453177675	4.585405345037946	8.467496214624834	3.39438498584037	8.108847296350163
chr6:33413147-33414162	5.4520645436165	3.6381817402989243	5.533755342678985	4.378910545761684	14.49142296899883	5.93370068733162	6.393953567026954	8.09139273878764	8.14974363984558	6.632908236964053	3.3884457919220408	6.576020815115728
chr1:27322773-27323363	7.285170075366059	6.555369875290733	5.378679773694381	3.357359740918629	14.490737847021672	5.001171347060788	5.107053499380821	8.81063884676212	7.104597560936922	7.3638782312572415	4.497310934779235	3.664257845063786
chr1:21353325-21353846	2.6558419860998117	4.168588509164191	4.9291326450255015	3.136149160253286	14.489139030426973	6.400224190984317	1.8015628462987872	3.3978037672420593	6.601251327581126	6.834636978001254	5.358927160550309	7.682668837252074
chr19:14005579-14006097	7.822237128716234	6.073126293548024	6.1977631042270875	8.072523685594957	14.487682906399879	7.2527656776540645	6.023649152361531	6.8892533539118155	7.069092058888405	8.018705244077204	6.685896837497283	6.696385391625543
chr20:1113958-1114484	3.877001158062743	5.734883488113674	5.32704845525174	2.0119246221507	14.4862080328942	4.456152159374199	5.696906341813754	8.396141313671485	8.45651502462046	7.094776063080479	3.3732990296109673	7.701834792551459
chr5:36870370-36870892	2.6492400761548103	1.1765786694904534	2.065972386536673	0.7254838200916118	14.483260250520877	2.6472222693928478	2.338000627192524	3.768550412239788	6.789396234172912	2.853771366676766	5.276444691154634	2.049433186018695
chr10:91409396-91409919	7.290032028821371	6.27770609200659	5.214914355315076	5.693216024604975	14.480265331098352	5.6531670880481455	6.087258571799601	7.646568300933215	7.069352705441643	7.183912129096751	5.485340464181225	6.270403340159897
chr11:33266402-33266904	6.845831428226093	6.140489258376896	7.495206338902444	3.208965631106925	14.47243975365567	7.93115014660682	3.504474771011094	7.157482524594877	6.096554051498325	7.979746134111044	4.489692940261545	8.29069560584833
chr12:69639336-69639852	5.9319036285581985	5.813650847314596	6.649698075348156	4.187938616089088	14.469813442744988	4.5383405700558175	6.51526400179901	9.1901802427235	8.217716266327997	7.41660605374991	5.426896155280868	8.00588829012131
chr6:53551630-53552158	8.41196817840779	5.811037124606461	5.6711789376246475	8.571524051909465	14.468671612510235	6.005231836536041	6.170186853229785	6.0778395453437595	7.744379543188154	7.5059327404443605	6.410872238595629	6.391886749679869
chr6:73461097-73462174	5.870274979750231	5.1663848319366235	4.439532460685674	2.5765055213138313	14.462445824771113	5.962698898908718	5.4691883825552985	5.788691931348669	3.7994999327804044	4.531392118866243	5.216753102353924	2.7085977894552657
chr1:186082218-186082722	1.5045056779915407	0.8449399844626584	1.6702089012787888	0.6033960787911604	14.462165031185465	1.8593328725842386	2.311216815336661	3.4596168396236497	4.061116480535315	6.143682193227083	4.567142199812879	2.010010477756632
chr5:65927501-65928054	7.996532679387633	6.87693700049513	5.9672174807334555	7.058394681795945	14.459825793933032	6.871472175831021	7.3358405264598066	8.602419871054655	9.658746352131814	7.868849910263171	5.299357456103568	6.71563984684196
chr19:10551556-10552063	6.065544685463238	4.153685831996037	4.36149466007067	4.844075350855405	14.458644487371624	4.865173246797935	6.733524557025149	7.489428612401254	8.533674980432702	6.5344041517551785	3.3058898505605447	5.585434129969536
chr12:54300745-54301265	8.3120300280725	6.518031025077662	6.218568919014777	4.925181247011598	14.459581323596836	9.763406737978928	6.033603834217782	8.164379132831986	8.52266430872378	7.552092548655509	5.182204328454455	7.859493809180768
chr16:30615279-30615783	7.540692668149738	5.450504201996057	7.017400504245069	5.240768425658655	14.455871353447867	7.627094209320675	6.435437040493894	9.235903741612587	7.235630454767102	7.710845431182468	4.564195346371723	6.982043644806424
chr3:45642657-45643186	7.701323573857261	7.105448765817663	8.396163891105559	4.774099286487229	14.449686466704259	7.466631161548615	6.297165932302833	8.898553617666472	9.21895502926391	8.037112149241176	5.274286616826922	9.36377413757185
chr3:52892346-52893397	5.200619868089422	3.2930687355766373	5.822708945797639	1.899657548837067	14.445981530069707	3.214595505252643	5.074372511258772	9.08513597750916	7.871087822866334	5.551078390516003	1.1488743750327945	7.7876573626581855
chr7:24911017-24911528	6.207497129233905	5.722355965015168	4.9391784530058125	2.4943136281240275	14.450203798737903	5.661943131109449	6.229525081204892	10.409116049104139	12.151461565136895	6.200574992825416	2.256806563513302	6.714311760112553
chr17:28719420-28720463	9.065089531879249	5.549348864374074	7.382206631662133	9.537846526699907	14.44297005696983	6.627904647803664	6.040706852506679	5.7959584592336	6.966277676019072	7.468420503699294	6.816287602945958	6.330359674255822
chr4:4335148-4335683	1.9443310924039394	2.538617952076416	1.4952224145197193	2.7500232853127975	14.441318233428007	6.255654805243953	1.9349205652011796	2.305953066994654	4.149954490971363	6.065121617872767	7.359919463695146	7.027380557718263
chr10:45672469-45673034	9.131842200519998	6.47454914121243	6.30351718100103	9.243412122948488	14.440909312785752	6.478236201829635	5.764524936998299	6.373600742516536	7.424491260526268	8.123196000236016	5.8892992785154075	5.462696159542671
chr11:8258796-8259649	5.988080264453884	6.5874392347533774	8.326248970447544	1.605102180056577	14.435667580683967	5.741026432501678	3.7306533444520973	8.122324389540214	5.0698060994128635	8.359606382097768	2.240626403312751	8.97225696937062
chr19:58310669-58311190	8.196775228197733	5.574718972198881	5.954697501739518	8.682263153792437	14.435476294262445	6.635441166993037	6.433747434586434	6.955454874391345	7.589409940264121	7.566512534008774	5.68639622537319	6.363216096494676
chr14:60980836-60981371	8.486558900559912	6.292211092993876	7.005032410438635	8.56487601484858	14.436557491175671	7.09096710257148	7.560277336007104	8.778371159750588	10.05237115167624	8.308531218874435	5.16603802045049	7.601565157550945
chr1:42682874-42683377	8.374887919762964	6.583157868963646	6.144171787910687	7.169656737380196	14.434428792082937	7.350072717466244	6.712790315666841	8.49843302321001	8.332541302007053	8.489152125919071	5.5340728461074535	7.205769407891356
chr1:44730021-44731653	8.867272319345505	6.197870499978025	6.575712099550515	9.68875399153506	14.432663846528543	6.712522756865329	6.59391480209833	6.404375000614129	8.18064984553556	8.043586281945476	6.40906766058558	6.146619983205425
chr6:43516772-43517272	4.2632621371761275	1.645460502799046	2.3459749325296224	1.815734738050097	14.428994307008367	3.894914763290249	5.427937741364182	4.456888786488649	4.680879864581391	3.6812346053890566	0.4418427139001249	3.6958069475499897
chr2:174025075-174025588	8.956848208151813	3.55231535048283	6.261482829658476	0.998070534503493	14.42518076952484	9.070240438494254	3.581270269585155	9.62836105921761	5.461610418403149	7.250430172650834	2.014271115311411	7.5155983837419145
chr7:29265087-29265597	4.8655663589674285	2.814699695318473	6.665467513140953	2.75476475768089	14.424178963236603	6.095021193830599	7.865262802380903	8.180833235265823	10.077869119964046	7.481439939852062	3.7254017159827293	6.565445308852935
chr15:94844743-94845406	2.219124166792441	3.5980630021848787	5.585166005693061	1.8681115600198621	14.421408459177977	2.41000901931429	4.905970429829915	6.094669978820065	6.831491787111202	5.9627248453560355	3.105021278749861	7.70662159807817
chr19:46850645-46851202	8.629575027015791	5.962578554183351	6.504634012133079	8.931177120014338	14.419968158130615	6.956633054889146	5.943208485709653	5.981815920994547	7.299835704491576	8.178242265933365	6.257876082698857	6.339222377949202
chr4:108112741-108113773	3.166520751720051	4.465246273097479	3.700733995413383	6.255877490762103	14.41821870451583	1.4673030711940074	8.63576364132315	7.637199682021034	8.558047545811046	3.733120630383544	2.796262190042082	2.6821310786433563
chr19:17309192-17310371	7.876275338200736	6.094259611237527	6.266801644039009	9.318863621178847	14.409173551074788	6.492078231830078	6.023565555949548	5.885307547531656	6.728296420965713	7.892876849509649	7.322537880918204	6.335798600383471
chr10:74150887-74151411	9.02060043165288	6.177482565920282	7.1639780996989675	10.104333716443188	14.409025681347941	6.034958602642465	6.754817919938691	6.599678834999693	8.157744300692082	8.712142089935075	5.7977035853556425	6.338069793103423
chr22:30732988-30733787	3.466421270020911	5.300915720119778	5.036827343685348	1.8577455580235613	14.405919005155546	2.061464955391407	5.069391629538804	6.691981771591924	3.8507234050262595	3.592623819581453	3.0113248527707217	2.9358931709809646
chr14:51846456-51848079	8.254689410846826	5.172465838175718	5.918199106450951	10.691633782722635	14.407694411955516	6.018483840784249	6.744740488299197	6.68228519955218	8.446217001586552	8.869272026458914	6.838609191114389	6.463934401898739
chr15:50880475-50881016	6.919271397126074	6.760676701176183	5.374771368772067	2.5853905144974068	14.401163502447517	8.995237650936577	7.821854654978171	6.0321714624814815	6.216184863551178	6.386576826053733	0.742757727127106	4.056232138098951
chr14:50560266-50560771	7.208367749626991	6.420067172789453	7.8796060361498235	5.500443844131729	14.400787307912468	7.995177394193089	5.867801342934908	7.51957868564479	6.883829943710638	8.079000508758114	5.672379241644605	7.6598378390444095
chr1:226945508-226946026	8.615489122747116	5.881495906818347	6.784481630077472	10.649753175558649	14.401714486241408	5.695118089991702	6.2608961382862	6.044655482779684	7.231769387257615	8.032406976093283	6.602454815733675	5.690614546278653
chr14:88256914-88257954	4.1284823752856035	2.2590290773525497	5.2048679255578545	3.250889293640078	14.392195681230593	4.314839817441014	5.183766930713022	3.992487868829998	4.875323725557238	6.808508813316332	5.0591358810061955	6.629970299805107
chr5:177529196-177529708	2.2561409564768486	2.6197929304096212	1.719428106150968	1.9470675271500353	14.39143975536934	5.633664901457684	2.6138322590490235	5.684260742284008	4.505882619434668	4.087650114868609	3.0869424342329497	1.8712115188295324
chr19:18152310-18153311	8.988117323145163	5.911925084401373	7.055151553521579	11.258993687090522	14.39347630269428	6.028381602305757	6.534001650280909	5.986760651952407	7.676261019591191	8.738598989769448	6.65499128069946	6.51680091998545
chr22:41909284-41909845	4.239726520957372	4.782614981112307	4.710738128409593	0.8365077630156861	14.387644403749812	4.776131988448324	3.8664154086148192	10.28108832103872	7.31544232579891	5.112684077923237	3.6840647983620864	4.891980841388406
chr7:108569531-108570105	3.1687169369615065	3.267742721260271	4.348055406357227	2.3387851588051087	14.386120765715356	3.0913907922943706	6.083289116336814	6.8044896301671605	7.468516297862027	4.193884112261637	2.4597079964449255	6.708352799143122
chr15:35673108-35673673	2.3299924326982535	2.2429468069388183	5.783097560246336	3.004609068173207	14.384041440139367	2.6431287297150523	5.697319983182844	8.047075211953617	7.285791699189461	8.495117915086851	4.215796351770131	4.923210141122988
chr1:160907900-160908412	1.4743795462579223	2.9502368346017596	0.8128723742319001	0.34489858465478357	14.383222358565313	4.350496849276361	2.603459973383721	4.89425962703611	4.325582599546426	7.022305057656066	4.059595700883426	6.2016452537775315
chr11:33774325-33774867	8.119215079058609	6.004017198139531	6.765314110540581	8.343516012119169	14.383465064942333	5.896804461670197	7.0127865327509875	7.498438990385725	9.0751565268545	8.295421891249035	5.547540094080808	7.250209260404493
chr12:67268284-67269666	8.32925295142801	5.735692071526508	4.893493776787685	10.018262865038878	14.381590416335127	5.265697044541656	5.766232334436299	5.482024702907266	6.733673155487801	8.045521656618307	6.874245299022347	5.755182074795786
chr1:62437317-62437824	7.261676733218987	6.466918223321285	5.876429240098711	5.606005759821189	14.378272530745244	6.622532351552703	7.432557784841555	9.575707840091168	9.226548992919595	7.458218586858727	4.8396381354900795	5.903847275972122
chr4:153471588-153472177	5.993920789252075	7.158388461917054	3.8554147423129947	4.703045925541014	14.375079708723879	6.287023938372576	8.009287754503115	10.425743882636956	7.491931867031228	6.976004469869486	4.426068337887868	8.304219885262318
chr4:78810088-78810590	2.288075063001403	6.438441262084396	2.8377024586868065	1.493207618243367	14.370827026784317	4.171652794267594	6.313163036909837	5.8400754082313036	5.604636230810899	7.2195385118897715	3.0695016790812013	3.19729529498979
chr1:42462953-42463460	9.168744020674616	5.224479240921572	7.397825133993447	9.745956188433789	14.36968983586459	6.204836257628639	6.766524790145562	6.865785690828504	8.114846578809116	8.247072250218547	6.222478393596995	6.776594943490171
chr6:53410582-53411092	5.63944762026626	2.473827378601018	2.8996051050948317	2.208814250510853	14.364829051251386	3.482525898990523	5.289028835261098	5.9680437045891415	9.445697132024003	4.229852335456376	5.09499541180233	3.3089450054610423
chr10:98425639-98426146	6.644030530988169	6.842346835709093	6.870046926015123	4.479660620872311	14.362282919125343	5.188921899806049	7.524880320662125	8.335498020020445	7.004375593134458	6.536769643849433	4.590671744161038	8.031468668886264
chr11:62726691-62727249	7.991490823533134	6.7274153503637875	6.528587912473196	6.7898489642166355	14.36061459730977	6.086283808447587	6.411202393104886	7.738331819311173	10.552798474675978	7.4132250668704325	5.160899638115765	6.782467276534693
chr10:46282292-46282796	6.8755372416132685	6.067460110088466	6.054706021256984	4.2343475557068615	14.350901263684433	3.696696119854753	6.067236767264021	8.482355762398416	5.818833598274223	7.295351939625072	3.2644051434445225	6.6448660269447535
chr19:43333015-43333552	3.904093961744876	2.9529031307470417	2.418369713924799	3.004540207812369	14.348684449864018	4.211164917070317	2.908245056362116	6.576454862792851	4.628800410082045	5.046599835518174	2.50504647746833	6.050084875322274
chr12:50924381-50924889	7.7282381507501485	7.9238944625465315	9.459307418551651	4.094019712596061	14.35037667185188	7.580927285465389	6.306083907193028	9.906442618946938	9.18498648879835	7.902644371669017	4.904787014461947	7.434723724852411
chr20:4686077-4686608	7.448248854429929	5.560960823422631	6.788032558452107	7.332008186502498	14.347350148350706	6.0462947633933295	6.532832233664591	7.535069302554276	8.484690286563154	7.398713067768996	6.187780724390055	6.263991166094266
chr19:1039771-1040273	7.60571428532412	5.334487936091656	6.1679996617331305	7.838063903470837	14.347044602327765	7.15209201250477	6.437920405269118	6.676540437200539	8.472618636650667	7.689475215621093	6.198614652693169	6.264186732242761
chr16:31118312-31118940	8.96528405042287	6.731093437723446	3.8642094126259114	3.9990848558110104	14.34651333275598	9.133471500476158	6.508973831056913	8.631471103647252	8.883838481848139	7.54396672874795	3.002033559281261	6.983668952492006
chrX:48475815-48476401	8.14157238750153	5.4792848501289795	6.2822138219002674	8.435200641598477	14.342631668956363	7.226393170685257	6.553152149916382	7.5806256588041006	7.888307318035585	8.28583165997734	5.819318252414052	6.495696189035756
chr3:52405645-52407051	6.515208026161334	5.526873123846782	6.343242107547944	3.7588491681715293	14.339479292769044	7.412623432689775	5.447366457456709	7.569679991525492	9.299046180028638	7.304122392413269	4.102773854861011	7.707820397721025
chr19:56309505-56310007	5.119697229260126	3.289310137199634	3.8638898128500214	0.8694737621570807	14.335690294529952	3.799786780273834	4.9940366832316565	6.546504470177802	6.039372402844169	6.599611989868188	4.779403474599355	7.547058516552561
chr1:182144121-182144649	1.6113413441147808	4.717658506704418	2.8309083398105273	1.6452857076257443	14.332950468510393	1.8456255543013376	3.0450707149848624	4.491443629522943	5.37529987941638	4.70876795680358	5.634351947791457	2.260195267826171
chr1:9539054-9539583	8.782547399274451	5.855640190093216	6.443257393956175	9.137647054044983	14.333602400870038	6.819344021269161	7.056281344046599	7.208814533217352	9.491524329129762	8.298159558305418	5.966932295487399	7.088952028066375
chr19:7497150-7497727	6.624228316384269	6.348316400112933	6.140741720082591	3.8500212020067295	14.331984650374968	6.4635999484434885	6.409552182731947	9.038424519075406	6.192646989087097	7.001860506864277	4.009671424412638	8.315983963559452
chr2:26298655-26299205	3.2975889207457416	5.865539205587102	3.4387365035047384	1.4786144574821753	14.326673416779125	1.81920924021461	2.9065407474109604	9.147951487351701	6.157549816402306	4.195328695368324	4.069534382669176	2.8953781341627143
chr3:113985488-113986014	6.881301926873467	7.403760771541264	4.646755389932687	1.413170515679113	14.324157495159469	3.710407080420948	5.50728738259695	8.716199155600073	4.3818189002474215	6.491639735851377	2.0244957051578885	7.62184155906474
chr1:43366123-43366661	2.7965720183765734	6.886704359585487	1.976774821450623	2.6033780088964904	14.324015559639916	3.9130623341449082	5.452988640033651	8.752921840713467	5.1527914116319975	5.950073555571892	2.390526350116794	8.015272004664622
chr14:72788085-72788653	2.822431523559681	3.2340820161015373	4.500817414475144	2.7137860026860396	14.323853739719262	2.784056280989097	6.2033778929687555	9.077986235458594	4.080077616773605	5.733809744875729	4.062528961814917	8.635466911343217
chr11:63566951-63568026	7.998697030110723	5.519554735226927	6.072093284825396	8.129835121570922	14.322586688927297	6.744545715842312	5.857076630274717	7.0424868704259636	7.313906105642151	7.503538427842996	6.938142740861343	6.453153865038951
chr17:42322709-42323228	4.239160615702251	2.27922974125772	6.150555531034624	1.9787777291098712	14.32167009815874	4.849868468143312	7.1832401392746155	7.050033395928006	5.616595871521326	4.87769799300439	3.278875508751991	3.468028288757558
chr14:104662538-104663057	2.7261070624345196	6.162068465240783	5.103349584807537	1.7710410133025907	14.322643808651593	3.126627265164442	5.912639298775372	10.621084791375479	7.301095669155384	6.619596720041758	0.10559347454515046	3.826360905900377
chr17:49746719-49747248	7.373740876315139	5.197394939636718	4.775141077286069	9.33619091148948	14.320341227600323	5.4074939772367685	6.155434133192382	6.4795017580328	6.267571931915347	7.6266132098983315	7.754328232963807	6.422825941787313
chr5:88268717-88269234	2.150387396206325	6.001730060025878	4.56169739334222	1.022861981840066	14.319148814128607	2.4205222722867075	5.13912490002522	6.557749108432309	5.197072000816952	7.8918222624195415	0.31585493015779004	4.703682341070483
chr7:151807785-151808295	7.624823522753428	6.77417193450803	8.87369892772329	6.5953317383656085	14.320186383165886	6.194042826445776	7.008777168444296	8.775947156345191	9.364430538332064	7.7957615823063975	5.225688337918375	7.845630606747318
chr11:65498790-65499803	8.248533563304477	5.885836136725441	7.0199981809181935	6.973214068369538	14.31565049561362	6.803305540334218	6.871049262688121	8.079506771368015	8.358482646157515	8.239636671483346	4.6674587631136735	7.758224322673416
chr4:183408737-183409311	3.6880135882583147	1.3758373132696862	2.2437603862460094	2.217136914335416	14.312519607760349	3.350993499566829	3.6938015966499544	7.841508222590416	5.292353421977172	3.8819202247940754	2.7804636375998375	6.8908550033270295
chr12:53543393-53543909	6.77967913252072	6.609808227385107	6.287987417103332	5.530432610222927	14.312859259406103	7.480337638020505	7.537920584245525	9.562890077761672	7.43144580012311	7.858904875341771	4.233107900805526	8.319340929713782
chr2:216114169-216115188	7.923487791641493	6.324589129570589	6.6891690393594825	8.458867257318687	14.310304594406883	6.7110435431079996	6.735435205090615	7.186911394373239	8.252356549649575	7.758035150448988	5.6925314471563615	6.003740172443687
chr14:77965818-77966341	7.231549712219	7.054023666200669	6.924872126425294	3.7429902093713068	14.308429899602906	4.765692369489907	3.6974614970535873	6.306766247824691	6.978841789900299	8.849144935048916	6.4194887783761265	7.657890223235913
chr1:154973018-154974082	7.118097789029568	4.768270134713021	6.840342921116558	4.196022021770967	14.306537384584981	8.997673777755372	4.548682968267583	5.324362068226689	6.033800586137378	7.648961395721172	5.496600664210172	7.205843902891259
chr13:52910289-52910803	7.615712366367122	6.185622185812861	8.017408358402323	2.1036720762187913	14.305455416813654	8.643520254234794	5.6231605574157175	9.871071363609651	5.48158690490211	8.165713385484374	2.508808806003197	7.911929247317115
chr15:44713584-44714148	5.804970256720902	5.888510814654199	5.2839539925142605	4.5575564891626685	14.301603425617461	7.059619927263817	7.2475869620637	9.262643545091594	9.008129355069052	5.765252190083738	3.662513440000384	7.7021839016386116
chr11:34242085-34242591	6.741794430639175	4.537278187676724	4.465607697927347	3.1937400907405684	14.299776870298736	1.971172766917891	3.207749844663234	5.558921001403652	4.977466084525394	6.423572268254297	7.085978159323104	2.469085892335667
chr22:32558606-32559107	3.985679840820325	4.313745758038362	2.7793670407585624	3.160579668512364	14.295925733165914	2.795159316814765	5.043304735363585	7.344020182347904	8.53534376711031	4.651186154136999	3.4054537355409216	6.356081126026183
chr15:64703034-64704058	7.903556661924426	7.051663069952385	6.175855471562432	8.626825014077463	14.297910713241171	6.319025471700535	7.180892460856453	7.963186478280048	10.804114159149679	8.111828939207038	5.300409485238222	6.969873107531551
chr17:63435536-63436624	3.807861238418333	5.0280916522744485	4.234277170752176	2.1334612128104946	14.290892373082059	2.8572794904793457	3.8426152512173295	5.427874685615126	4.189438743880765	6.9122636275375084	6.640476335677987	7.022551262377821
chr17:43910116-43910641	7.720851299946253	6.09033041824725	6.49728405754277	6.91692728219886	14.29132278889526	6.750864790486067	6.7975511671812585	7.908846863703732	6.800892626405964	8.009914683490209	5.4185343063579205	7.589510096843783
chr4:112253313-112253814	3.0040357941901537	5.952805167519952	6.167458244253755	3.5694009887167555	14.29052901052103	2.373570525795107	6.512594715405194	5.630597944176044	8.248176998361586	4.4014637298310335	0.6979279644327472	7.377596774814773
chr15:69462563-69463090	7.552342714473147	5.73701319345752	4.5910598664638265	7.418538822745494	14.283631526416137	6.853844545426266	5.922253786508099	6.571492557489623	7.051702951261709	6.948391779506713	7.040612508084654	5.628714380485732
chr20:47383945-47384450	7.2337015677748715	5.801690691122953	6.4915317897792715	5.314392876431902	14.283074503020362	6.8838788867587954	6.630941196362631	7.707273581495186	7.940456711049844	7.219085081116751	5.238034881643286	7.27252974291615
chr1:228073809-228074310	2.4628050538280393	4.345122699408311	5.9110368802940005	0.6106875773024253	14.280495750447159	1.8663474865410186	4.205247958098016	4.245731747823708	3.987009630708846	4.215499007957353	0.6443536995984757	8.919061328455845
chr6:44185833-44186405	4.848580103496025	7.737212427300556	5.05395306458359	1.2352419989201613	14.281273356312377	7.975647877964367	4.20945255533027	9.461097233623903	7.115719068723958	8.1285696356847	2.511640362972389	7.860698175956894
chrX:80809736-80810253	7.987489863748653	6.032263648796582	6.506342601915921	8.32934230830532	14.278249806443643	7.2271245923215774	6.511312476140861	6.836448693509594	7.809131821576157	8.082448178238696	5.6307257249610965	7.125153115446194
chr15:89781021-89781521	6.326258079174912	4.7044926529105355	4.565911233176951	1.6040413196162755	14.277366972297104	6.392295542951773	5.881596396179396	9.511365787047842	10.032502105928437	6.314351808699228	3.2118290295513545	6.565302100584955
chr15:85380891-85381496	8.652616740779232	6.410756925199095	6.499082330567158	9.608095416308814	14.27393787796801	6.456871310143631	6.7549046713630005	6.760166053670563	8.260602920779164	8.183899378139214	6.04919815822298	6.7715073712630245
chr16:66903527-66904088	3.7093538699811446	4.801487188441403	3.078135880908253	3.62205073920676	14.27148091731418	3.5947287084681796	5.778386186391333	3.5744002762549054	3.6838283941776755	5.297868047841206	3.988880029555516	4.573986181767
chr15:89575077-89576655	8.959985072148243	6.567969339098163	6.515498380442209	8.23913904994363	14.268710261403287	6.427423353283735	5.928021870718122	6.93897813168845	8.60403676363318	7.84205758566132	5.870651499068093	6.018085944529326
chr1:39757451-39757953	3.0642262402307265	1.2310794946708357	2.404097054830214	2.160616361808643	14.266954797562185	1.6812632872349211	2.919921999709944	5.308918395463132	2.541802613197344	7.003476213142881	6.455996406711715	7.699287238229515
chr1:159838465-159839053	2.887752833323359	2.7635272878280963	2.81699432058838	2.827764886021227	14.265802391016294	4.977296984139736	4.741032494515383	6.226161424775	4.728152876842974	6.887166277925876	4.0896362503812025	3.4819678505293576
chr16:2720640-2721656	8.874388856676328	6.3846779128545315	7.108620042028591	8.817694260698453	14.266166156113194	6.8139396653095075	6.6233398695882295	6.961717076264196	8.030004081072518	8.556245861947742	5.96806622161903	7.4887552764073915
chr9:21326476-21327001	6.0049038703782776	5.500166599528198	5.879960447841702	5.386078567160529	14.26548699276814	4.901558320685816	7.411538076992797	8.085637192489772	10.50577043655486	6.5329111014351415	3.6825284706830934	6.990906591604922
chr5:102801343-102801857	4.20435145754093	2.314001657928272	3.9164844564188157	2.693312922885261	14.257446310509593	5.0664604405465	5.744753826138867	6.992301785624261	9.380622971395205	6.736190514035822	3.423049801362375	4.810253083181601
chr11:68267251-68267791	5.443775712908595	3.6441835808749268	1.5114334321973029	1.296433818108597	14.255267180666953	4.181344141002607	4.806977520932332	4.3978032493458645	5.9648390347468085	3.899803152579592	5.153285781602586	6.61364114037516
chr10:103504262-103504812	4.2741457187874765	5.22090791875396	6.421710349603786	4.186466394217846	14.251976662490508	3.751818840734783	6.754942760103222	8.423734248445916	8.731042302332655	7.335509109999059	5.384761113288351	7.477431499971314
chr15:43791946-43792457	9.301167199565846	5.368072542354117	6.634033425841934	9.577354013811899	14.252363900667117	6.702356414918971	5.918513633208077	5.869727957289239	7.927678211852787	8.128477697823811	6.4759082830357535	6.153628676240062
chr5:65722427-65723562	8.641658163003651	6.5028349571098465	6.754928541485142	8.977806789458365	14.2504378980768	6.267537840432404	6.696099822606525	6.797678283466012	7.480854138883863	7.91339314482907	5.625330653370532	6.36148639854637
chr12:57040685-57041258	8.38128015859143	5.472508227126475	4.435364111946534	0.7813406020993992	14.23750470853827	6.716573007789587	4.7461038941268665	6.3183096736304	6.439562683708939	4.656919426966505	0.2967323149929353	4.898102199050061
chrX:153724226-153724922	8.774377394392207	6.221783359654981	7.297541532961994	8.61114111992179	14.2384207348261	7.775280947600884	6.887724946105667	6.939013934959846	8.16172912680363	8.409979207974393	5.8337220595972985	6.815058973531286
chr19:11639476-11639981	8.186688148073571	6.083150537218746	7.196065226880713	6.233373915016813	14.230240025100436	6.654233506636856	6.363872893423555	7.403360548678834	9.322845172858854	7.414075141762408	5.608649927637642	7.0221364970276445
chr20:44068343-44068856	4.978646295534079	8.073462049630344	6.264050094957241	3.280673584590018	14.228555921583084	6.16138648929447	7.681234372126594	8.594551244238463	8.963394651241012	8.005672909211246	3.453133118785455	4.262645345426072
chr13:26253608-26254632	7.52799719298824	7.042267256478851	6.0566145118502765	9.462014246603095	14.227909551203735	5.519766052810881	6.0693764383475965	7.14582359523056	6.9226268998817515	7.858921642167762	7.191997783762974	5.377595927185574
chr16:75148210-75149216	8.928247855046802	6.880093892589826	6.620940318294695	9.440300909188332	14.226880991635694	7.083867277076611	6.9013314103370496	7.184847499518693	9.478507381085278	8.534800050050107	5.755959802399454	7.255602489029191
chr19:14571882-14572396	8.95113460859227	6.277098305109454	6.38570415040222	8.503253174720166	14.225631747396534	7.0263244396961	7.385948730221758	8.47919861663828	9.206232493477213	8.421863227073748	5.251683937662969	7.0347042510286855
chr22:20701799-20703971	8.628845230962915	5.706344747517175	6.654830749721604	9.462324946993984	14.22251982392754	6.702933347808052	6.9436359124473235	6.771522158715834	7.799542824226753	8.073884815072592	5.845150345790112	6.67935350226975
chr19:55641583-55642097	8.052868567111949	6.47565633260606	6.0312035349557815	6.359812147164121	14.220945404882965	6.7751112780561735	7.242220250856003	9.200432018734642	8.6554294977871	7.575093245183552	4.227778937471918	6.684280106996422
chr2:173402321-173402843	2.8215855258267233	4.924431662368559	2.3171263319193454	2.579530079595776	14.218883646939553	3.453958880622523	3.6464886121471767	8.9258434626798	6.074684964507402	7.590865687246453	0.5670867504282298	3.8464606272937267
chrX:118345715-118346229	8.668336733140848	6.350347746418242	6.614667342103431	8.567463819331588	14.218027019638521	6.615359945167	6.733359796854303	7.196708356150665	8.230951536571347	8.200448793585936	5.67105479195593	7.007649419081323
chr4:55819519-55820047	3.2874080152143064	6.082620244112863	3.4010507997483908	1.8106652461132178	14.215585135677898	2.742787227743399	7.029594026232359	9.062805509176899	5.873141576449324	6.844663985323304	1.8737625759390788	4.769690727296023
chr15:82365616-82366234	2.629856433420022	3.138790660666251	3.8786037081217617	3.8299613010017697	14.213494681233861	4.4144576097907615	5.649389036007266	9.85348942616545	8.186223685164194	6.688076106947189	1.5396015805064127	4.767544354856667
chr11:68119950-68121133	7.15869977507583	6.2519420058446915	6.867364007156154	7.264289986075466	14.208123681649035	6.523338080107623	6.693920428862297	7.741342313173311	7.944879552331733	7.5516094253181345	5.222740711653532	6.995387216838873
chr10:124420273-124420789	4.4334309678778006	3.8449470434248636	4.9074030908073585	2.959031407407406	14.20726427005857	3.9735182316245194	4.0999751405682	6.98333612758636	8.850281738355637	6.207851778060566	5.282896664857835	5.88928903446692
chr19:49590923-49591927	7.906472968025203	6.533015828055502	6.513644014912027	8.060267604821778	14.208389006957578	6.518073732073583	7.406692190348142	8.406257021885473	9.044258784215607	8.384116538356595	5.004334218039423	6.966376074147793
chr12:54282950-54283454	6.603492665874078	5.970925429339497	5.617621678657781	4.653647630520122	14.202834781790743	5.723574150269185	5.972678362102297	5.741659239653884	7.41954397350682	5.133867374685389	4.325907159643483	6.1986451805031795
chr3:88000791-88001345	4.857572087747512	1.762523526440635	1.9829994231404102	1.9566838905647213	14.201872533903618	1.7721720790942925	3.056221698671723	4.785822623272551	4.177464956467744	4.977264450324248	4.394337467902399	5.536488993491364
chr3:9600546-9601096	4.257332910600505	5.748855334195658	6.444397602283551	4.6644834368764325	14.198623314948295	3.3074770875090613	5.654387972156818	5.468097755138029	5.971282908984318	5.491398956356758	5.111595293914058	6.632751227975361
chr13:51590907-51591448	5.4394152609426785	3.5579751913084734	5.143199793179786	1.5523927847426786	14.191766204646632	4.596969777869974	3.3640572716745014	6.4640755382404755	4.782730882951554	6.8337132986574955	5.654593762036593	6.79060593906558
chr1:93180238-93180805	8.621074966596057	6.080125031343132	6.492725109432047	9.831193217333201	14.19306312618871	6.0866171325229	6.131071085205228	6.120900068337485	7.038636301008404	8.132034708702294	6.719956295634804	6.545868444473638
chr3:130820870-130821377	2.4507589765928164	1.9439002263477974	2.1799749019317485	1.7298980118236427	14.187118619916902	2.1148665896292207	2.6630104043927854	5.2241935866325635	4.315387336488473	6.040408212406972	4.162862711792279	5.905736963490121
chr1:153965827-153966913	4.704690523990174	7.14966585345409	5.938211702345821	5.389052031140934	14.184830478536796	5.743507576287065	6.459040410759797	6.875683717382654	7.559792301380355	7.015457833507137	5.339615101831269	5.314334199341429
chr19:6372441-6372942	9.192939429584086	5.9638601126566	5.638675818229116	8.409484318029097	14.185272625271363	6.782976606847707	5.413331674320315	6.8711436884916575	7.642631555370394	7.25232717882516	7.090708749544933	5.9785398715900335
chr1:22042718-22043239	3.5297483308880864	2.3377964713670436	4.644717160807171	1.6537575217258091	14.182231435064235	3.9320852583197463	3.1025435981308114	6.0323669673562135	6.326469406016194	6.1661480194789435	5.228232905752468	6.030535092631953
chr16:89004092-89004602	4.628180319995885	5.63072057630964	5.7629108983204995	3.747294242033025	14.180885878552337	3.344055803693139	2.4871394245666885	6.221828137217125	2.6392261559284176	7.791512038544682	6.204642690173772	8.762785093971408
chr8:37803979-37804527	6.766456457959931	6.2556852999698735	6.188836912870216	3.4882311695741244	14.179910139892652	5.503176072659172	3.722021217684623	7.689983397507074	7.927510165973547	7.031291637444618	2.81288165822555	8.207265575918893
chr2:196926473-196927000	6.674823732085403	4.638379241486155	7.085511772755514	5.279514265275903	14.180631739979702	6.122823445731777	7.895594710483735	10.243707429823198	7.864194793765331	8.97716957775387	1.3970632127578277	6.8902909316981
chr1:160830482-160830986	2.158516078976606	1.9311562110911804	3.3489312031706917	2.8198712598294304	14.177984198619225	3.768533637423774	3.3912542637131295	5.332888095854736	3.5372988760499955	5.2737294046234044	5.809232876984502	2.741078025326458
chr3:102018465-102019001	2.446350882815774	3.832083204065668	2.265799557178864	2.2283699112900206	14.17993038027823	2.5614157074332384	7.865666228889822	10.673779160390813	7.523562467900588	4.376973138293635	3.7123175213060295	3.2117967867244848
chr16:727386-729502	7.298314190888027	6.212488219760475	7.302633919950554	7.140685318569847	14.178525598304974	5.7882990081043	7.293846599308417	8.344995861456187	9.361883124753014	7.720370571471273	5.612419287484282	6.661118300057885
chr19:49896760-49897345	8.411305290168436	6.905883553934189	6.378396176107686	7.394861805981428	14.179349476728168	7.962525568408434	8.25473267601666	10.3352644541441	8.543890921287343	9.364851500127951	5.039870133830147	8.62258952206041
chr5:141940920-141941439	5.877698903417537	3.4021440637060074	2.577117820459538	2.2677350501628784	14.17481588041103	2.0636728322590465	2.9739260600392545	6.826323851921049	4.537430981723846	5.40615754129545	3.7859558243879294	3.90604499109149
chr3:4821330-4821869	3.826826542271408	2.571113226986494	1.8974151389451053	0.7688201472838431	14.173209827756976	2.5192047572023433	3.474496576842721	5.246337846072161	5.41639653597029	5.291241827770616	5.220439586035529	5.1701853896767815
chr9:124771097-124771765	8.17936819726324	5.782674258894003	6.5842206965102905	8.667586254934733	14.173328745960172	6.522621510877972	6.287382379394907	6.391959182881014	7.974338957621555	7.769700068105013	5.52302123351372	6.460838943396645
chr20:36989670-36990246	7.30320448079865	2.6962773381877034	2.9287064661134234	2.9068967991458883	14.171057421789227	9.520154084606423	4.215587694045352	8.774895412670386	4.328088499198473	6.870818619874463	2.228622202943585	3.0300793574125877
chr16:56869439-56870553	7.01078075211159	6.784380939267409	7.9295497449913395	3.696925056976315	14.171042853437338	6.124494570585253	7.216734368054272	9.47192146197605	8.519825412027938	7.4619237956629485	5.031233355755674	7.128313997446337
chr2:26026615-26027129	8.159052884030718	4.872095999576805	6.7369315487120724	3.2483190242745907	14.166445894478178	7.694613600990441	4.140257483385505	7.39478690649109	4.958952826195208	5.715002356481947	3.452727906006334	7.270940726449558
chr19:2208460-2208966	5.259986333054378	5.882269515336103	5.149306677612653	2.600977600223339	14.15439728064568	3.821154979301715	7.4257041531421715	7.554217273841585	8.334767251248559	6.133538157112876	4.756086438727553	5.892772026373428
chr2:202121739-202122267	2.692128977773633	6.512649833684156	2.2008149565213837	1.2677873306019583	14.151860451986465	5.099382646255226	3.7140558034970486	9.55660940013965	5.294606726507519	4.808388021099869	3.4113853390104496	3.812786481658758
chr1:2548612-2549159	8.126347601340438	5.532333502634447	6.357439091443474	8.407058611695275	14.151096741402409	7.137491760879443	6.805843754324159	7.227847113924301	7.889479577927151	7.673639430257911	5.317611456227561	6.545715357375095
chr1:53198202-53198810	4.333905313097441	6.260630981486429	3.9568070357403924	2.987211171710092	14.14947254574934	2.76263148208955	5.6712626546826	7.644187926077155	6.700849911672704	6.359629636201493	3.4656042595563075	2.427506642058823
chr7:66591299-66591832	4.1021120501411845	3.335083200253241	1.8599922167750154	1.9258187371943967	14.149341303032223	5.291168084613976	2.4950975596400076	7.225022312939859	6.589250622040884	6.395446205553319	5.171200890601822	2.1716939506471777
chr4:152540217-152540760	8.73082310170517	5.532829001136428	6.585109929083651	9.47372836063037	14.150126396543593	6.170173313216768	5.361605130988325	5.406290601079126	6.292016406719451	7.682958282020671	6.437196758111468	5.878682578416212
chr17:16689818-16690465	4.125997792181831	4.516352183854669	4.550304078510999	3.317181175118741	14.147778145960787	2.4525962452097887	4.93613182416615	7.526389600845738	6.519906411135298	7.504187988810588	3.9587610443380368	6.746532933039286
chr16:30774634-30775172	6.937940621922862	6.276465424495453	5.754227375694289	3.37639224729536	14.148290029485057	10.295776081805322	7.371543684475896	8.342638007105084	7.498310151182347	8.162202701496266	3.257894073756668	5.848791954240726
chr1:161166842-161167372	5.745905615742298	4.196672333838415	6.158729921821447	3.8786102325744825	14.143446491150238	9.841160461986217	5.441416132609745	7.466257193830174	5.975512383836115	5.764523884283682	2.974213131630324	5.297291309597929
chr16:68237471-68238000	8.507012559416811	5.79814563018951	6.154695118752998	8.2159605186825	14.14248918170955	6.748845308568609	6.833419664163619	6.72690375550537	7.951588320204937	8.58530320163086	5.9233626034033655	7.066107451527532
chr1:162310261-162310790	5.499271735164574	2.7591344701998954	4.472091871850876	1.06984496481283	14.14183128852081	2.976849302300823	5.861920952663945	9.184238757694294	9.407631611894974	5.493958590850047	3.009406815330319	9.376267439003454
chr5:158174870-158175388	1.9525184987404363	6.0501695805525175	4.188576738471912	0.103192363293449	14.139556607749135	4.757102771718572	1.3993962625348593	6.049065438857473	2.4264101633503254	2.1888746995451456	1.68597895856774	4.273312846101913
chr4:72567707-72569537	3.89742141695384	6.734318294928893	3.9544843581751787	3.4377865088309587	14.138000967406619	7.445244660938635	6.059313569600366	7.03834146254575	5.553930358517263	6.4390691012577905	4.332126356343583	5.4266799500376335
chr6:32046616-32047137	2.444270181141333	1.7912754327127884	2.471891160218611	1.5967061001764835	14.130147111538275	2.539598328040235	3.34996592264252	6.64575244827435	4.23328675701628	4.060200669219434	2.5746239429015985	4.18358785912396
chr8:66667091-66667631	2.0893954219646584	2.921182712186623	2.607440289576496	1.822565637077456	14.128208524201566	8.658582362659459	3.482531625967851	4.679405740368143	4.363434208850893	5.429494410515781	3.6895927871387664	5.522052512118253
chr9:134441845-134443261	7.492083845536789	6.720725072433093	3.961958564596087	4.377563657652645	14.121840691788115	10.228376360572282	6.399904740089688	7.8825883594862285	8.065699140651917	7.50081529473932	5.723807825497959	5.733092683038385
chr2:9843986-9845038	7.429773671524735	6.596377907451446	5.7187873394813105	8.146463981787768	14.120250605935984	5.707169540595739	7.017330994465316	6.86282577815366	8.134914792311386	7.562307573460424	5.997409287646737	5.9420184772465205
chr5:149666124-149666634	6.068724951352658	7.168826512235333	4.001051697476421	2.18612898858657	14.119202745201871	5.6974753904202915	5.775251182680455	7.949819048681671	6.468962225075383	7.084716739021739	3.433102342300082	7.351887169212445
chr14:91263764-91264804	6.976035879819693	6.746529881022997	5.290998019041319	5.7479741657496675	14.120085973108528	6.97540536299157	7.374637764998047	8.514667488384749	9.41839270892448	7.7514827425961945	5.291134454433263	6.859050856145804
chr6:35343363-35343922	8.664933251507449	6.262779727666327	6.506549335496065	8.360204075760747	14.118695347356994	7.476943212657361	6.815665403067317	7.768478712416321	8.352032706048785	8.10141719965792	5.725509203965823	6.827478394507525
chr19:2781611-2783746	8.556749923813454	6.831538230927935	7.780257204572453	8.055437326515055	14.118121939343585	6.8391161236274245	5.626617455967333	6.657942807873071	7.165688280787302	7.795764703186877	6.296003555002954	6.470992960416809
chr6:73657098-73657634	6.299131349524574	6.444386649156888	6.5870046144136145	5.2462864198924	14.117794040741122	5.94936840002488	6.488292971301197	8.725011320653401	9.231871997993458	7.9945103884303705	5.079123607275029	6.73564546161617
chr11:119725841-119726432	2.9932337124243187	7.181792087033592	3.0419114724406424	2.331255928213707	14.11513195614146	2.5569393927687276	5.315581742419915	9.21361826392877	5.686735111903815	7.042289001603324	5.198075394057595	6.932487364706145
chr2:87443112-87443721	4.211783413498268	2.927059621530069	2.193267856381228	3.2354612026746974	14.114723252649705	2.9877306330328643	6.253631946439493	8.053943618148054	8.744438987129687	5.490623716998441	2.3885478097910724	7.310079508657311
chr19:19418532-19419633	6.717982865461325	8.148485393746862	7.964644939809988	2.804977027950082	14.119029701341836	5.95280305278707	6.092426864086989	10.629641242707166	11.281197626054883	8.218789516981895	2.171303793658359	7.043779489834348
chr19:11383313-11383828	5.4327309171261975	6.621546761471588	5.5056055890282325	5.262921661293613	14.109127757553528	6.3419697558936985	5.9134963821911795	7.522297376946972	6.81210221729683	7.2993378880898305	5.939208643879128	6.250795420802934
chr5:149857457-149857968	8.722311228839382	5.428678111417669	6.39264220600313	2.8599064761736224	14.107137759096988	3.9487980330067196	5.136736972207279	5.708131136810803	5.2361101972955515	7.801242315147658	2.4989730771008327	6.63569774595847
chr8:43100076-43100690	7.659831748005938	5.550931102225618	6.131710030635299	7.190103809087741	14.103995892687267	6.336247355218263	5.948463218177167	6.134904598070898	6.928366787178001	6.840019713627205	5.906077501981297	6.058582122048121
chr1:117060557-117061068	6.741910709455936	6.327169132214714	6.323777108412989	5.0070604165704635	14.098946148496942	6.3056214429416775	6.532216613282729	8.611369755960677	8.600658522448814	7.402476803884	4.286008443753368	6.698043525310478
chr1:11908334-11908836	8.538810487111517	6.37088034327821	6.628882194555711	9.52159650650234	14.099630711316449	5.814515145940054	6.8117746363265335	6.561480266060966	8.637728188583333	8.108841778807234	5.634402200429573	5.379628320347583
chr12:6890509-6891534	8.34270013408743	6.64517300480334	6.771249030385165	9.618227225367912	14.094763945480151	5.66974487808333	6.359280117885486	6.1571722031592895	7.871571529034	8.15397583540933	6.950102746084194	6.081449149536384
chrX:38327343-38327859	8.525800065661862	6.175283093118449	6.641360082848132	8.066599680257955	14.093368221879441	6.290215571440329	6.2860468160747605	7.110194149257501	7.575784020986552	7.907414045419963	5.692549042054709	6.570216417360334
chr15:45036996-45037500	6.532496935119501	6.6055591821557345	7.6010656445171865	5.012389929947927	14.090902647853563	6.078273034470538	5.617270327292132	9.521176145036153	7.572390733554814	6.9429771434506735	4.676351749508739	6.829360788651111
chr6:37822885-37823404	8.723523392367047	6.475079124408281	6.0393350010801266	6.925105416199562	14.090331761452793	7.038139226608394	6.3483388156273755	7.706573003861847	10.740530663843993	8.02389763977351	4.8079349912647045	6.366835023394658
chr11:62621824-62622382	9.79384716007303	6.9149232516766395	6.2786214374420775	9.587642126208692	14.089463802901667	7.783784622004437	7.019789554964328	7.2425687815374	8.536206107237819	8.684218091672216	5.912858423843714	6.580817433461301
chr11:119584142-119584668	6.77533754666176	7.37504547289485	5.729916586895715	3.369661213628144	14.08556895865068	6.160202750330013	4.839247492839836	7.400824165229041	4.09227041004974	8.197344725614622	5.872905160742672	9.100888458303292
chr12:25194963-25195477	7.8133727953669645	6.3059324898472155	5.814635322063857	8.468900798703858	14.08547256277917	7.686063431440006	6.098843852915739	6.780414720215694	7.800616237625774	7.654500429978134	5.942272123059809	6.097441687714233
chr19:10616945-10617523	1.516950961133873	4.132607030578491	3.037249911735968	2.0895248533472723	14.08445854154881	1.7308310071992064	4.884434327000037	5.110481337190497	3.611308688813177	6.154951043665094	7.41559870030965	4.709137820644751
chr1:84639692-84640246	2.106856242072004	3.471009132345828	2.344108250856585	0.8025916021903504	14.080191787927033	2.5296307670910423	2.2695957511340334	3.6314362101792996	3.3888409260694563	4.880339771939032	4.0610209293695885	2.8595732064530766
chr3:122564060-122564564	7.676800296872153	6.077225387886626	5.151550506515197	5.461094079648576	14.08090202762909	4.031349298028916	6.632882317081149	7.440836033193003	6.891175631597338	7.955704988637648	3.8224591307854983	7.089163720924197
chr17:41930242-41930757	8.36825787667365	4.9482585127162855	6.80410764622387	7.536852182997263	14.079769900455616	7.311830698817074	5.5563692498207145	6.443901168557747	6.119870727114536	6.803944213987177	6.981993862300739	5.971416226846513
chr11:14905491-14907124	6.761365931397029	7.900266145804963	8.66002212258114	7.314001836132094	14.078440026429348	4.500275079883436	6.403496507949567	8.402534318882955	8.190954871567538	8.197606324623301	4.879935303919859	6.549629874644051
chr20:1211996-1212524	2.8709524942785887	4.147158943913723	7.809626905149018	3.6238992308470066	14.076228889670107	2.782327152012665	4.6035297250474745	3.348760590857147	3.5205866527705525	4.791011880651202	3.7767410018148824	4.693738749398295
chr2:237781-238341	2.1748100456454837	3.4908821614643504	2.9849049232230587	1.2631431087732525	14.074364905539595	1.7946964647783419	2.619899037275675	4.632939396432058	4.719384495509457	4.946778060045608	2.9037054608189337	2.858930522370017
chr19:35931413-35931938	9.187727534294279	5.993925697597746	8.959062074864564	10.798568734564975	14.079096954654828	6.4741845790443	6.569645643006413	6.502234965516263	8.282568917749016	8.88270508661886	6.075866099001784	7.067923181534911
chr9:93159864-93160364	8.164861040466707	6.316203977177948	6.749866227355714	5.399497577621452	14.07582234935058	6.879671100173305	6.746037396833059	9.127405794832178	8.988836898204951	7.9584749177052725	5.011251908361714	7.47230813801425
chr5:135849852-135850658	5.021083464811613	6.252643669730171	7.776683783430504	2.5222612439447434	14.071309370169567	4.452064480657527	4.717013133338757	5.990639190605404	3.953284001970122	6.742667010739937	5.538745953869995	7.30128736510754
chr20:35455421-35455978	6.843158508847607	6.56209522189408	7.4138146984755	5.777722273156848	14.07031262146526	4.930602497398689	6.291567049696594	7.9564662300449	8.710919912646458	7.341013525890385	4.848241680213146	6.06347803976371
chr7:92178805-92179320	2.1467697502806273	2.02097147263853	4.038157510848751	0.5098099727618037	14.06323536165872	1.7804627748279418	2.144573014376985	3.500841631011531	6.366222854687651	3.5052559041925067	6.455134993805895	2.076904560138393
chr20:31555169-31555815	4.858252902024294	2.3613368537045885	2.0860441216373484	2.5170678302310425	14.062972623931808	4.2092927544943795	4.796919526683913	4.293166926265963	3.848147758469413	5.257161895364555	5.638614671804907	2.5016137776627234
chr5:135566098-135566599	3.842899549987764	5.984908779644265	6.106052919746516	2.1106610423132244	14.061264506052776	4.425306983576758	5.117978597535895	6.805190618962005	3.8807174469033905	6.257147832261996	3.8858461145828045	5.629632183698082
chr9:128829571-128830093	8.652204531488218	5.701350573349488	6.229261661072926	8.84438870402944	14.059979474775574	6.22460101269364	6.373144470129403	6.434036553012022	7.922103079118849	7.762994071195907	5.722632740503541	6.7567990457368445
chr5:149153839-149154378	6.7092000170598745	3.781962707573989	3.7222116753634196	0.5142296148487433	14.058250335714439	5.564440950153123	7.413166540013345	6.528960000755941	9.152283370825767	5.98458617165721	2.3048784757810634	6.465191537347949
chr10:101060507-101061727	7.881267797945373	6.2129044528587825	7.12940437264209	7.762517469153204	14.055244673899828	5.40056271473785	5.424199003652452	5.573605338392975	7.070419713960631	8.041711254344658	5.596574627681743	7.154483968103229
chr19:13731424-13731933	7.589106716046361	6.2249860229693414	6.239096796063453	7.606685009901424	14.052082441603345	6.684798717091203	6.789756953721082	7.4777277859027835	7.9930409727549385	7.754757914397481	5.5246297363220185	6.894294720163505
chr6:116616141-116616651	3.243850344924809	2.259704613824643	2.720596620321318	1.09616824633307	14.04604235333978	3.433507741783689	2.8021607847334185	7.260536993268093	3.76831538736408	5.034959120438828	4.7304868777674525	4.609130077580697
chr17:7887403-7887957	7.6910582617440575	5.949048756925352	6.886907477244018	8.341014115240155	14.047273814390133	5.604743007270389	7.811376283220403	8.144113715733177	9.41962129073961	8.406652898995567	5.255064053181878	7.450945582168579
chr9:120842774-120843285	8.545587558870231	4.891966304855294	5.179425658803086	8.599454435554435	14.044186299173843	6.156872554634081	5.1716061827800806	5.943558669372396	6.497980983681417	6.899482012401639	7.210999347654797	5.3508352283313005
chr15:50354671-50355727	8.561072521908667	6.536387088593784	6.384882111703421	8.465139655754498	14.045336985156965	6.835615218859133	6.965320656217241	8.014336299632598	9.822919220197871	8.329253415644704	5.366205525870738	6.4016527427716525
chr4:2267297-2267802	9.207350970503917	5.630375782357429	5.456675382584718	10.580393395765588	14.045250310706013	6.355846592481462	5.334513316228533	4.778931407834185	7.1404947986568885	7.6982416056537994	6.625039608908537	5.07706514502002
chrX:49166202-49167879	9.689935608433313	6.992217624770447	7.591001669761046	9.555460047300885	14.045188967136585	7.244085850438176	6.47840111152068	7.25138814645175	8.088929698835688	9.368091053314387	6.015047103495871	7.41013700383409
chr3:149487497-149488045	7.798138638566388	6.116809682422124	3.854935618824159	2.2008350263372867	9.794632688546368	14.039163042282313	2.9525378357335383	6.392910500627344	4.546548487039484	5.920569146712548	0.2157381008829219	2.872708075851785
chr4:121254369-121254894	3.9547742084534976	3.2284836428498114	2.7768356466337702	1.8962429864237214	14.034108977668655	5.030317279510665	6.009424912095459	9.105281614550346	4.493033725471538	5.353197460840997	1.1916722838313998	7.416488383604934
chr19:40864456-40865087	4.398895738041446	1.1291216084140088	5.6479125845294975	0.6858725481178299	14.028262996435295	1.7808028094682025	2.182797115347085	2.733566159874195	2.624490449149831	5.6908020879287715	5.509786591998608	5.522094562093267
chr22:50605988-50606598	6.618762832397782	4.817866147481839	5.326366659440009	4.625397508403406	14.024632169366436	6.585577776112602	5.40765255666887	6.843238713899935	6.813063832337909	6.341282845407555	5.833761744692365	6.201547505136769
chr10:17230381-17230884	9.481245734850077	6.304706569117714	7.032914068511265	9.489626615818816	14.026660222026615	7.367588936075761	7.668827683893388	8.658100634095643	8.927867872553959	8.389356200792248	5.150715220727739	6.654674059144493
chr22:17917561-17918094	2.1993560131538086	3.059466750893784	2.7484191191395673	2.996778424874715	14.022221128658671	1.783517673459938	6.119944509156618	8.172132943371368	3.3066323518910803	5.032388824970607	5.554145980576724	6.993006925873686
chr4:70818352-70818921	2.50391365795712	1.8475020851823727	4.616307623360302	3.1344444999532506	14.021899935424322	2.3973828214364215	6.2489224320515095	7.215862503285495	7.591869942056871	3.703618254988824	1.0844272660651377	2.4048909178580087
chr20:36541869-36542414	5.248755582904978	4.374669156815134	6.5980711324325965	1.5394218188462374	14.020722776208133	8.093620380874045	4.481275482077773	8.54277287011939	6.739607529200883	7.9468218925141025	3.639004160582065	8.021951792684108
chr17:65181083-65181790	6.164327261922911	5.205090979068886	1.9225427041000605	2.704375403926611	14.019044206142508	3.3282972966833895	5.233773241135045	3.1903911227111483	5.952194568277968	5.744952736025383	4.940271233356317	3.4508239362391695
chr7:151847735-151848250	4.547467603540273	7.4779491531986455	2.3013551381055866	2.1338598120598973	14.021206337754037	9.398798892949687	3.8357903133444777	9.896373891919279	8.033968510191311	5.608730043076913	0.8086012454112633	8.25365365495745
chr10:102763098-102763610	2.1299351430070934	4.008553716944972	6.1903799075289205	1.6665960931858836	14.017666199158645	5.276283827426234	2.006264452444269	4.673632908934902	4.104876140594555	5.558280014207726	6.355896270688256	4.27771012037307
chr3:124887150-124887736	6.675230493992955	1.8193644703090381	6.248711206879569	2.5582808581689602	14.013083261081505	6.706643287926978	3.8761848516310673	4.563386262923427	4.461802163268041	6.14172536613577	4.922134047231394	6.562825972442745
chr9:133456423-133456960	5.07601657915707	6.318341334236775	6.6598654167349505	1.6437032999088739	14.009717860977627	5.043563541499965	5.063552562783062	5.831955059733214	5.471059014397243	5.77121315092253	4.046591526491265	7.107014068158203
chr8:38834046-38834635	2.887912875570378	0.868397535992073	1.3778152121375165	3.2590906685842493	14.004730090239317	4.024204985835728	6.288160004134896	3.316947085166252	3.8493868411091143	3.490447861240011	4.3969595941587185	4.900526476475997
chr19:45792673-45793182	7.515793997360652	5.669746998849581	5.847501712416315	8.141015175311233	13.999982844416962	5.769370793197152	6.440474773636173	6.584731780617053	7.977705029768653	7.923761758732011	6.555214700201232	6.365574368405115
chr16:30334362-30336079	8.318584645567244	5.6545930356554415	6.285170821653377	8.390752804681604	13.999627192208699	7.469273250816929	6.326739964370481	6.722751926867093	8.175619990107242	7.269668801569373	6.199425950036821	5.620702749981367
chr2:64374675-64375221	3.602591587410023	5.630070148384682	5.716475276334662	3.968908378111183	13.998620230534602	4.144189500315552	6.33100088470445	6.973668382384431	5.204952360423373	8.426704624837388	0.35891082627075754	5.710796049680246
chr1:227560673-227561188	2.68685924160118	3.0496307748052485	4.346212508358036	3.6897284287387184	14.001369427926262	2.996884965444956	3.483302762446272	11.058228465237136	5.694310770262618	4.144414723423265	3.197692742160788	3.2240623942020874
chr17:48597728-48598231	5.318824314737589	6.667766496858247	5.942684202956892	4.6683994524225705	14.002389122657688	11.114674971774742	7.195015995646581	9.51142935469658	8.7827434246622	7.773069079334709	2.5530695232505307	6.693205507037075
chr18:23134142-23134748	3.902832628787492	5.752817075309864	3.404596797582881	4.408578973229627	13.994519244273263	4.072551383466965	5.7983882895934675	8.733385476455833	8.092873486757178	6.146985164332088	3.7607119588074807	6.77989838488923
chr13:23374857-23375902	9.152704003957885	6.050528397448131	7.059561046579453	10.468189618632685	13.993006359779532	6.703034518064364	6.661958820818653	6.12934207398692	8.0822987736098	8.954442991887374	6.449079619190381	6.766068635238067
chr9:33737985-33738527	5.278739907663541	4.687798056884662	7.49859633897514	2.173484198557167	13.987652225286785	5.783243012287725	4.6448179948854875	7.430424919937275	8.86461546804435	7.871652333976355	3.7358215909034347	6.986244522840595
chr19:21505297-21505808	8.996488075883802	5.8091650879595615	6.981188133607819	8.393530896790896	13.987970850023602	8.289071556810969	6.384293963973258	7.2152309386943605	7.681100259293909	7.781200638270704	5.368365616883324	6.54961163587329
chr16:57263129-57263695	2.4383966326669504	5.708070577139748	4.585139662769601	2.8754627185935306	13.983264377783103	2.6340202288470604	5.203505728222027	6.043865240084187	5.436971932960111	6.869891386437129	2.886837274408369	8.444529062340644
chr1:44800623-44801190	6.750771965385536	6.483652960666011	7.002653022849028	6.364452009857412	13.983551884408623	6.371164812565809	7.667956242877161	8.519581942840633	7.827960824201935	7.17555578413964	4.943322845799524	7.315210692799011
chr6:34056106-34056752	2.988920766207325	5.667365564801735	4.017071103028	2.949978710429437	13.988553734186004	3.6602649765827246	7.675143940262645	10.717360486163182	11.488511683173895	6.960130267328346	1.0840213248542676	4.214446488887945
chrX:119791451-119791993	7.82314596850728	6.162709648852951	6.365791750053974	8.107654096192826	13.977555073919813	7.6517352196353485	6.182003772993761	6.787929896386425	7.768227872384752	7.281137827826176	5.227657715588304	6.275894333461843
chr6:31859194-31860373	3.938436101490186	2.243200839108319	6.383828386348027	3.4745512589920042	13.97634789658655	3.666933039978666	4.043044161795025	7.486071126913809	8.093912064417648	7.069345178838709	1.467270213937027	6.128286405279323
chr6:31586490-31586997	6.777410648755997	5.065145527215846	4.664611864430375	5.300401190702689	13.976766106357148	6.674933506209277	6.808028393787827	9.260859223364209	8.116454562380037	6.22934065296456	3.368842419457857	4.838092750182724
chr1:26279766-26280822	8.094154875909009	6.379829739909556	6.623350909823408	8.201042470016707	13.972499193899555	6.058958959662126	6.481705551786463	6.722131697029947	7.817549655257206	7.845987785000983	6.232249403942528	6.783051431736949
chr11:35160156-35160667	5.506287024867133	3.856604309576541	5.131984124285551	6.470282145248111	13.96751577333563	3.0150089693075683	7.5943466031640705	6.533887094839211	9.476753207810463	4.145761838923948	5.483164354951293	3.8247270405630016
chr17:19064214-19064835	4.177774365745072	2.2828027430248548	5.41110591442061	3.3185570049340414	13.963394341725573	4.653751592262049	7.058186411650625	4.471196283707255	5.76279962940657	3.317149663641315	0.1881513606548524	5.021350886545164
chr8:141131740-141132320	9.167474868540952	6.235593572619455	6.620677268095424	9.25298954291151	13.965205567709614	7.375342980489175	6.204483108475567	6.503640073442727	7.0460863836413985	8.83802933080071	6.122250882067866	7.136940369881743
chrX:49922286-49922809	8.016041239351074	5.755711451882457	7.984845995636172	8.19923477727903	13.963594157693231	6.6612070026142955	6.393773035366351	7.617752349940549	8.00423911534048	7.784904866160261	5.62646972737632	6.997504415959976
chr17:39154832-39155468	4.977226362911909	3.9985678553261317	6.519571960152995	3.385862912198919	7.600988835394597	4.063438115927017	5.787175039789635	6.58372389268765	13.962089192041404	4.674722226586183	2.379892070476919	6.683370957544129
chr5:141747030-141747566	3.392171260130043	6.454439237857202	5.7937341162401506	2.6551591927421163	13.963393024895286	2.4711831692252546	4.125756104603701	7.7125335787544	4.9557312181298645	8.872184532174138	4.238296632593967	11.235530907600266
chr7:100570086-100570588	3.6192877012172	5.396476374083587	5.533790054978185	2.923045633523067	13.96010739860727	4.889229263956213	6.2589790575542805	9.911596522113015	5.8286714336228	6.3990929430022545	3.682244103939274	6.6400624982854834
chr6:13256527-13257046	6.375317747611161	5.47823339439561	7.225326105898777	2.5463253135221047	13.95688452661517	7.347496228961375	5.09260456748988	9.003859071002568	4.001449278879604	6.518671204295637	5.249797821358766	6.014249936456502
chr1:117127867-117128397	2.9681933074763456	2.7464725414866202	3.3197413502014945	3.6611950645440805	13.955197210971374	4.01431672609892	3.4485345398710034	7.220569489088233	4.370104157502084	4.737031541781219	4.647045770385516	2.458388583657941
chr21:29449198-29449813	2.2094941162779227	5.5705604560474775	5.17731070347458	4.891002231371687	13.957919750305596	2.6065840314806628	10.106072198639533	11.958198163983074	6.5328037082948365	4.013423242439562	1.7735919541087146	3.089792230093994
chr1:36387491-36388074	7.671013451350239	2.6201709825401545	7.77894372221063	3.1670409834831306	13.953249726900424	6.887641771871853	3.874850074400169	9.049819265187718	5.522612235298058	5.878048845043029	1.1168624673323702	4.3426889393435175
chr2:98463062-98463570	7.216775436386747	6.144472449443206	8.249511804594345	3.4430379211264737	13.95186259964989	8.260097471582407	6.49879551826909	7.807352940453335	7.831386353560667	6.607055303259749	3.4363715191800095	8.464368125552683
chr16:67660054-67661097	8.58182933399663	6.467177116247547	6.839102418527505	10.629438150931556	13.953009915016922	6.123801825839221	6.981566252278262	6.420991805492177	8.492566145807444	8.075383856290909	6.053052976446745	6.265407001909882
chr19:3161440-3161980	5.118208837025172	2.484537707331524	3.37755383258535	1.1958845042936563	13.948235149772518	8.067391852956115	3.4608540146959603	4.682134854914897	4.244699234242055	4.860479763478288	2.8326780697743232	5.783386394317617
chr11:65596184-65597023	4.9106445503132825	4.547794984449697	2.9504122387886818	2.604697670175802	13.81656559578879	13.380632107173263	5.419399880068225	6.973042896108627	6.713953947136106	7.743125076500679	2.721695225364647	6.715045552326059
chr21:15289925-15290979	4.421690547062275	8.115307994073083	8.86520395418758	3.8017665706301496	11.321892553181577	7.101618169603494	4.752234096946308	12.28718164074861	13.952898134126038	6.691846734545769	4.860659539868058	5.80518813116394
chr9:95875787-95876301	7.974571631581813	5.967941341298658	6.371933762766593	8.865598394160546	13.948135586161694	5.650976649867184	6.313626582869921	6.732364166081784	7.787611808726709	7.492193917114411	5.918557188894376	6.142567552241605
chr18:59915530-59916033	7.220219263263702	2.2285937633236554	2.2633986269544004	2.328222165553505	13.943676433732836	4.9574782346666435	4.634672531448208	7.568844044665189	5.475901141144961	4.012657009279175	0.25985434443407535	3.1237851648897017
chr4:99921106-99921625	2.3942954493778092	2.132287053020098	3.4952717261298365	1.6496121798883692	13.942836309340917	2.354525404474797	3.9742250233516043	4.60787437907979	4.331498205255831	5.033023779248593	4.930398922486006	2.8216756369475964
chr6:154684104-154684606	7.797245602973179	6.7757242154628345	6.551367541797424	7.396129153460489	13.94491437193607	6.325645867611762	7.117100915579036	9.071987039651578	9.200653727158043	8.16084445094438	5.516512914846023	8.20322640624693
chr4:86938994-86939564	7.291161334523496	6.31184520311758	6.581710751675889	7.311269848983992	13.940627901644293	6.23662775371378	7.148108843317566	8.02648001813214	8.476914574943578	7.6008568439728785	5.648491767189741	6.440084902432435
chr19:36418403-36418949	4.704938106203205	6.0353642209490825	5.669700656406946	5.722064329178677	13.937262949618972	4.451791957718209	6.108491971984249	7.5951193472730845	7.435311590883143	6.796223706520061	5.969902894549098	6.466863267006925
chr12:57228617-57229968	7.401212351587705	6.518130185386926	5.814130585394641	6.351427848503175	13.93528442988569	7.260189786453147	7.085023675373765	8.199863120189445	8.845509108902725	7.2587166191466554	4.634109105317294	6.737059993975659
chr19:48872103-48872612	8.561819961732025	5.533825355037709	6.314893752294889	7.629985659342928	13.934422566692572	7.615060736075744	6.215980166152913	6.518130411335707	8.837988825878346	7.525409212929343	6.165960727957136	6.094854219508129
chr22:50179825-50180397	2.8906785932054033	4.702276744609553	5.024961118023603	1.6891083127725135	13.932547677070678	2.1968704334170646	4.718066664516226	6.475997425964251	5.275802212713003	5.285832211524095	2.9560507553124187	2.628436628741418
chr2:120346690-120347795	7.93266897516002	5.961977659138903	5.6539639112658175	4.149462329124124	13.933337073488659	6.133939908030311	6.515339636236631	9.237424105849406	8.25550850874223	7.830017204058269	5.15663602441184	7.325173930870835
chr9:99819258-99819786	10.104769444740134	6.595282527436402	8.523675238760534	10.9480424799226	13.937667789432766	6.95327754970654	7.612250030835669	7.696512117164184	9.98912197107334	9.439283442020614	4.997243151952562	7.262945441270395
chrX:48539262-48539777	8.541799224365747	6.087082540947897	6.6676868666148135	8.604725546677134	13.92782403898748	6.483956223423049	6.54971030328808	7.183877361443469	8.016974590061446	8.477342818851177	5.718221535807452	6.835534957119598
chr16:709486-709988	6.071900889107218	7.495741650924665	5.430824054690513	3.6737997031413445	13.925442661226901	8.48923082624111	5.614174505195811	7.76036282564293	5.3172827189483955	6.936966332860973	4.606730352354753	7.350728952138692
chr12:69689058-69689565	5.702488951422514	4.542338994806816	6.635362145315753	3.4126542816131145	13.923828417117997	4.987325432519972	3.0871184504831133	8.12462060652081	3.9390193724575693	7.943306257697846	5.246960588423649	7.940646765290635
chr10:102641991-102642499	8.943067001998628	5.758638014310498	6.682581554316121	9.343321946590152	13.924313769223835	7.271815463548608	6.84393474019557	6.650930133735939	8.630511018324436	8.061209856791717	5.755295046945534	7.0730769975424295
chr1:1307290-1308659	8.834995375389271	6.083726512108277	6.4607670168247076	9.175693453303067	13.922486773410698	6.27813163765126	6.5643196705654985	6.474157288290981	7.56555075725789	8.174666745365599	5.633588794330617	6.255249777683781
chr12:108561776-108562781	8.496195580627774	5.807038183856795	5.702800409514197	7.668343566259358	13.921200187743779	6.741819691404435	6.400295591348782	6.33201487256108	7.374377903825446	7.082972738228059	6.155033781582827	6.153055948697509
chr21:33229644-33230183	8.363344152147809	5.97478240814959	6.083495121597647	7.0750559469181935	13.921673756919716	7.00706175647824	6.643898995104449	8.235994849957109	8.417929142593664	8.0661055818766	4.713897019059615	7.17440361984115
chr15:47523589-47524171	7.218609663886324	6.129809780988109	2.9778726794103845	2.373515851971932	13.920582012875519	7.188179213171446	2.784619072429546	4.917612195410205	9.73684099631313	6.7614982810656326	4.665339364345476	6.891572995662885
chrX:101097803-101098304	8.400080286623327	6.020211552924273	6.210412724274944	8.535239462667803	13.915573283610994	6.4733181355736695	6.541428670207621	7.082326102514988	7.997464296195034	7.950678564536227	5.597562095519188	6.819790807410863
chr2:218130331-218130870	4.23473918442021	2.287655021305995	3.1132498015650425	1.2168791279105728	13.913708743352245	4.983695850199613	5.279952588854216	5.8819189120886435	8.136849797276751	5.218408460706586	2.937819621213668	3.7562337277317255
chr20:36461044-36461666	8.627377422613288	6.147952340566205	6.610326768386837	8.268942362654156	13.914397673014927	6.8208882183343125	7.084098107539275	7.780004087156249	8.420599330249576	8.806651136984364	5.739356312029418	7.288208667466908
chr10:104256332-104256866	5.4217433635310535	5.572429289565136	5.009471498665852	4.383949209880305	13.912900557947541	3.9437695779006727	6.986228006319241	6.451765985776218	9.711353021672656	6.693543906962715	4.925669086666171	5.96898068966215
chr14:21192446-21192965	4.434955226533379	7.089954214617935	8.657064286369858	2.9536412431233967	13.911637610826716	5.107807693572543	6.272198780050422	8.434142475846157	9.809674387539498	8.360069641272966	3.8617569305313353	8.329317729797317
chr20:3767621-3768152	8.674543167354093	5.667828206431582	6.4835015512503125	9.182799764051413	13.909833584871757	6.485363038449728	6.474164199620576	6.314945380208411	9.375110422084308	7.731719119940488	6.023978371808353	6.2232490099990105
chr10:124709810-124710356	7.892390773974006	4.689952939246038	5.2571908474413105	1.327558520201555	13.904136508119953	7.072121044546899	5.363013814000926	8.07026645455273	5.373076859515926	6.531491671219362	1.4128507244187696	4.9252620089978
chr1:157505579-157506089	8.257093130843636	4.959960537322737	1.598410966863251	0.6754970887505081	13.902512122365803	2.2285433513540385	3.262939681565462	5.908072343182245	3.188212491992775	2.6588919856500244	1.363262196315404	2.2343624888329177
chr16:30997074-30997599	8.062024790569762	6.251484061570947	6.961785907644981	7.674289750818586	13.902271254714847	6.574774724833258	6.78401479001348	7.310932933738971	6.631140841552833	7.370922957851379	5.621684959890803	6.764492842501649
chr20:5490903-5491919	3.1146361119833306	3.075397840831178	4.479549065649721	2.5771653358056104	13.900671414560293	1.6790251221974712	5.5923165885415	5.908402936814229	7.961737612096262	4.975705924245074	6.55457945240418	3.088331963643885
chr17:75456271-75456805	2.447382563482363	6.019750016182332	2.912631524008693	2.613018997438383	13.898631173707878	3.3717852096123626	5.482048469048191	8.41090018300383	6.003650612352414	5.514668624773027	4.414471516597869	3.8654995454550853
chr2:122156036-122156561	2.3119608391650055	7.725697776703161	6.850411001291192	2.23413726992883	13.898440161081565	4.577706604151828	4.706345567149573	6.352978056679937	4.5238650362467006	7.226760454733241	4.05420022631659	7.9958267138608425
chr1:206679600-206680139	3.1370249528911653	5.596063156491408	4.130166845914908	2.2996055580470665	13.898382754986716	3.131641298484805	4.1685277968199825	10.50139112851976	7.226731478574369	6.0461536654631525	0.5883770374437086	6.865197941703581
chr16:81526937-81527462	4.353504566325418	2.52792884740216	2.037621186142007	2.4085674868035865	13.896073449330228	5.361581914956303	6.8036582812231226	8.014705785117934	6.343624199736468	7.76219283914337	4.767421240869555	7.407859333869743
chr19:11987334-11987834	7.896089331162974	6.222954480456308	6.901303274278032	7.66357527118904	13.892675280490154	6.5729800419371385	6.725118769673489	7.49132421700296	8.758331019366139	7.788270573640272	5.534718484124712	7.162594849960527
chr17:42386649-42387652	3.692427849366646	1.956475222063592	3.868519276401946	2.8583814686853724	13.884378277220234	4.750789197111442	5.043393902539348	5.227500350829597	7.4536480362168565	4.268120433944817	5.601247050273096	4.674895684114577
chr4:152014149-152014665	2.4613936096590288	6.04629187364647	2.2470160554020793	2.416953677629164	13.884817665485334	2.601223702755738	3.938481539693833	9.397603003893638	5.566787641121795	3.6578110896568705	0.0	3.661137846055956
chr11:63582425-63582954	3.317970869140802	2.7831295016460724	4.936774769609349	3.8176697005076927	13.885900399467	3.434125786181497	7.3446121703622	5.707259833723707	10.519655015079712	8.833453170165539	6.188450222650074	9.482031719303023
chr5:10854438-10854953	4.329024041384967	2.766910499234854	2.286498666971711	2.7102109620848447	13.881244296756732	4.605407356078045	3.435865735213574	4.945796828564361	4.355572116297758	3.2233477596961824	1.6269447461722775	5.2478764366747335
chr12:122082454-122083465	5.574188636952664	6.304993079068682	5.902275434957141	5.21580306321556	13.88200445978021	4.232623356243882	6.475910345917102	8.790075043976177	7.639878075875929	6.8767563353521455	5.264795442249537	7.58462955137551
chr7:135917672-135918208	4.168204814381977	4.511540923659488	2.6685566763053337	2.2806026586999737	13.883049217053616	2.7747879755401446	6.880136057365439	6.034475496442932	10.163115616440498	7.339202896801933	2.4049550025017474	6.616331731892406
chr2:196229982-196230494	2.239754871887311	6.803350743376236	3.3999652630033608	1.6558160286478087	13.880810790908578	4.075849542740326	3.46840185299722	8.117930052625429	3.2555991062483813	5.7642104581669775	1.7240275403131677	1.9076271475490258
chr13:32019543-32020063	5.499301916898081	6.7385042351725	6.027670494973401	3.881332442429832	13.878917802253246	4.294000504377657	5.940448871313105	8.547578581421716	7.703811302996817	7.6044946021106	3.8619619282708877	7.3936969940350235
chr6:149140033-149141305	3.0106716303571703	3.179074073325297	1.9770746712163603	2.9779803558593123	13.87802668749063	2.363189221417957	3.540699607177002	6.835663605747382	8.31935693954719	6.792624744322064	5.3980632914774125	6.702876896373831
chr3:129067748-129068908	6.142591000198424	6.516042165791035	5.99913682262819	2.892753168921748	13.877278080417858	4.881968416095163	6.343290575056916	5.39414231228216	7.225063847104534	8.57731121187145	5.0831988283595795	9.075381249177344
chr20:341589-342118	7.151046289432563	3.614155441355869	3.4573711750449503	3.772994853409738	13.875217706588638	7.426469175737248	4.598884862388537	5.1693400884865754	6.2929516391348255	7.338845623927168	4.150665853947146	6.619161468462054
chr12:32054022-32054570	2.747670395735151	2.2368655266117363	3.624733058480137	1.457609404787555	13.873122237251179	2.0427276608706504	2.669594415902674	3.0000021329003426	2.7209289029030446	2.85341831303535	2.821297034708159	4.282125840784393
chr8:95237102-95237606	3.7312484385216798	4.250041854976313	3.3943978936763686	2.717819478467127	13.872321187821886	2.0744671675976236	3.043811416304804	8.05465186867873	5.640367069320571	5.536317977115885	5.647033901734679	3.6904999065726836
chr22:41690892-41691484	5.153668949840123	6.078897883250323	6.091015315832894	3.4348979588984845	13.863673037812283	4.719116217536924	6.782510745533396	9.320061741930914	7.257772593983737	5.637515008966029	1.0322451204381935	6.503544964306108
chrX:154490568-154491077	8.513147200262292	6.032425510762689	7.249819677954359	8.069472345201365	13.863702841222842	6.8283308782947465	6.302254980619512	7.082598607299717	7.924625826778819	7.9883485130604095	5.586092928714017	6.678218204308936
chr1:26234436-26235518	8.006388852560583	5.866706755192681	8.755169118396978	7.827606634297156	13.861886611213029	6.127453713500947	6.742104837809173	7.781986334346393	8.285769943664754	8.211470628433263	4.820201307766865	5.99296040157284
chr10:68955895-68956897	8.228439995974876	5.9191507907294625	6.197548172122319	8.51377016238365	13.861800894238602	7.924580042207032	6.9705465197678995	7.780439829443989	8.438037670260071	7.880172305477561	5.129170904343222	6.357067292090118
chr11:67288221-67288753	9.923864542076785	6.2267773853069865	8.21996830666801	8.739834994521459	13.863282644223585	7.583910447888451	6.9005138451141805	7.609593344328161	9.150200796592522	8.957967302775044	5.350849041286415	7.336915718846704
chr9:126606993-126607553	2.478250553644168	5.043414792537415	3.723817310720209	2.3252514644549342	13.858275821954171	4.344484660072375	6.626902825308557	6.470969127794626	7.888758524279125	5.312178950752124	4.604010805908357	2.961807232868331
chr18:36200289-36200820	2.66949956117747	1.7639206120816284	1.8237387978577346	2.4019728163660456	13.851749695449264	2.545003199207011	2.4025746959205785	7.988775843544434	3.1679578844213934	5.777921034644616	3.668002532441298	5.1477155300474084
chr8:102792861-102793369	5.887119891278799	5.275543494467918	2.6337181980319513	3.176704044029447	13.852679214397526	7.202259382099162	3.660531589485896	5.710149978140179	10.333722145729004	6.810731867124139	1.25556557596154	6.690143237177506
chr2:97108665-97109285	3.6955075568450644	3.334995465833803	2.76743767747552	2.141825550359256	13.84812640932973	2.5963189149684998	3.7191087889577927	6.349157552860816	3.0648753066303085	3.4315552414643147	2.8393657140780406	5.486048830489918
chr19:12760490-12760990	6.788802384142084	6.25254143767311	6.597334699966227	5.8410311861673625	13.84435535291754	5.477992354878068	6.498936440151149	8.298439783681708	8.564757466473393	6.709952239317214	4.215468353397339	6.68023079937222
chr2:29113769-29114278	2.8475630256152047	3.222922962611089	2.266886660143205	1.6417708771051165	13.843194507028214	2.1068063192408886	8.252328819263308	6.367338575660431	3.462624406509067	4.567092608948939	2.4020644281462107	6.30549120238305
chr19:48884857-48886687	9.001583140462326	7.125284005801008	5.684324136894203	4.7014803658427535	13.845555640604326	6.673598283648111	6.639168121470904	10.000032966309172	8.41127815510126	7.113360858363708	2.991359454163111	7.162774746813623
chr10:45425800-45426585	7.002271225567425	5.421642782361119	8.409652962810505	2.3015737206563376	13.84372791795452	3.339738857704203	5.304863186545026	9.459236976744592	4.59742063172587	8.136860944090326	4.393479991322113	5.6064911999131315
chrX:72181346-72181852	7.890814697987942	6.192680971645699	6.207587008736642	8.187790714136902	13.842639062711097	6.10330767066202	6.232667432626557	6.950971906926937	8.02498495001344	7.605319324518438	5.535711058118282	6.449192087645756
chr17:2011629-2012230	4.601994128632162	4.9877666289831195	3.281964960525662	1.8910107310481763	13.84194839040087	8.585804201086804	3.340410182083895	8.421262586877452	8.574603678180527	8.37103242351	3.1986915665687383	7.174710616762205
chr12:56266327-56267409	8.299060033810175	6.608647119181179	6.607918372797523	9.032806072687999	13.837952477759384	5.372836385732826	6.597598134043739	6.645913865769664	8.229085078177	8.091565173749931	6.2175797956346655	6.287124411430321
chr4:55853336-55853859	2.0184317142320727	1.8404201044442168	2.9981094783164717	1.3066718029974256	13.833788493980078	1.9653027719716354	3.0504717862647484	4.878442975912077	8.458143136299954	5.428018829876082	2.971823103518922	3.435084630697196
chrX:48897575-48898079	8.81695609760719	5.964339057541285	6.660281379359383	8.720317707782923	13.835352536815227	6.192206032931745	6.9555987049822905	7.565437503745419	8.29497998604982	7.8922419174827425	5.489879793788394	6.506945915988882
chr9:71910337-71911604	8.114830383047885	7.234309277122809	5.840659133060665	11.761083085783133	13.835381380345934	6.149250465983521	6.655031779296762	5.840893471055822	7.923367058422638	8.220105336389828	6.599520675312093	5.420624299936272
chr19:43779101-43779623	6.007039397776291	2.9040272369038185	4.977334282112469	3.1046341457862314	13.828281382405105	7.645945750485935	5.926540814060945	8.126472613226777	3.8658751006129717	6.270060321560895	3.9866954408101933	6.8483376095959265
chr4:473980-474496	2.247846274303783	7.016104102095668	4.3230152526026275	1.0958258344533653	13.827256320224091	2.927639447114367	3.93535419828441	7.513639829401571	8.103750277673264	8.047211745911248	2.323193053209335	3.658556229564217
chr17:8383039-8383578	7.88510954044741	5.102692990904543	5.641932639677865	8.229581197899705	13.82677997710966	5.790062151733141	5.723040576022072	5.960170237246041	6.755827731648169	7.168832742803442	6.2338822831495335	5.829054478217062
chr1:223175538-223176098	3.4321772355748066	3.2615216316573767	5.836088671334192	3.5938527642450318	13.82293642305375	5.721549531547877	5.745314054876644	8.234877247046352	7.82219952459625	6.95727947665404	3.5009354783491884	4.241039833763976
chr9:93129289-93129972	5.0839605614680705	5.529463820925634	2.773052441295954	1.948293775121296	13.823618405616239	6.420148807037999	5.49859618039213	8.08808524115583	8.882923852666504	6.459540466707041	1.9734632018505156	9.565014911169383
chr2:219211453-219211956	3.759595041847974	6.145700233746433	3.7737695143252044	2.5217375745866812	13.823108611723772	4.620951666178559	6.4119081646070235	7.497167966371625	8.520348375791066	9.052337983265616	3.40988020462945	8.659723335508627
chr17:77245168-77245672	7.392972072995297	6.513393118692306	6.224443365343304	2.2043305226530188	13.819683914927413	7.405284182338489	6.745821838236716	8.226863736419824	4.823180494790332	6.874204425585067	5.52149660345031	8.607954915163686
chr5:150302247-150302854	3.57394289434847	7.062291584467167	6.455142201747887	2.282538601549384	13.818240424791702	3.712995616398398	4.098082628597646	5.647251629579054	5.006244111900649	6.132926299738562	4.532647678251359	5.8868433160458205
chr13:41955569-41956099	7.278089077505042	2.148602740081916	3.662550027466515	2.7335989152032116	13.811909393268825	6.449705609372065	5.616541641303943	6.552670476328677	6.8012949849435325	4.455320604619083	1.4912826735967997	2.642581456718608
chr1:46134745-46135291	6.369980308375306	5.505641923522432	3.5611919043679325	4.036227457415044	13.812378179631445	7.1537868779980105	5.982772465073802	8.139141055488418	8.39306514497813	4.573080599085287	3.7144962420300014	3.8894964241319587
chr6:32127430-32128026	4.735724021427313	5.349152051418911	8.302409987961955	3.2897376607332176	13.811958079628598	6.755110780410339	5.41084398851439	7.234606768258545	4.984200358271981	6.285833823380285	3.1065942600199117	6.719544848552305
chr11:65981779-65982464	4.82957577230663	3.948319432183271	3.3770262857340927	3.8688430577406585	13.8092993271899	3.020278620845943	6.149687511562397	7.843678644071922	5.844403811695413	5.432839654311949	4.218210779464909	3.1392051582087137
chr22:31171680-31172197	6.004056806913749	6.015697837130477	4.082776804240237	3.6567021517264444	13.809213020893207	3.564793697996832	7.87622232197014	9.608111576537135	8.514470228697142	5.3449989625509415	4.038467890121765	8.55364012713012
chr3:48919729-48920230	4.22937502068437	6.232376457185801	2.7821846380398476	3.0967320383477266	13.806742191403345	3.750426382458749	3.1552672401445037	4.77090709448398	4.369368250863062	4.380718123485142	4.603359071854392	3.618788295882258
chr16:30941874-30942388	8.522580644487189	6.660181618175098	5.867930175898573	6.315322396439052	13.807968867307288	7.234505183007514	6.842941026530669	7.612114802118758	9.274118996562496	7.615956467711868	5.322352359015011	7.1706730104361975
chrX:48696352-48696938	8.937607235703053	6.113950955865915	7.062180630205203	8.463273940821237	13.805995560798795	7.168151848387835	6.722180825364894	7.190939740914017	8.427908052858495	8.044005584016146	5.244273682465859	6.8913774365526805
chr12:124759879-124760585	7.311018674467991	4.510600983427266	6.264521589498485	0.7900708090540874	13.80035781813927	6.92541027909375	3.293058807240435	5.9037156202361905	3.7589801160714913	6.1540246161819505	6.158923170409669	6.401825869219572
chr9:113524037-113525249	6.3427338046368185	6.281864810471166	7.110300087122536	3.193419133580928	13.80080046998187	7.51019709882543	6.925776233767193	7.758396363887205	8.174977958974443	6.496281680550093	4.248112639631628	7.197762362395527
chr14:59188360-59188863	8.526436404825608	5.973920105129675	6.2448434306095475	11.03918946814354	13.804027733826306	5.819601457641319	6.650021139764903	5.978944019736893	7.37869045935439	8.350321396895197	6.404209800825903	6.021599511217579
chr1:100352119-100352674	8.857524846843875	6.752898645641345	5.905508225096316	8.857147863223034	13.800980684585245	6.896062510345558	6.503330557821176	7.252355333588739	8.918422796621922	8.204882533378827	5.208456733275158	5.907942097089115
chr1:2555491-2556767	7.227220350441424	6.291564677725291	8.172715607768435	7.042058467855378	13.798526959963288	6.235071962686269	6.338650999692144	7.65712813931113	7.305729507646777	7.9459155801790615	5.82051619504707	7.287264773560588
chr6:135266418-135267548	4.140438571659201	6.043766118835859	4.628499673130554	2.830734775927825	13.79730550286274	5.492112828928827	4.3342787674361825	6.858319626032091	4.510593640414809	6.722046452897512	4.986468699853884	6.939674972895732
chr1:32817896-32818597	7.71791728973871	7.301396445655093	5.74253315994414	5.649617634890943	13.796346029489118	5.691103641851236	6.589123110271686	8.2083109072416	8.22693749587998	8.337780904060436	4.594323029647484	7.092005773388923
chr3:56725158-56725664	2.0590188529835767	2.3538391982645597	2.579209511782162	1.1922113960531604	13.792414916517316	2.646450986145175	2.2865460720095534	5.730440051143956	4.2406372248943764	5.223907530606082	5.174008206211513	1.9562417303988966
chr19:14209006-14210171	4.486547941354212	6.353668589703958	6.039850948767126	2.825047805349356	13.792434471517991	6.5091691057460235	5.523838013581745	8.283726613937183	7.389792479448954	7.589169572753072	3.0698674050636137	8.07500573683237
chr10:103661529-103662036	6.205981181405653	7.283985654875137	7.724168098637868	6.3994322132108215	13.793397186337677	4.399747482154633	7.7515917105913354	8.793653161370477	7.32811101986981	7.4738856794334865	4.261257957359466	9.090020587110278
chr10:78029328-78029833	7.949810992773479	6.036811049706569	5.955899747232275	7.950344763838158	13.790424654767168	6.259482015873232	6.776853605531695	7.269528599064178	8.134882474328125	7.730766960885574	5.68859451978361	6.627256101741721
chr1:160774834-160775703	6.159919516231748	6.0984496133747506	6.129506653676008	4.845687334515392	13.785335014447561	7.459212844826479	6.928499385876031	8.436295447927721	8.593502115455669	7.091670653583779	2.743321623725645	3.188951514222007
chr18:51194521-51195051	3.5604964423068117	6.439734425625867	5.0277284377703655	3.2962544474648086	13.78399408550492	5.65610656163445	5.52969178965094	7.163729862219562	9.071408267816565	6.808628229612369	4.045069378321796	6.857320593152636
chr8:144787139-144787639	7.452108960945042	5.35826772931525	4.840717946437239	2.51799507037116	13.783678994593963	9.331466139541753	5.3897921167915435	8.00438498220088	4.890013186800289	6.152223465848101	2.7369237548834593	6.769084880884155
chr19:40687372-40687897	5.291550820487897	6.703009033989641	7.586278724030938	1.9900107683050454	13.784132855643374	5.983739175477919	7.130056555875684	9.816214428083223	9.355008196930752	6.888927330062398	4.702616601936017	5.612890422730191
chr7:139085282-139085827	3.1524513062917108	3.8748421617174245	4.246801011060441	2.7756369933598894	13.780351248013055	6.518931101951952	6.898771529652732	7.587257552038302	7.349185840143513	4.72098468398013	1.072192982722609	6.0991113779924415
chr19:12332239-12332955	5.856777920664816	7.256053476699105	5.514006838194489	5.595157673724259	13.781799399380967	7.06418504382636	7.2124871970838305	9.727389003383726	6.858303657865264	7.077403117007395	3.6686075588771194	6.3498939204719145
chr13:103101784-103102287	1.7576171153726088	2.8108908663560563	1.9590674535282477	1.3126682445363536	13.779542496552411	1.5418144998669108	5.511106111336121	3.203296094061018	2.9691866915022627	6.666857587855931	5.7575786121139165	6.7887388954439745
chr15:94582283-94582819	4.140368202553427	3.40309808218651	4.925880860953943	3.601181081195032	13.773569439422165	6.085079181695884	5.88638968492455	8.270317276425617	5.534147305379893	7.126502911789617	3.6125384254518966	8.41480201638559
chrX:48676182-48676735	8.282500538378791	6.217444650666666	6.610999443337897	8.446884092355386	13.772492196024839	6.570854306452164	6.1599991803058085	6.606853876273968	7.375779323604642	7.864636411220285	5.59893184663881	6.582882816263268
chr12:56700598-56701134	9.783854959606634	8.022268041193836	6.008085674422809	4.587594702019464	13.775282467206889	8.992499767754783	7.153976209197073	9.815648271691568	7.853659419827227	8.612621282319969	4.345889410354097	8.063687611165093
chr10:6230268-6230777	4.9193374658820765	3.9375305162530934	3.845660517209569	3.797133897355022	13.773428121541693	8.004948229168264	5.34418708018179	11.517069355350898	7.390100197846027	5.97183049565674	4.068825775674423	3.7598389035086957
chr10:132329768-132330275	6.605402362937925	3.801432619033686	6.023139500877212	4.404023278212833	13.768695949746618	7.003883276822008	6.533549966007255	7.9477214257341435	8.159531337160477	5.923679305090462	5.040869139392603	6.614553419601422
chr16:8905140-8905695	4.703814706783698	7.065843640523639	7.097658054706546	4.253055152750554	13.769012494833088	5.197233246799199	6.05242943823853	9.209471987988623	7.866374497682716	7.173442450036028	3.223318194439959	8.091061921459985
chr5:133861287-133861803	3.601743754385401	4.075219773500865	4.072644686628454	0.06836435860749382	13.767918403142371	3.2908083681403686	4.761551072450492	9.447504312148123	5.1727065757985535	7.7924376693236255	1.4500534990675924	4.74670348740219
chr20:266876-267382	6.806248654005497	6.4819425995951665	5.864475388668285	6.456128574790192	13.766289227630597	6.4319936490811305	6.501146426103623	7.617058019157106	7.448780678401592	7.393171142890162	5.229198358450858	6.581597804618671
chr3:44509300-44510880	5.001124606235144	3.7037951266413276	4.115235336995921	1.4806154007849432	13.76573218554009	5.175356819937916	7.2725515189623415	6.675837661970194	4.960039523246292	5.825588657041727	3.185482216628679	7.05892342452742
chr15:41859990-41860549	5.245427857426685	6.362932314153496	6.580350810629136	2.569340153079474	13.765551877226553	6.63435461303617	4.137826324293959	4.838764590402563	8.592137597841578	5.816785862342455	2.468153115307749	5.613066115308414
chr18:75204560-75205137	8.30342340236567	6.042303134020747	8.558609429863795	4.243206897331728	13.76706128490157	7.494451877400092	6.315184432398564	8.986325256923667	9.241298981369292	7.764115452756529	3.9481066310531276	6.591675968021953
chr19:17762406-17763445	6.332864903721499	4.56322216682787	4.648957936357012	3.5939732518755236	13.762186298509077	8.062024250424129	6.614104944006141	6.701303467642112	6.5460194671636245	6.451765292687769	4.025592039275184	5.708242484069089
chr1:218874198-218874720	8.436327831352138	2.764781876643188	2.499104790906239	1.1971545284319585	13.761078876087545	6.47804887637146	4.1441113190318255	6.897283903262545	10.399784768900153	5.054605169051291	0.6179328230412934	3.864165539478422
chr1:37480464-37481076	3.4679486747184507	4.09304581504578	4.620711312118673	3.043552899387488	13.754553938183786	2.5022175349145375	5.146838363008403	6.861256675126116	4.524937007659985	6.281068266180116	6.036802224401496	3.5184805076225762
chr6:291529-292029	4.479664872921277	5.205642529576634	4.281495558872497	2.062964744362037	13.756316374534597	4.377982308909411	3.2820595945826296	10.671714734320062	5.303169378139539	3.951913655299182	0.13276792450247585	4.596062704541557
chr1:2290496-2291046	7.91263906003308	5.863755913718926	6.553327127902739	7.391628282035048	13.75449897694426	6.271968489425158	6.033288095963912	6.909091540079581	7.733572577873584	7.9977330492236245	7.23439764013787	7.055175040454064
chr9:757480-757980	8.5944494820555	5.98817353337876	5.001346515533144	2.8136022130232576	13.755493614801603	4.30747810199814	5.299971827158109	8.897096438280997	9.68988333403772	7.201894175410087	5.39992165315556	8.58327673031601
chr16:29863335-29863857	7.465391524399978	5.90253023720081	6.419115476562935	9.397656578571665	13.752999964361338	6.158398849521597	6.949000038968277	6.640598174776532	7.788913585174815	7.667507482261839	5.9213475393336585	5.800576516304138
chr14:101073157-101073669	4.274822754689616	8.770026092556781	6.926930125014991	0.9761890778283292	13.75245385359147	5.822872943973318	7.4419510366433235	8.887615357357666	4.877055505936622	7.94597904149441	4.445848762582324	8.891520297575703
chr5:175657773-175658280	3.342775448075215	2.4707634534390532	3.2077768467965626	3.080653215722133	13.752477690632109	4.1037056794177555	5.937415115098691	11.174063315088267	5.028511879194	4.64800195708142	2.681128894843345	7.929569780681483
chr19:645798-646824	5.26333546907895	3.681645781948803	3.1085492695533588	2.401604099649091	13.747058878242282	4.235893135288778	6.1895866422258825	6.364184773678545	8.022617950532318	4.928159534432723	4.146398935673014	5.753359388342593
chrX:18984169-18985261	8.311412372955695	5.59159379468466	5.954845433352975	8.862703717142645	13.745326923585171	6.740440519643193	6.295033464773437	6.764196274788309	7.472322929726224	7.839474714661643	5.880711715647858	6.3168919403859825
chr1:202118839-202119360	6.371499948667287	4.643365268720748	4.779370330233466	3.0776074915276674	13.743559171986153	3.033782589337786	4.805321540562024	8.468823250045437	7.511334679209077	3.5014538839663727	3.870981450906707	3.4479810943653333
chr12:203610-204129	6.360878319989726	6.034426334084522	6.192157301555145	1.4644688864572262	13.744317345946016	7.971411798135989	6.091464168028637	9.179627161835434	6.145327789790289	7.523324196340866	4.302055809331977	8.463583304225354
chr16:30573307-30573834	1.491915944137869	2.2012209920596146	3.0867585034629945	1.9521034210643455	13.741084708644687	1.3496247584668128	2.039697946011138	3.886726005318036	3.3162252492197797	5.5564703990769795	6.112911565782736	2.3971222255174864
chr1:36223030-36224616	8.728888486376587	5.507630044162783	6.719598353266012	10.502263105328941	13.744973640139685	5.897499966486883	5.612984132253318	5.268491937272766	6.303483960167407	7.757200707551278	6.7591977971365065	5.948103617363098
chr6:2766265-2766783	8.617341322797921	5.610911941594229	5.861953524582869	9.499413623573188	13.738574727899586	6.034403675693497	5.676895416932933	5.4902183729714436	6.724051558582214	7.446591414121905	7.04220684878083	5.72296586661484
chr3:136194289-136194793	2.7122646997563447	3.8901999703825334	6.70286787285893	2.953928642357528	13.73709235501467	4.726438798372086	7.829850321039402	9.262130828035176	6.985250530128058	6.642415954798012	1.4647762397821065	3.651022541438834
chr5:177307875-177308414	5.221035777014589	3.9476823432058543	4.205188569591435	2.989259370220157	13.733316961805587	6.568142245011691	5.079127120893467	7.679648032284709	9.74949530773002	6.133075132842402	1.4670422092628146	3.34202235762732
chr12:109713350-109713901	8.168908925196884	5.896185779493522	6.4075043710282396	9.802917675420046	13.731739675583093	5.481460475539199	5.471791894947262	6.482495391570882	7.0911484052127385	8.074209065961277	5.861732625660833	5.7247083415822
chr12:109714086-109714741	5.961651462402425	6.3488938957058885	5.827670822644321	5.07370090580772	13.727551954211345	5.868899007029048	5.9713715744851354	7.3300207460995	7.572537410197269	7.020358601523672	6.005424126031469	6.322219318777845
chr12:57094715-57095221	4.172166501965898	3.8353568061671894	6.112355102683863	2.245431895868919	13.731024853295295	6.312292483633901	7.915451099871077	10.538199417764227	10.263957422846577	4.6823946070502265	4.6414048177235925	3.629383519959941
chr14:73237741-73238819	6.520194224788261	6.109621343558	4.556758318473558	2.657984332387396	13.724851880568432	5.679002406029185	6.0390944517171885	7.2425632547972	6.6073569666720475	6.780578412781608	4.223127473391496	6.896738257870106
chr1:2585323-2586135	6.532540682738596	5.700843466574031	6.485243300193679	6.73620115745368	13.722692209393923	5.5944233153205785	5.357044980544134	6.795245265509233	6.527289287408292	6.9769125901947895	6.106758061409248	6.3399603499398385
chr15:61621084-61621597	1.4648574594436463	3.0615151436873886	3.5865863235875213	2.90665023807415	13.719444268621487	2.914958765030844	2.183145005176697	7.248942362419861	5.02394608869043	6.466629992724016	6.084878491702014	4.669830926985658
chr19:19489051-19490066	8.447242317026982	5.022902132959803	5.947023670164476	8.532046140494918	13.72136203207825	6.813643818340589	7.827745020415443	7.260149414121007	8.260570312043315	7.798503403134301	5.216807413542363	6.857974490385162
chr15:75061973-75062486	5.939709319230324	2.505495207446201	5.559666732333626	2.619883745207932	13.718150818826668	6.455003235831922	4.315362608546725	4.736569864989975	5.64353324641938	5.2162379525205935	2.004210512194437	6.3771913105564
chr1:153544992-153546236	4.492610093077138	5.29576051596181	5.011823243767066	2.9479079425158927	13.710777084935568	5.203107932929552	5.592906585018267	4.530937633881783	4.05754943247301	3.6150823103825833	4.216246228703875	4.675404605388603
chr1:158179565-158180091	7.221400060789339	6.52189013649524	4.289396449350253	3.4395291333772966	13.71179158655238	7.575024158213075	3.6622929350096123	8.444739847635354	8.98744185008541	6.444456216342743	4.153034870245432	6.902078740066392
chr19:17025916-17026417	5.594754168575737	4.40079433201074	6.564575103794447	3.1956395241617015	13.6998125156809	4.99869337875146	4.718934877879663	7.632316001820461	2.7147517733139908	5.943304804180978	4.7405944840723695	6.839388799279519
chr12:51424484-51424996	8.196932329745513	7.623715499261421	6.229787564044831	6.491264139975549	13.703077702483537	8.497763145434007	7.46751106431091	9.282455719984833	10.55162217394902	8.510184145701512	4.7845137497952255	8.34043832811455
chr16:2531786-2532318	8.819261429598713	5.588822387432095	6.733385285322512	9.52832648790629	13.696604989412313	6.513017516439743	6.5629751851790035	6.720297552224733	7.607658497982979	7.904290468843457	5.782033029211122	6.7366508443947115
chr10:33336096-33336606	6.035323937580248	5.894410968341937	5.070471709861106	2.5302813672620266	13.692187879170701	7.268713385558911	5.887028851942882	5.814801048539901	6.876060544041449	7.886774014170036	4.93273794810654	6.703951551033899
chr19:2427383-2427928	8.540001014517493	6.206597112242302	6.515768644103692	8.535258313916582	13.693816565212396	7.971641301161037	6.801181173871197	7.037322741960032	8.605247661684967	8.220877085269159	5.398712361211057	7.00379738649926
chr20:34414992-34415540	5.248263589252105	7.500384890352485	7.4347919231775155	1.6410126816169597	13.691211590295884	4.196625903175587	4.604626860185747	9.111210012640946	5.708902711598494	7.316078924499138	0.0	6.573229558207685
chr3:49790046-49790560	8.480168242816692	5.704401985833387	6.6239803725137705	9.605450821810479	13.69118072424556	5.987721071371366	6.224304934138903	5.853260544750967	7.196009367108646	8.059895428899516	6.122925711764929	6.148163528833798
chr3:52052742-52053268	8.199144630553226	3.6338331532964716	3.960907881234769	1.4195108286547438	13.690809967010773	7.722771084576455	4.452801643300321	9.675273432855688	6.721002728370981	7.184431842891107	2.4929568788718277	6.065841178909496
chr17:32350356-32351158	8.362993255089082	5.743019486961333	5.880945053978108	5.881532000684646	13.685595057049255	6.604832418079368	7.088620103025588	8.964100049407971	9.787115363341222	7.34828874914904	4.653008050007083	6.605399451119154
chr16:30659776-30660321	5.939241254479322	7.028870556122011	6.972893886679316	4.9755734925876585	13.684758856053424	5.925662876741687	6.754810601881508	9.239592959959454	9.143029452393165	7.226379307961045	5.09250118884861	7.21028271559306
chr4:153467074-153467591	2.574015897198911	3.82840337459003	3.80903073148384	1.8842894088808257	13.679620273339392	1.9318173103607017	3.002782924306846	3.2269201618371457	2.7676802940047125	4.359210703690882	6.109956794416647	5.242524656814767
chr19:41563250-41564293	5.565305638767488	5.938783756695195	5.981019845742539	5.539237479020784	13.679447521803997	5.35586854635802	5.30619312164729	7.4838418467794865	6.150266233670644	7.287418134194905	5.912718057106525	6.752460942194211
chrX:24053393-24054894	8.924375035540436	6.402100810395252	5.892722616883439	8.878249940918268	13.680706641416563	8.229392167621242	6.282957701208287	6.677286854037625	7.761580963609342	7.69142398369536	5.3575198179692425	5.840601509752223
chr7:129271677-129272206	5.08628292060753	4.179899629910331	2.8981698250122543	1.2313099126530318	13.676627176024557	4.032120474108757	3.8122002090033122	7.3763187409392765	4.799799279100696	3.7178128407916624	1.1851967507070795	2.875288038578784
chr6:109382174-109383617	8.264088328377643	6.355661446458962	6.8990986836183135	8.52589741209065	13.680569281539924	8.1217458057766	7.94031875350893	7.789163475632761	10.403599123583433	7.845727657191342	5.134360194885059	7.596371196708658
chr19:5090942-5091461	2.1121804740880634	3.0673018641662364	2.5852862753929715	2.5548840366005345	13.670492438073323	1.5460491211787604	3.3579302359168515	5.348447081990753	3.1847134410672386	6.154743062343413	6.045454292523648	4.222930896364296
chr2:73877323-73877866	7.417377175769926	4.608028140844257	3.921298844990138	1.5302217130393572	13.670161095976365	3.774444789557768	6.182998470787083	6.528331963168797	5.5479918097750485	5.621576279544812	5.0275223000663996	6.404780686677711
chr9:128159934-128160455	8.347537518612253	6.1156854147011765	6.310758614222383	8.718356618421398	13.667542813921687	6.279800776462031	6.672664035253145	7.131840930600012	8.232780055979743	8.573653567200815	5.641258868134049	6.879217068974612
chr2:201119885-201120960	7.875086020831707	7.463131423806944	6.284005049665161	8.178234198803619	13.667574917930978	5.964677566177231	6.690096599288893	8.258771300395248	9.038329798108276	8.280530623207165	5.318753545925857	6.798193110222856
chr20:57400278-57400786	4.652594341338773	6.378527335770543	6.223767843836652	4.505438666958708	13.666525543783763	4.227377773568611	5.9914292936844715	9.400675521938807	8.222034246097142	6.423351304652422	5.138591676507923	3.8881522937164674
chrX:154516090-154517103	8.058596553856564	6.1732747910447845	6.889010009314884	8.23694617810192	13.666369917766598	6.604891738904455	6.5637220682771575	6.548341699464562	7.9974883978963405	7.867540876416865	6.080920985356835	7.002418654893414
chr6:155319810-155320321	4.8243570925387695	4.6276969860342945	4.5656845266051524	3.396150405631319	13.66324229609334	4.548401475905228	5.428993565458498	8.269831606613431	5.8890529260092395	4.249517472103242	4.871205964621037	2.8050961019481093
chr3:185794591-185795202	3.7507498160313775	3.7925236209007767	3.388512772145911	2.7040721746143133	13.658442310450342	2.2812247272748603	5.8336975630316195	7.9509980890619305	6.345208083521828	7.8569492716436	4.112415918017258	6.169223209203349
chr22:44449282-44449797	3.724630491273421	1.8293354849188646	3.720565150145875	2.3115726154461957	13.657030012757184	4.335363831708399	3.8185300689033905	6.568203021070333	4.328809745899043	4.219447273566912	2.2547327602049	4.407706093446589
chr14:81400804-81401341	7.246321077254121	6.208355201449346	2.7642323044794583	2.1525062808835926	13.65758097952473	8.688074250279685	6.131538959704837	9.943727272308555	8.620056074864435	4.922849480529357	1.3679251964660284	4.1447406090150425
chr12:121204626-121205144	5.641664842565167	7.412909963633648	3.1919762853234177	1.563761126441479	13.65440478726625	7.013478525878815	5.150797548042752	8.732425909968805	8.051386304174105	5.374601212267761	3.305659382118165	3.3521477614823048
chr9:35481314-35481827	6.283646168461953	4.695488534920815	8.21032806672556	3.2478696908408695	13.653269778694527	7.962037400274358	5.179987696919015	8.919233454045518	6.336062177040454	7.201632286531186	4.123306773061402	7.845286992520118
chr19:13099336-13099874	8.474064943992541	6.800124183302129	5.992717268360435	6.879382075553641	13.6539405526902	7.399819990511378	7.784412401118919	8.701555429680013	9.361704694436764	8.082168833031535	3.7448791014630958	7.426066753062613
chr3:39107406-39107908	3.537235248107723	3.837524660220799	4.295941113923313	2.5305601169817296	13.650540379321168	3.5300980491531218	4.449440537286062	8.66653328554074	3.9059777761379944	4.621841573950754	4.289691633738044	2.0888642198036287
chr19:58326741-58327872	8.843968206340321	5.372506311237962	3.4019732267475757	2.7503688932971295	13.652405160978569	2.9571241759220146	4.280000701178303	9.010889277571307	10.578901590075896	5.620446167516136	3.7914449577389817	7.2405265347772945
chr1:241518853-241519532	5.0145680724095385	3.657294808982058	3.171510241140795	2.113557926543298	13.650988403655909	2.230479210010928	3.5863514865892077	9.836178293922025	5.406610754627591	5.372938291098009	3.714981940155557	10.037268648677633
chr12:171586-172157	3.071603547342042	3.058374897582925	1.9907326054122834	2.597085682996542	13.642462996647732	3.1001217399172	4.272976748662978	5.116779724872079	2.9868282940307567	5.393105503843749	5.697745942138793	5.131199881178836
chr7:155003150-155003660	3.6360958800506404	7.452222351308967	2.1912710529364277	0.16404187567965706	13.640322251530907	2.8520003531956095	7.388755603202059	7.867895194493117	5.465830696305337	6.382127455708812	0.6435273687432904	3.521392990749583
chr2:54115039-54116179	2.771447884306431	1.8189321490781742	5.824719284011147	2.6666024598218243	13.638831881080991	2.04356109603526	5.029462432044776	3.6223635504889207	8.636381482592748	3.332048274397223	5.31142000098467	6.196407742831883
chr11:67629198-67629712	7.034458381130447	6.58490053790122	5.8911504109083	7.204374526062798	13.637786289315486	6.241744514304291	6.720773009098873	8.170015249370946	8.105424097894108	7.93188043400246	5.494238915298676	7.024310139813708
chr16:70685373-70686377	5.564546820455137	6.255992858752764	6.741733065340176	5.238240731781415	13.63658159127937	4.312323946350038	6.136275030538797	6.9267110443566455	7.581660410552069	8.19764215641482	5.7957813030111	8.143196423697269
chr19:12800132-12800632	3.45492252583534	4.002008007039498	3.716866026615656	3.1583889553572657	13.633595483958581	3.4289961391980697	3.961445047350459	4.870415102751671	3.538287897656776	3.802782524695061	4.328230826823931	3.8298087352931023
chr3:51385407-51386012	9.871169105724311	7.493967439485789	8.033354931285386	0.6346705089643799	13.638694954735382	4.740683552576162	5.410601049928184	6.460247230820316	9.509237987185722	9.490573435879211	3.9425988475516465	8.172925289171483
chr1:234707537-234708058	4.48565429687422	2.308317492416794	2.70036547326525	1.9356937857324925	13.628705997797702	3.4765774918114887	4.252016427218535	7.2533240058474995	3.620165749254264	5.878125340587675	3.8582843424553404	4.029775421040939
chr11:12156128-12156699	3.94198911068798	1.7344394626696642	4.267781123192979	1.270352442870584	13.62456058457741	4.247644831997281	5.445476307136597	6.582769805768166	5.163600803256477	4.87699393312758	0.9490846321727365	4.26676395576425
chr12:6224473-6225019	3.0016886251322688	8.396530201523335	4.227045358337822	2.071128303566075	13.623258579333939	2.406481887557719	2.7056153866716595	9.058443161753049	3.4561298406932477	8.247521533013993	4.3981299103995894	3.374575699578244
chr3:127589867-127591175	6.4196030982596	4.567140222573149	5.782706575415331	3.3329015148484364	13.621591144178046	4.531735050387122	3.9452897994603027	6.703796410650755	3.3626974784602974	5.862047782732014	5.6405254152633075	5.594990025529146
chr19:1274261-1274767	8.28510041723622	3.3183295347341204	5.255715701711106	3.191895690089866	13.621622218411515	6.685956414365265	6.87531922376316	7.631997130921892	8.526707495544706	6.995302945746142	3.2815595434967726	7.0782687427473245
chr6:119347321-119348346	6.654557811269734	6.009508173201591	4.591116249964121	4.1527847468998855	13.623653550690596	5.593468866318185	7.355901098762437	10.902113286498382	8.651487095166488	8.073046646568612	2.421882497538041	5.905214697163595
chr11:918991-919585	5.484235590152892	4.909765642547667	4.5093516449368405	3.9874128393288926	13.614656807920051	4.484898448305831	5.707866543567287	8.458193300126718	6.029488422137896	6.7714621345379715	4.313711752294303	7.007675322322682
chr14:60247850-60248361	7.907356539736144	5.75917828815441	5.6662481442404316	7.591516105869227	13.615158400288804	6.437740013618535	6.574660271559243	7.5692381944751785	8.754650028468767	7.309619955553406	5.197945654054118	6.150517111350345
chr8:99340568-99341088	2.4689550538380822	3.7079854816437616	3.3856460623507068	2.1296155122034275	13.613777329598374	3.054398999987854	4.684384734320985	6.755571260558891	8.320013419448122	4.648035483656075	4.128496407306446	5.499919110586533
chr1:23369475-23370184	4.54389919305394	5.433231764429819	5.283706430377185	3.5355883067643448	13.61449502984804	5.926646808585829	5.899550135251673	9.162127937298363	8.957820197388267	6.458816087873715	4.844970512012479	7.388398137436976
chr1:39409177-39409773	7.331802442678091	7.23131179425434	6.377528284954296	6.0927770453194565	13.611454739152988	5.72206107469661	5.859125324175615	7.235778590264909	7.564221151066191	7.172658598694158	5.0815309095243	6.943640656589294
chr2:217161367-217161904	3.0580998471345295	3.0663174421110395	3.2236344680322198	0.4413019313208517	13.609613201234934	2.9704508718657863	2.3077795932962273	6.179338148163087	3.7198134502014533	4.669172742495456	4.73629505067571	2.0800706013276087
chr1:27321917-27322473	8.848938583689165	5.651280917364973	5.975146749063134	9.773338595807271	13.611329167625714	6.018631107219145	6.018658759485138	5.947283047563247	7.336018376440568	7.719845177695461	6.308117403851521	5.288551213571713
chr19:5978604-5979183	5.243029233082546	6.143958823262292	5.328027852292615	3.5739466428585804	13.609401378577342	5.498943560818463	6.576812279044069	9.006386859388162	9.473865130173362	6.117357683709295	3.058534468220708	7.7933425312697295
chr16:79217622-79218134	2.478319896070776	2.694650773525787	6.903451268598788	4.385856384134816	13.609967896387209	2.777867489139586	7.758915936628245	6.236684904383202	10.274323860745472	5.4804800926436075	4.074576112281282	9.216781516568954
chr1:27235375-27235877	7.236869089629803	6.39442441447295	7.005457435453088	6.170075447899165	13.607510213074292	7.9030827757131465	6.593590278715175	8.18013901340416	8.867761191057387	7.4854711169533115	4.536767976097635	6.048231413860413
chr9:129737511-129738263	7.1166280603773755	5.552677587583864	5.959245368383863	6.7994902866005535	13.602047569462258	6.292189095834551	6.260561928767174	6.558301367727737	6.555726587913016	6.896908683812822	5.529899730586705	6.0615829263635
chr11:64321337-64321920	3.242063389717395	5.73141231718229	7.455911768951275	2.5585724709038677	13.600680469527026	5.416512564268392	3.791566567147922	8.550314007425596	7.174596368420669	7.025528722441526	3.073364497891695	6.491886433417316
chr1:161131335-161133054	6.974257185306349	5.959388812874638	7.135612714099407	4.652445807578204	6.542525038389426	6.015454694948135	5.5146936570633045	6.8761120919477365	13.598017740405156	5.858480184714623	3.7591263397095767	6.416240497530418
chr11:128052723-128053266	6.223159123993277	4.2490107218377124	5.537540687106847	5.213960757939336	13.604385659310507	7.343363566376556	8.12998235792779	11.263631805038228	9.943860715704723	7.868786850615945	4.02260688207916	6.916675769774998
chr17:81097271-81097792	5.355426124432177	3.902601224110173	2.3216602678626086	2.436225582432364	13.595958260988157	3.82642833603371	6.242826190315235	8.327226270593988	4.17800544632142	6.4742298112431165	2.7912522770349746	4.760292134552388
chr16:89722577-89723092	8.166743895334502	5.237580704475079	6.192053881098998	7.409109266718241	13.58961615166492	6.903787282274419	6.8367987788841855	6.703267949985272	8.034295705143583	6.724380072494097	5.987483546913444	5.657231770411013
chr6:31829195-31829790	8.23114186214667	5.086225999271124	6.089709186892212	8.97260889333512	13.589290765559138	6.400562139552954	5.381595478649001	5.494066776774635	6.073750798884517	7.7340950090166185	6.607058319937699	6.755816635254709
chr16:67202879-67203414	2.542054630250533	3.7228884913099947	1.4846369527618948	2.807277143164508	13.586484519011854	2.1113937374129583	4.685261219733011	5.8009467742217815	5.091603575630407	7.811648095451331	6.104811041192924	4.087706922932941
chr1:234776332-234776949	2.800064698278646	6.260459159863544	4.285090476172977	2.0879520271938015	13.585794347001247	4.267641920860325	3.1031114958429997	6.480154840139333	5.565903237308634	6.508912434147475	1.0121741114294445	5.184067433842426
chr16:70738313-70738823	5.893043161485793	6.233653915580985	5.552443099002785	3.550770704827581	13.584456573491323	5.952248568401927	7.195803109334255	6.561295562179858	6.182536100085097	8.318989709466752	5.528643664845524	7.91410986377446
chr5:138543661-138544841	8.260940161333169	6.477809374180376	5.986169268785114	11.493828968549495	13.587483839243946	5.245725027671971	6.089175213624079	5.466711764730466	7.26844763595173	7.8625074437897275	6.804090556056233	5.161580945508215
chr1:224080073-224080956	5.703124996309092	2.115989353181659	3.7628142822896318	2.5402786298828834	13.580133352600855	1.7822974171533672	5.203314442513211	4.244577630511804	5.644851140719348	4.742110876792449	5.535002520085885	3.1102390204506776
chr19:45370419-45370943	8.111333355967925	6.2540173443637865	6.841802541822971	9.022170477496024	13.582562107762618	6.249493645504348	6.906883953290484	7.147889471515046	8.354022755485497	8.128856185690635	5.551140975899301	6.601981197657108
chr12:48865192-48866217	7.662196401296393	5.734992433332619	6.4454562349735385	8.21482070633869	13.574788606372655	6.335653709644762	6.808276608270919	6.973685293723167	7.4282099198730585	7.444945186211254	5.863215608221902	6.298072824809608
chr12:124381023-124381563	5.46924255360522	7.2231205763174495	7.638017076468012	2.5213592609922064	13.57109767202748	6.295689757206898	5.902819354642397	5.020029771315751	5.674894724148184	6.734745750827478	4.262420786451174	5.474472327082845
chr12:120611477-120612001	5.7550757648835305	5.156788326531421	2.558941829445945	1.2235921321337024	13.568643113517307	8.306291392716966	4.025683583716464	7.6779982609155	4.753411777568599	6.322520330548516	0.37290124760548676	5.193408846712979
chr21:44300365-44300878	6.750970085837625	5.3559974156129995	5.551939445097106	5.289001386873915	13.563778392485181	6.557249039064088	6.028463727841572	7.031413827773669	7.51425276019397	6.395524193504653	6.012654538083099	5.8490897963825175
chr1:6602709-6603281	8.412195207021213	5.908971668069393	6.09429674753474	8.55843438121839	13.563600520917003	6.767748828936898	6.424237892857559	6.669616471989197	7.6050552400847105	7.89977535956753	5.928148470770419	6.489950897127707
chr8:102656151-102657760	9.234570738316894	5.081469605152526	6.965198685473992	8.96889220799989	13.561692849240197	6.647457730326374	5.228504007069158	4.836342090260172	6.756627222011764	8.166241235623255	6.904193959513973	5.949378016871158
chr1:153551020-153551581	3.7057406181149313	3.2146234087663696	4.675099780974436	1.915189263561118	13.558529840526019	6.3822844332728605	3.425945098386158	4.6040463821995505	5.2154442827261	4.984104048048906	1.4530806478401062	2.7717266466884167
chr2:241950688-241951208	3.9847972476911733	4.7648278402599304	5.475465939812549	2.0026394051244694	11.371421420806634	3.163744434198941	5.142075606792369	9.621783970559868	13.563445593391698	3.6787563513597212	3.106004280834966	2.624251406123447
chr6:142946812-142947885	8.662632175273876	6.574627784714837	6.757575943974883	9.60149631789928	13.560846132921121	6.419303477461484	7.268087312348072	7.341834109797691	8.310625621217019	9.166542958806565	5.597789859465469	7.151141212354459
chr1:32014460-32015088	6.451087257570549	5.33515257170305	6.715246844992026	5.075505361513093	13.556066543897462	6.454236644883635	6.412843968634422	8.425667479407574	7.048228308009099	6.450258011585313	4.224121261470593	6.295704738461754
chr11:75532269-75532785	6.736818472070401	5.602077660018528	6.47739648062347	5.536738602364921	13.557049470573263	6.765616432802114	7.028424180789106	9.057939820254472	8.559082870104161	7.428645527347499	5.080796211239316	6.9967850666724285
chr19:2043498-2044618	5.725662004277387	7.055243892406997	5.651236705420576	5.297378818602138	13.556531787214775	5.123211947246516	6.154222199897198	8.568582040414977	8.572781670631535	7.730318844570779	4.953935618734304	7.3047892005061765
chr7:44072237-44072766	2.9509346489980954	5.242635251632668	5.808597365250804	2.241838937630301	13.554075356258917	4.157198939808254	4.6966275502089765	8.18047301849106	6.320458539195277	5.665293958954819	1.0181100662695401	3.164266354061911
chr1:108747174-108747708	7.636920768867673	6.090758564293492	5.129099104654033	5.209698660480857	13.553422710311683	6.318734690958283	6.166358249370447	7.380676770984198	7.531912404077763	7.8100852171017765	4.5243378896446895	6.615604704864703
chr6:41921502-41922023	8.020093205937048	6.912660459926313	6.190252648790564	4.3742592900721995	13.558263894199369	10.22526791064612	6.255755655902135	8.86782458988706	10.553818837926444	7.5104999094164056	4.480982433784611	5.493152488201933
chr19:1104906-1105667	5.104366741822509	5.300305051882547	4.613753522170315	3.985556056076356	13.55026909714831	6.530697281574328	6.825280664216825	7.5197505821365125	7.025827270546911	6.790346489919201	2.333792093825222	6.898187765207868
chr17:75773758-75774949	5.425877192112687	5.57049246056861	5.891362385580348	4.661994118315394	13.548991634499217	3.3747355665454366	5.574252502026798	6.546785332153459	5.66364816493678	6.29865081923851	5.3817682086725975	4.494589843541072
chrX:123960168-123960686	7.800170853705864	5.952033432156591	6.432361242716654	8.533266938962717	13.547206326383408	6.956276267139174	6.567266060768767	6.7907861053287455	7.875812015855652	7.6706597088177775	5.759652103259466	7.160571887607266
chr12:109900001-109900516	8.327662556047775	6.134328529917243	6.199824875909712	7.765380143951636	13.546552298555591	6.825334933103006	6.566974125371075	7.4465180479846484	8.90050216716592	8.31891099691689	5.220540726712072	7.861296885225848
chr15:45023438-45023991	6.205410653931369	6.248977125033262	5.783373581124988	4.2299314625455855	13.543924384846573	5.652995815516499	6.0393913184436885	8.31739881672215	8.003443984614536	6.555057449909666	4.579840486462364	5.357592441211912
chr12:1796020-1796523	7.849827817253993	5.4101615952207815	6.2232164652051365	8.796061367870273	13.542921260306233	5.718475748982643	6.142293202342384	6.499140527113486	6.977150856091754	7.059738989829292	6.030331351322071	5.920578161546212
chr5:180784425-180784945	1.7873379014341981	2.2166903251000063	6.901671345136607	2.2507630272086976	13.537361592712642	5.438556917823447	3.4884211202849644	5.012488335829231	5.994747288466862	6.019349225246618	5.419861743667926	5.443346225395969
chr9:129385095-129385722	4.0597323453387775	5.223328714284648	2.716417350391735	1.917979371798823	7.051156014675096	3.8835878362321385	2.7247935985849407	9.3715083222155	13.538353215425438	6.2916750686781775	1.3581645124013388	2.611231616037015
chr11:34236539-34237046	5.920468095943607	3.7248381484376005	2.114293217294796	1.5916731088712932	13.536581369185225	2.221747507632515	2.6067394063308784	6.3414611330142	4.942568394564195	5.119449898145655	5.4972748171543255	3.7314513604616897
chr16:26645044-26645573	3.0742318749406423	3.0274514704770477	3.380897426970697	0.8302137801955413	13.538568200708351	3.0213101494494627	7.5275715559214875	7.0396082250700225	9.954005791388736	7.1741627421635314	0.9879520721469055	4.596568116998009
chr19:8307992-8308608	7.0999364007371355	6.049831866757544	5.850665848702928	7.437947716776545	13.536845227605184	5.877568952590494	6.701185209789528	7.3595481662419795	7.7554239286897015	7.399458624319633	5.301490870882915	6.499471983935144
chr17:17001741-17002253	6.4482031656686445	6.21091410547798	6.514958596045974	5.235415505954043	13.536878533346554	6.144630157051789	6.13224733044098	8.231715507387017	7.948371958062275	6.949144604308235	4.832892231413158	7.0914481156461555
chr12:13061323-13061831	2.148436990229494	1.6639727501172294	4.639694271108401	2.5642459634971915	13.530501750954059	2.5399254128505198	2.2691367452167186	2.52000403145685	2.4239788746480944	4.703786988511189	6.619667768827315	2.4637583245352763
chr6:157898107-157898614	4.7210187857760095	4.745995048674111	5.551097929010866	3.9955199996506345	13.53013388979624	3.8638125867782667	5.63609939416575	6.965894353627184	5.076907861743982	4.408555684611459	3.700026807338803	4.8541002095313
chr11:74459499-74460525	4.345109420237284	3.4516585915349003	3.023401955828705	3.131016836329362	13.52806835005433	3.532564676167174	4.26413126621306	7.377308701472483	4.53797351607667	7.0438314926215355	5.191825434516908	2.9798667569325725
chr6:38796383-38796940	1.8422944172325275	1.7029128861257699	3.983236289696415	2.1148554979270733	13.52678824508949	2.158001719150507	3.07936768026938	5.056653602532745	4.475322069965706	4.1929880960367365	3.993599496016072	8.433830454283282
chr10:104252998-104253527	2.671230347887204	3.649532284326432	4.81765308497186	0.9374956570910228	13.52479829057572	5.832052181130924	3.6157165144052246	5.029314288484127	7.8741797916480385	5.323423171671472	4.514106467979804	5.506761545578403
chr17:1216061-1216603	3.719897003370842	1.7844989791516899	2.888594254616866	1.8438771092965884	7.921628600667332	4.981515085647168	3.5988590560091342	9.572666057275237	13.526224805064416	3.9087326251710044	0.3741123931099885	6.969687737999271
chr9:36190592-36191099	7.872970073067755	4.9925730890905555	4.986362240492534	9.079850855442492	13.519668557629036	6.532989174750517	6.082973333985274	5.8757593568839575	5.945183708380769	6.787537817046992	7.295440662908849	6.38857592735853
chr9:137450090-137452555	6.846898942707745	6.603086054196289	5.411131473956595	6.975826229282122	13.522409260133337	7.748803864019153	9.60537218046646	8.656544434486714	9.85078737365084	7.651252781146983	3.3253603745653604	5.425859145820883
chr11:118282600-118283121	3.3629411465075223	3.8199800752015527	0.13715663240052628	1.2848189921725104	13.516958900562923	3.9613133354591574	3.1535572491963477	4.633003077689483	4.875125356395706	3.7540087408426124	6.900850233318255	4.873170735791415
chr19:12544291-12544792	5.882327320970807	2.287122578797241	2.3903440563236193	3.9805548930529904	13.515955347886432	4.565429058442017	4.095209713348824	6.873516321316108	6.784573729286667	8.199109549245959	5.327520923456026	9.066932480973277
chr5:139458694-139459214	3.2610344926103454	5.234764519730236	3.1130661266943886	2.5186322494689084	13.518926873591955	2.454952876126996	5.287079876223208	9.53347568665356	10.414925965672225	5.807050988003891	0.06945564770448395	4.50755773284027
chr22:30947762-30948311	5.9980538643395	6.118927305389865	5.897465862099837	5.600572308047237	13.515733487154515	6.099882001104604	7.202805299034544	8.877488567162347	9.280179282217146	7.509419573998852	3.805613661355518	7.224211742403201
chr11:17506860-17507362	3.6083154866262888	6.2487623462871795	7.372734923256491	2.023774178813056	13.51381592308968	4.643346038169667	5.255353038348772	7.701319857103111	8.599112225403353	7.878656072747308	2.0962551242835525	6.799890403364511
chr15:78726752-78727270	6.76448451847853	6.4724464150659085	6.190345109859485	3.825065265229843	13.510947310036123	7.730413644878501	4.336566554331715	5.387466786297627	6.8031404202645644	6.999867788886657	4.195488266500476	6.079119808242624
chrX:130268589-130269110	7.439365486993908	6.02561951967194	6.503196734294058	8.077049882695649	13.511218796585025	5.8226982522823985	6.445076140233759	7.041496774591885	7.52756231415728	7.564284595038485	5.68558800593012	7.1433829608336525
chr7:20201262-20201765	8.267656901983887	6.3247311097708	7.740041453441029	3.3580244351330277	13.511737166247444	7.85653828720613	3.7223977488197293	9.098008988652477	3.322720932969849	8.670913323256112	5.670422676107687	8.608286511845042
chr20:46029319-46029861	4.050231464850367	5.625641896194883	6.543115982129696	3.4245387689769786	13.50910183635804	5.299207121880308	5.492670269176116	9.405715134644682	5.139453727205986	6.656376276771512	4.54347728983076	7.390957797790652
chr7:148620685-148621195	2.271953193062806	5.394536709177061	6.697731259694151	1.071902661630553	13.506662101521258	2.7230128323190352	2.8925708810825506	5.516258943497644	5.017756964631327	5.411471156588904	0.0	3.1651309217632746
chr3:128683886-128684422	7.715099630356339	4.28922812023293	3.914755906537809	3.2823936747062477	13.507365020254223	5.592725292287738	5.163047065662755	8.534768092294916	6.319645412671441	7.442874699939535	3.6169027907318103	5.7421561869532365
chr20:50165480-50166495	8.701016303246305	5.256830552846018	6.826197234219582	6.078785753879344	13.507974646393787	8.16648796430607	4.566077694490018	6.046615522757149	4.947387066718438	7.663126772503796	6.306263654624897	7.312717632219429
chr12:56167557-56168106	3.8417539842255652	4.353603019099543	2.8915544211292774	3.104456190847147	13.503755877385696	3.943387180852072	4.118982298155066	7.553112429220348	4.397187927924383	4.437171106256347	5.683533019818388	5.362941787295692
chr19:58476526-58477044	6.817653913925135	5.402202820691125	5.680795739136163	7.137922949896515	13.504424446830003	6.55653517881615	6.381907699627226	7.328570468323363	8.014385451657109	7.797850378160236	5.090858559236688	6.713738296828032
chr11:713054-713582	3.7186661502536817	4.862074784341295	3.710043682036131	2.996490753241742	13.502849366608702	3.591267175603183	7.096270731636601	8.224283188528055	4.59582366074803	4.446703322506298	4.732287212880036	2.660190033878019
chr12:125049453-125049964	8.282421779124933	5.580252153354476	6.004248563277034	9.300214277537949	13.503978823497116	6.1386125654974055	6.359750899895451	6.667778283050716	8.070309085801206	7.818206611927667	6.090138434101804	6.897752273659695
chr19:2278341-2278844	6.629768052539735	7.326208571267264	5.403654104062065	4.444114183182091	13.504080343744914	6.958822605160906	6.873653430348031	9.64857395357848	9.495678840217922	7.583997257366642	3.6201711089129085	4.553703724285368
chr19:5996641-5997254	3.567235714042831	5.804640951954861	2.55882109502078	2.948041808752564	13.496811126274947	4.589163426224986	2.9671023582149947	7.0958040032175385	3.9894675517058515	5.650013401815566	5.208103492718787	5.451034516500424
chr15:101156480-101157002	9.256758869293337	4.18985078616086	6.303583790555134	3.234611614767172	13.499285869289128	8.028533833997935	5.758070096446345	8.96617067013945	7.236283741220716	6.920880338735035	3.6086926971361635	7.11960754094859
chr1:100354885-100355446	2.9326268746866924	2.586739188229851	3.6828971623452373	4.569038214227671	13.493477683369472	2.1732516450386976	6.028135081102589	6.929548403246201	5.538407088264278	5.251425370571389	2.05318714846387	2.2983675097795113
chr17:4366434-4367025	7.95124642502246	5.743065255802794	5.889924416234026	9.294480278504492	13.49460079583637	5.963685031413971	6.678425018435949	6.119601085491169	7.528689013392101	7.807135136185416	6.8804635169424415	6.1835638361594585
chr2:113202471-113202999	6.31259147330431	6.660583200742734	5.798961332249109	3.7951440693014127	13.491871276612699	6.79591631684739	5.320391680167852	7.956645300844696	4.872842509895549	6.892964081591287	4.275783904486405	7.105888053437495
chr3:105882525-105883040	8.45979370005594	5.419030586995109	6.792931406543141	9.263173210693711	13.49312771331161	6.1908040603582934	5.984278276672675	5.616413556520338	7.726834168417718	7.52544389035485	6.341074400234872	5.908400521420193
chr5:86665877-86666424	1.7716542279747922	2.2156110349277878	3.0035985385929393	0.33570571296796614	13.489291537549251	5.809773423703065	2.913687276977358	4.333579912370718	5.337042026705024	5.706210781782223	5.964127161262069	5.731968478082214
chr1:70221152-70221668	8.479289243244608	6.162362707346161	6.85710514835101	9.403634084966841	13.47977795595521	5.834677654641827	6.507014771485421	6.921374313495149	8.395785105437719	8.234386506312726	5.578310626441472	6.005560232538332
chr9:71767375-71769219	8.96464345723049	6.436994022073856	6.448765140979895	9.982260194892275	13.4781046930282	6.857414123592231	6.3134880610773445	6.52270487849204	7.829816277409539	8.02431827682609	5.91453940362397	6.403735064275291
chr6:33905017-33905588	3.074331290751299	5.679013275920444	3.0640900742469563	2.7532833368986482	8.095561852761886	3.124951489627069	8.003396575403718	7.233983223804496	13.473350725341227	6.462877798609424	3.684916502646397	4.472241743639168
chr5:78108484-78109017	5.147973262566921	3.162299402274327	5.218322042524235	1.4275331785414498	13.472336882347308	3.497513828121005	3.5382185164315807	6.161384772974312	4.9099787862242055	5.215778614190283	4.59684766897835	6.817592008482466
chr14:58414765-58415314	4.925123279152415	3.0697760750346936	3.268638107607008	2.3059689633284335	13.471992899589237	4.166568310346157	3.4274924185966316	7.255904898562478	7.582123719214193	5.437375202530907	4.709041815053317	4.397776583654256
chr12:52612393-52612925	3.5049417152712192	5.038856355543381	2.662152518404526	4.051403025023729	13.469994832970606	2.4261237097627193	5.806374472836602	7.080324463820568	7.110159519835606	3.815601770188607	1.8487166887670594	3.1222675296968854
chr4:109495479-109496011	2.45030645036276	2.069087625871992	5.943754122350608	1.6000606707342155	13.46770560804082	2.972709636853117	3.001270342336273	8.89559867121886	4.169226030554791	7.083686904877705	4.176759854701176	2.6919399064024208
chrX:134914225-134915534	7.785611451623225	6.346881998732721	6.4069896273235925	7.851397357474087	13.464640293620494	5.63574792504711	6.362619972476604	6.872029581256593	7.32897696993045	7.622561660878668	5.495476479819416	6.457152234100502
chr22:41921325-41922066	4.760505898776209	6.185731148968342	4.077076998091063	1.851504573000435	13.106296840573943	3.9784078995193806	4.386564515739022	11.89088030017516	13.220732163680733	4.995002162121363	2.65449273717031	4.008822225256762
chr10:73969332-73969882	7.958175120524376	3.5912750691702326	6.978587945168307	3.670605040708837	13.459694830063258	7.433700463129471	6.111887599761187	4.297000338773546	4.964245724752922	6.085972223048021	3.554782117012403	3.696363608474161
chr18:79423358-79424104	4.61850504765636	6.14536189260279	2.4027562992705542	2.0881307302407937	13.459908069475162	5.131573153582995	4.840170276699247	9.525170775468537	7.499211690402032	7.567687163511362	2.477605627423083	5.012186418158648
chr11:34184596-34185137	2.450734275864188	4.790435464593633	7.370243035091321	3.9782146548122213	13.45550564373255	1.8641065907825063	2.8236512849056306	4.073566629253482	4.203451806983365	6.928276978111495	2.6347508084543807	5.314358334921027
chr1:114669897-114670421	8.318567800257279	6.091517399800462	5.723241782189917	7.955060770969367	13.457456975791262	7.243629876734864	6.387365286997935	7.5080438626400055	9.373814323326064	7.483888020458227	5.380991463811392	6.677809615667715
chr1:93180898-93181414	7.8082362712701485	6.162855910605876	7.121385297360736	7.984119080204588	13.4549291076102	5.873887647679052	7.636430896469506	8.984782422697998	10.42226369379886	7.44422272507455	4.636624671575799	6.978768911613157
chr3:185068977-185069494	2.273989704038889	1.9351166943616955	2.331882928569806	1.5246943597737765	13.442693300426757	3.1365254247215097	4.578998707266209	6.190739443508076	8.087262393206538	4.964202017131866	3.9263107487720545	3.288274247984708
chr12:54993109-54993661	6.361871553419944	6.329840742754805	5.141275212535072	6.234825786403645	13.44238455412351	4.88300994047741	7.231663772725552	8.958672454377664	7.436317735906721	7.472912606008457	4.780750224947806	7.398225474894767
chr10:75294843-75295858	7.2534607778368345	6.8745541690295155	6.316438014412055	6.793087553407447	13.440013503943563	5.291995692616027	6.750852949487588	7.584680589890195	8.305161471822853	8.403866197109858	5.6563403707782305	7.693772422440071
chr2:98026946-98027666	4.422474022153526	2.7342371155694845	3.6817046082815783	1.2728318439268467	13.4395745827982	3.5525151510295583	4.118119663062134	9.828583566504463	4.771207418210678	4.6656351455227085	4.175596027085782	3.8435733818669435
chr12:101823847-101824361	5.555601610255751	6.380055464858934	7.864407646932325	7.172168111636467	13.438452505328982	4.950373957459722	6.177261455522287	6.9571677814975645	7.794231177145656	7.291859851053186	6.215096189816663	5.270685895514858
chr12:111403951-111405034	6.241737927424564	6.154377107659069	5.524976393319033	5.106018587437966	13.43871734101506	6.598921302684671	6.4257812508068355	8.26602299120574	8.194880903963407	7.678053099867203	4.226373393283902	7.614195599951316
chr5:177133351-177133915	6.066012963127044	5.780778983928396	6.337113222612559	2.4935084390804216	13.436868688161914	6.460801386701678	6.06274176342621	8.15006754275957	5.983580143338909	6.421420565063973	4.842100374715323	7.652825878851476
chr22:36797919-36798437	8.09389011922679	5.179521420575617	6.6979478937363455	10.367852733014669	13.440201164343641	5.207362017828213	5.600671402180422	4.784312591517747	7.217826522350339	7.74549061337531	7.149703579023265	5.956827952831456
chr17:54948276-54948798	4.421821795627577	6.623429735576723	7.555811239207957	4.2282210193389425	13.435139893364209	3.5255515812476834	5.876101430382215	4.979568374194603	3.474676184883003	8.105591537113995	4.884018462308282	8.490609671098973
chr11:3797454-3798464	9.741034100300924	5.742603254102372	6.492441844061358	9.585778156104267	13.43549767594768	6.402105736299124	4.010259652765664	4.683906278825259	5.160502399607858	7.962760586083694	7.495994884618599	5.908490365764125
chr20:1712215-1712746	1.2011096308100564	1.4982204298213961	4.252238833461113	1.979659245506127	13.430852358960838	2.3190067373282957	3.2317539369838264	5.931576060706443	2.716525554873855	5.345982387300655	4.3749972153927095	1.9759375394761098
chr3:42040430-42040976	2.8555783917073496	6.2336922549844855	3.0092027114661004	2.8294696117325526	13.429931532233928	1.2639879323899441	2.4536148388534103	5.480744079206419	2.8657952997880822	5.192633215877005	6.555372261968879	3.3242156125481057
chr2:233083322-233083841	8.289434071253577	5.993654726372239	7.0316508634938035	6.068809963791682	13.429218220949027	7.192442041296734	6.826110012521769	8.634204713484001	9.340054047389446	7.792171492496416	3.341784511533173	7.560973312930131
chr5:139275993-139276557	8.495506243094109	6.121127768554542	6.17504106224741	8.128600384117695	13.426685036544626	6.684258983017464	6.45576695933513	6.615504111396071	7.6311743362293045	7.375862316562506	5.345337145285456	6.293302419013225
chr16:23149296-23149820	8.113296520267639	6.007568890400177	5.149360031327056	8.047710083939304	13.425803743806101	7.131364885950318	6.782668558432194	7.068051735295343	7.790793188784292	7.306779706087872	5.4841588523265905	6.200648230584999
chr4:184433179-184433696	2.772544533035124	3.970600419067688	2.726366880128557	1.2921282342895046	13.42324334683194	3.889317398360339	2.716670329711495	6.538486249514124	3.716227687555605	5.563322819519012	3.4798191023768497	2.3051747720607407
chr12:130764293-130765563	5.5225455063073206	5.987668072640421	5.792521608847165	5.633760579130262	13.423995969210816	3.9192453122387843	5.670933719022614	8.35900449198742	6.833634626260039	7.20846247786309	4.7317901599869785	6.479351009972169
chr16:8655094-8655599	5.405322463561446	6.391416106745875	7.500482220803706	2.9760556416567696	13.422083328547565	7.187422840781633	5.947721384119458	6.380345156728542	4.374627327056939	6.449117399044324	2.1821694830751364	6.906874101537172
chr5:95846907-95847413	7.591484906986914	6.171755024004811	6.210623135900891	6.689034084445358	13.41975703434909	6.608425751451878	5.6683309452329915	6.488602826817751	6.598658078640813	7.741103070259814	6.609612013057416	7.79618878809536
chr22:32572625-32573142	3.683479898881353	1.9988169767971904	3.934176371826261	2.6037039732098055	13.419804834252325	2.1520070139161205	7.615231560855033	9.488803807820851	4.713869349022273	5.027315423363012	4.862028920214072	7.90297814786344
chr6:111979571-111980103	6.462107677512765	4.34962647015332	3.282905614253868	1.5045000716066552	13.41758846512116	5.1380650712929965	8.228040467753404	7.404112453677826	5.820068654436034	4.9528606924975955	2.2180176246764205	6.103514987133093
chr6:42901426-42901954	5.769049574391596	6.305050263325895	6.821378467667277	3.034896801395544	13.41696831241224	3.97726431599024	5.005238047500388	7.404921304342336	4.241462490381883	7.179079261925881	5.947633309036509	7.049843779814019
chr3:141796392-141796944	3.7160786572084303	6.246489893422457	3.6940733324516386	2.38842150328934	13.415397245015185	3.1947599565624167	3.49115976014597	6.5445256816244	5.575594807513521	2.943375502081334	2.877881642430222	7.037975395229815
chr19:2250372-2250883	3.64249958114378	4.419096862407685	3.5189101539337875	4.608478890971952	13.413333115207841	3.597525341535548	5.992030826824553	6.552229874921003	5.595668695841493	5.174149977429329	6.1622092965348605	4.658221704280498
chr11:31825738-31826451	4.451599085199808	4.384957596818374	3.2569603866258685	2.701081129044914	13.41639527085541	2.824280795535287	5.920497576158358	8.789898174816976	9.767457808033113	8.143618386720123	1.5781482936784834	7.288787030450985
chr5:43416215-43416738	1.9705690606248996	2.766674617260455	2.4063598026100745	1.1856008729068916	13.404175248442531	1.649300617177072	2.1757375859222865	6.440491388530222	3.585033889307322	3.5696842369512747	3.307410064285399	4.249382357072647
chr10:17428627-17429165	4.921446352492463	3.9878325180625724	4.987576001953988	7.263500651751139	13.40284645559666	4.738566321662225	6.408551306807633	5.042919443160673	7.799244985049861	6.880906696414293	6.914485857753941	7.251299088786465
chr5:134123364-134124012	3.197456384926486	5.377936621162068	3.6117862543202577	3.7081252621573544	13.400103160898988	2.8631144909880955	6.420455999034683	6.9594538224790945	8.041274962933036	4.4522761515495235	4.634061441539479	6.8813144220331885
chr17:7394030-7395107	8.66517089831287	6.471613031406974	6.104380722758774	9.098542053243543	13.400330844748995	6.537038481827801	7.135171047697122	7.53320404275159	9.167053826848779	8.104412866524429	5.643690430947494	6.4700276099506295
chr1:30757547-30758095	7.4415485747294134	6.638383075665464	5.666483439479137	6.5834720160137294	13.394463375341505	6.422178180136073	5.961491474549302	7.619912781280612	6.649672973622966	7.581843966806957	5.678048971288636	6.298677774294176
chr15:45199236-45200797	8.377087219932218	5.819457569104353	5.638036201344222	9.629158077303444	13.394337237628548	6.074251080552259	6.136721360671868	6.276415040778251	7.98060873126549	7.800911109858631	5.859646973555247	6.398453438128451
chr1:1013184-1013738	7.805617050012927	6.044842086146195	5.755127608555957	7.961942694651866	13.390759089703243	5.946815620555181	6.4605377701325075	6.59878593397309	7.954300932475452	7.776041885535545	4.972295143175725	6.046468937795356
chr19:4633173-4633691	8.930939392735707	5.915477187949782	5.907291488294635	4.941097003956975	13.392712329817622	8.665965912901465	5.8742639071975695	8.122352451054732	8.689857489055765	7.821378286316989	4.9964026626143525	7.542198919317566
chr1:1511812-1512322	8.503301118583515	6.075500855964453	6.422978187919823	8.402229796094156	13.385003160042654	7.783646311805368	6.336873558499342	6.909570928673551	8.487895373040752	7.91991137424349	5.944672276089163	7.0130819295450975
chrX:14029246-14030300	7.573670593835858	5.72192338910997	6.406935740254004	9.042624076105449	13.380917791956394	5.969499663679713	6.576402710523637	6.648995344120721	9.550000771698349	7.596116888395781	5.774103753462967	6.640685443665497
chr22:19895037-19895590	3.7876657442782116	7.458308966767733	3.807665067639772	2.969677724405883	13.373888770432881	2.975656859788834	5.477365849942101	8.335512905776996	6.566888123541516	6.961694855455774	0.8838018508458442	2.961212768684834
chr5:134115301-134115811	7.568573290530411	6.170839127871298	6.176226936401282	5.101211075491239	13.375541619111942	4.973170341251664	6.976708737103565	8.417540289146245	9.253117247760672	7.749270221465225	3.1734549056546237	6.61910381178728
chr20:59042630-59043139	7.5412806340989595	5.339209318823261	6.06329879588044	7.419254995801838	13.37358225108129	6.1549587913781485	6.109330434477296	6.76041614096449	7.215862881566333	7.225470053561149	5.806506161764721	6.190674933469153
chr12:123582066-123582638	6.113315628192155	6.1123375123921395	3.4830482516666885	4.756585310272415	13.372522217945242	7.358941655863639	6.264079890345001	7.870647454914993	5.722756936203733	6.4238451099084815	4.542876420967954	6.574361688657036
chr16:31996283-31996793	4.919004204426639	4.358885040464269	5.562518602910024	0.490552719704153	13.37230913691063	6.044069711468224	2.962616227217599	8.390180973690665	5.423362907848637	6.626171533906348	4.056365563511941	7.434106499411033
chr16:57134911-57135433	3.2169410813351975	4.506414478374848	3.727737433335375	5.047756309624539	13.375742239804117	2.5325123943204684	8.134095388480652	9.5055413978793	9.384153660643843	7.761964204622096	0.19785494132790118	8.312678492011546
chr19:13885008-13885820	4.949630032429981	2.2837699931712145	6.314928107469468	3.4715588764024803	13.371261309016289	3.0181115090201085	4.332429645406617	8.33837403231214	7.695098259836618	7.032076191372987	0.9023571501493015	7.681493102781493
chr3:187747933-187748435	6.568253127972187	5.006305929274618	4.62208460304351	5.558597790923026	13.371787212267252	5.372216922839623	7.134294707446578	8.981526281934396	7.809884159070213	8.003176954134208	3.0116954517817245	4.46235118441365
chr10:27099978-27100509	7.542353638681608	6.689941241850103	6.0583595392442025	7.8432348635769245	13.371214155667738	6.670275890210163	6.543908652291248	7.240229227933963	8.554037300256594	8.345793092433107	5.601248133394784	6.652375164250712
chr6:43972353-43972884	1.8015745012511422	4.662990328078729	2.463902279002483	1.955902824043439	13.367681823473522	1.7126904421575884	3.150126103078557	4.87265078646676	2.543410391692193	5.856823802080366	7.083395238300829	4.62379611534998
chr2:126528034-126528556	2.85697657754771	2.8827595834449133	6.004383229607358	0.5046257508262398	13.36619858003731	2.5220706722514463	2.409147180269022	3.9155268033066775	3.1419949591461367	2.9633141091205752	4.611766945439891	2.3223251061730092
chr9:129173917-129174433	6.353868145076906	4.975117232825273	5.998606971695433	5.554777911243638	13.366785116048947	8.920679363042746	6.321669746196418	6.948429636654551	6.929143965074952	6.665336063699415	4.882303195119665	6.081763700929911
chr14:77321641-77322625	7.633662538616767	5.9389347897362805	4.2473159686018285	4.578986981106677	13.36525298829378	3.7710315402489063	5.1604562947984	7.5984841800738545	5.2111332135176704	5.732607124388215	3.616281843175864	5.13120458296189
chr1:26922114-26922615	8.219041760852642	5.5895166731991175	5.528328162131032	4.5070881934400955	13.364831707255044	5.6960244363014265	6.6595082806836094	7.860665805635167	9.907814051101633	6.209885660150091	4.229656269116008	6.752007006130167
chr19:7504618-7505146	4.880422010799973	4.372737250250265	2.831432531059782	3.5988802296043128	13.360755821269855	2.363623527056248	4.109812168820995	5.544879375650709	4.215353422838977	6.966475367262797	6.01242968875575	7.104074404559859
chr19:13091341-13091846	5.29189484637883	4.408841635158838	5.461970565194027	2.8241536484234944	13.365282998973361	4.102177006591224	4.57477729586456	9.268714374438458	8.276095366928738	8.205286455474825	4.404264558192959	10.043095527856819
chr17:49775789-49776362	7.630035989393379	5.175951929434126	6.1589830807766495	9.805533269708048	13.360251565311746	4.278182597844854	5.517060383769104	5.775133283105426	6.002597658256941	7.356857649118882	6.845869636163169	6.044919958491951
chr11:3995913-3996433	2.5201071827310053	4.5104592660732985	4.281411633982219	3.995521887767407	13.357979195561441	3.5860465638832775	2.893853994725009	7.866100135107598	5.363908180144495	7.3194654473306855	4.395057054313179	9.154702496450872
chrX:13652839-13653357	7.8815024049640545	5.821232725608833	6.406184481943054	9.018896643534498	13.358077503793675	5.7308116885906015	6.893141277774725	7.349830414495893	8.176511488074308	7.714001429230358	5.547176837297396	6.564778323112989
chr5:134120567-134121297	3.667932215701568	5.570922034064088	5.79942537657342	4.489051800482534	13.350964874435732	6.831709677424147	6.604865710655993	8.182870367552695	9.80233890931199	5.760162231336274	2.558600500635306	7.312917454027844
chr6:146915640-146916166	7.124021012730259	3.8016293917553248	4.555993973553711	2.8005386683435733	13.348752282854496	5.658350380510119	2.502820712034179	6.741793453944494	3.371502966434684	7.227183577997401	5.423335669394782	8.460189260757662
chr1:228164447-228164949	2.869796614010275	2.645523889616343	3.5085048740176124	0.9070459885573233	13.346349477391733	3.3151734492270233	3.2694226115220335	3.5579805862264595	3.6168753421640902	4.153181363899674	4.909046443015426	3.2210252880022017
chr7:70316673-70317178	2.2354619374609244	4.353592943843015	2.0009747576811914	5.102934247651171	13.347549758083115	2.990628152452377	8.385886021293112	7.63209799004196	8.246651296152733	7.003806757474759	0.130955054750708	3.4930895797681614
chr16:84504510-84505049	8.733723563506205	5.701405466401781	6.898579718074515	9.831945977551158	13.349767496131527	6.140946611543729	6.277191316841944	5.9745378398984545	6.495857187451297	7.986915035583073	5.952117200283152	6.542448188980548
chr3:48566018-48566527	5.737641950229653	5.8102638496645715	5.367104547172383	2.319966774636293	13.344805617779848	5.067641748914406	7.6297985702684565	9.019611672794893	5.87607589455053	5.95347289951532	2.813342672947406	5.629323918770189
chr11:33772833-33774273	5.994469225974666	5.511920517399209	6.029925227682387	6.019226249064077	13.343619895779948	4.526687168781444	5.753028873516237	6.629373871202531	6.645416401586777	6.22868335981539	5.797967985154479	5.476794216594596
chr16:2560655-2561207	4.234357485819643	4.758964337831933	2.113384510594238	1.8690372384699026	13.338610022672954	6.080611341881862	3.9673121656254198	8.684877310526419	7.447889289496882	4.298372669673377	2.2781512490326072	3.5464500129474246
chr8:96906981-96907489	7.766239684870034	5.462048414871711	8.124249325941099	3.047769377417867	13.338697096783493	7.852852282060975	4.188733697262609	3.7790670468007024	4.305969289774547	7.2984922747695675	5.715266682345867	5.831217681139661
chrX:154368657-154369162	8.913000908513336	5.8754725186324865	9.659763802420605	8.700298346650598	13.346398982504727	7.559538294800151	7.731213420809371	7.800609833128611	10.43212339855234	8.38672840046954	6.594559112853484	6.328052570293502
chrX:119574217-119574731	7.533738013458582	5.9635345186957975	5.842633216449604	8.032676210138767	13.337981501137445	7.916149167495575	6.2385278029011095	7.095244627103576	7.005523486645073	7.755273086343094	5.835371913438562	6.558608181705755
chr17:49708825-49709332	6.496577421880834	6.511813737697207	8.885103758257422	4.878358077791033	9.618051720482871	7.074428227407989	7.98634916939955	8.00462501392472	13.339976142184309	8.861286797443421	3.7096927527333534	8.656984911372415
chr4:86908027-86908636	4.618238542751015	2.9347875114227735	2.692813914240457	1.3221113561180795	13.33584186504097	6.497002868092029	5.345654140452047	9.424401885189278	4.948679276669163	7.0246133432636855	2.6366533144791613	6.458017212876057
chr13:52650630-52651176	4.283995441555303	4.782246016887745	1.9718832206281545	1.622859633486345	13.332455524422933	5.393644465717474	4.979703316014433	6.257451888838008	4.689608449719494	5.223773221509007	4.16718996772327	3.9917933619641572
chr17:76269009-76270595	9.650937442438417	6.044009045444839	6.625848429190413	10.641450398907846	13.335620091334441	6.921441460510895	5.969379944958921	5.787650173293538	7.456976600447009	7.921413840925665	6.423059667993918	5.372748880395615
chr3:64685697-64686214	2.142471912098569	4.677049407695224	3.4367941260072823	1.5323890266339746	13.327764151127361	3.131791636153416	3.9681861138575063	6.161605538780107	4.389029096698145	6.801793438687316	4.148839214632163	4.470490888171999
chr19:4342566-4343170	8.98335651309758	4.661952067409457	5.932879172305183	9.038384349849283	13.328518986481189	7.137780130980707	5.499738480809271	6.269387354374609	5.969587248875155	7.857272100559601	7.278732392593768	5.829933455066177
chr11:64766278-64766782	4.915271118139674	5.492331365607737	5.63877192856005	3.4702777793773176	13.32752166500983	7.859377640376488	6.833603599788185	6.151084593357198	10.234660319377504	5.680707431896054	3.467245185063381	6.435482295102724
chr9:34884559-34885070	3.186928851884746	2.7896366606660683	4.49553203255182	3.7359465073590368	13.324167832573401	1.7992518192010207	5.054147055628494	8.382180666828908	3.8916883123198835	5.919156960051378	1.6525975387757474	5.935786683163592
chr9:26975596-26976105	6.220569314285909	5.084265188946067	4.52129948205642	3.7423776887292637	13.32513313608569	5.718870671332847	4.503561024100857	8.571955077426061	7.239850822853426	6.630121352013526	3.0550821242095108	8.216709285033028
chr1:53860767-53861308	6.882127041278421	6.454492694503326	6.074462853676194	4.606485370527191	13.320703230999001	6.46062561056078	6.382517743268501	8.043696127141363	7.116542558987322	6.672616620356007	5.491380165173112	7.587626907534416
chr19:37334362-37334907	6.898585328558377	6.156745841500304	6.162962841079045	7.8112183835581375	13.320330614653459	5.35317093875963	7.10320634885485	7.520882478756671	8.349119725683966	6.988445413564936	5.0302919496220255	6.125490084819113
chr1:156241466-156242004	4.866747873240678	5.979827327136909	2.136811829482826	2.084257581949973	13.318775908693656	3.6915206067785875	4.896469692673384	7.775371879421139	6.091934937378512	5.00362736037788	2.9883890436009892	6.009276458615969
chr13:46320465-46322019	6.9328074869135055	5.799512467968208	5.909591105770499	6.033125927562308	13.321856707771326	6.639748961119311	7.003050452547268	7.085754421158171	10.943841437171768	6.231839796859365	4.149937706185395	5.680935357386019
chr19:40444522-40445027	7.694055034385556	5.388932835290675	6.6328884491884486	8.86781476641736	13.319075706054102	6.012847730316354	6.216716918600476	6.317320871122269	7.369175282046293	7.792293021125275	5.751579927738101	6.32335078485044
chr12:53743534-53744037	6.503439766178901	5.928781434900063	7.641225254157652	6.005146480197992	13.316025148314075	6.791900383248775	7.2286301147909295	8.920988700183408	8.717861257903342	7.67301893369025	3.848613179467074	7.153815383996116
chr12:57087037-57087568	6.8920653563264	6.1570463963065505	6.635632310801583	7.98626418276732	13.314610994984804	6.193463117196275	7.215421976263064	7.577111443070468	8.756867910349841	8.485013105097034	4.907486493635189	6.824772425394426
chr12:56626637-56627139	5.2110328120885665	5.836367261367555	5.313796126855877	1.335118987778145	11.768299778865309	4.322113285494556	6.569602198502149	13.304037070884116	6.623837632967134	7.056939982250926	4.921582729722553	7.685039596882478
chr16:85674021-85674551	2.519350024380601	3.214676691264514	3.044062941105403	2.824504855290846	13.305403772978217	1.661913393951688	3.3848094972005778	4.905447240978129	2.4638006998765993	5.7288399762635995	5.533744983053511	2.2557885229000987
chrX:53093723-53094777	8.027103271146593	6.008267740412269	6.349517178537834	8.678412064415468	13.304889566518824	6.363055751503931	6.361839845366743	6.437995557271809	7.493316326273549	7.484703554894276	5.702866637088215	6.491446271914621
chr10:16817297-16817840	7.971048057955521	5.6175573455650705	6.125122352163443	10.475753869731443	13.306654007969527	5.646528820768355	4.740404033985505	4.783594432887216	5.582281884841785	7.653620257345361	7.197333997171228	5.636069236094728
chr11:8533243-8533747	2.1624066741446573	6.428289345355814	2.4194369318434155	2.990775552426881	13.305244580512285	2.3990189997085296	3.987188337915225	10.507749692404225	5.403502485366615	7.43477665834013	0.3748558837929286	7.065098608327278
chr19:1113221-1113739	8.481184512066243	6.844760595470553	6.651717679662335	6.667094386642411	13.303680526290403	6.982381859770789	6.718387766687381	7.786154720260656	8.633124378970077	7.799227958683035	5.131650415750357	7.567711299345502
chr3:143084951-143085467	3.452372764936831	5.808562503366554	2.9063475785843655	1.625169291604024	13.30077702172464	2.8117728683960572	3.7827878037808533	7.037130949786773	7.169630095695066	5.18836195700062	2.7356080325100867	2.532901742701424
chrX:153794273-153794780	8.467824408403281	5.871963122848598	6.6674062251166495	8.413944621280718	13.303225515717328	7.169288906129777	6.683303173859531	7.381309424418803	8.455315326751892	8.072067975823446	5.449913885568983	7.071334446037832
chr15:40756945-40757491	5.567942560304089	3.6152349117913634	4.025344299103754	2.5715289417715774	13.296865633275642	2.364145611125019	5.1323778369321245	4.807421832297178	6.661717419645394	6.116567437268879	5.0819081264111645	6.612236048074143
chr1:151710093-151710649	3.8046261416751603	2.73026935710713	2.981903117605548	3.7088780015794933	13.29626357455752	3.0816234529829343	4.199773534995612	8.019318328696553	4.906965522007312	8.23832137388921	2.1344110779215804	5.660583231940724
chr1:20786502-20787022	7.611937521224724	5.957947483358368	7.352935044767045	9.17413444335278	13.298678135401683	5.571674795656394	5.910898766412285	5.829797824820627	8.746951152641296	7.892056921784562	6.233903093934397	6.0260435069095015
chr17:45494503-45495022	6.627453803854798	6.442948522672239	2.2144615675361874	1.7348882827831813	13.295104447519778	3.81659033072795	4.51755832195303	5.54745644549215	5.1911301164327615	6.199904915097601	1.746005421836301	2.638026740938905
chr6:137707898-137708422	8.26521694557808	5.876917485427274	7.153109945517054	5.239739792433652	13.295770357690854	7.458838790580834	6.78650924508427	9.547501204130072	8.883997172032934	7.442169025610311	4.445309157949584	6.912513938084569
chr19:10860999-10861515	8.611498174802815	5.736383045324298	6.250744708881005	3.571653988418888	13.295377045562303	10.185359611329593	5.517545235483291	7.132946064460968	6.834072989186113	5.962518523160737	4.038246275478385	5.1706047581883565
chr19:20564822-20565371	5.84907728548663	6.7570804949298235	5.26127778946131	4.3384302901122975	13.293309833004892	6.552550934931564	5.619559202246267	9.351755191439018	8.701714417043313	6.5620273858011675	4.5982389350991335	6.105200922264867
chr15:64134423-64134949	4.494512129014493	1.248423465494996	5.455428711694518	2.3186520891613447	13.289908119046434	1.8904474564483809	2.711822127880249	5.357779662386283	5.028877973179278	5.410896116125749	5.264385879469589	4.8059205207517275
chr14:52013992-52015022	4.934408251993228	5.078943513740675	6.640574354579953	3.119242097568747	13.282896682516165	4.955295311878185	4.980832194957732	6.352737633317436	6.991909858162623	7.577221951915237	3.792388537981024	8.450063907749632
chr16:72664814-72665315	7.72555236914951	5.135840399157016	5.981680384075211	7.992554749077702	13.28128985284666	6.203515970820127	5.754359689864399	6.185881931017427	7.501792524623124	7.225111876740529	5.743654813855554	6.040781670038936
chr14:60485853-60486372	3.4598666608443045	6.726716196727445	6.121259749732809	3.242136364295037	13.280349431361318	2.100842899563656	5.870789744394419	6.807122962751506	6.946815033840002	7.552357778396848	5.383892576947913	6.696367690458866
chr6:33425221-33426295	3.9545178226691045	5.056373073198871	5.344678971623941	4.5472808201401	13.274174428651515	4.5803874111997445	6.21846423705901	5.504922341329759	4.998728736954495	6.252944970988165	4.660800342548945	6.8030968255432605
chr9:95127547-95128062	7.561611470970055	6.029020289500393	7.827747433749993	4.719894918910498	13.275145136945714	6.782198275786979	5.672190806512022	7.620741581554174	8.111804744346124	6.8019695358371814	4.9435543622903575	6.989759137540196
chr19:46861789-46862808	8.050867744721476	6.568728886531343	6.9890032193139335	5.210269307540812	13.275064628670952	7.770749006794552	7.007545443179379	8.626747527968988	8.789151566294771	7.369128786064579	3.9234471777509543	6.600935210367261
chr9:35646722-35647817	8.559695311504258	6.975992883485886	8.242383093104522	9.570655184328292	13.269546536170354	5.951312358851422	6.96289307759822	7.0970391194069595	8.34507261196904	8.5391358983873	5.253620775377601	6.473731970699083
chr11:67415023-67415574	5.666081455441596	5.029626237284452	6.7880543100362445	4.940969262480231	13.261213320866887	4.804448805929238	6.658396169088553	7.984422618659019	6.406527413119242	7.788834766180894	4.48549166836366	7.050887889083555
chr1:179021803-179022328	7.0534446705122	5.600572469165468	3.277250975651452	2.203187035910015	13.257060353640716	6.772925055054811	3.2781559882005835	4.509061690449824	2.817886447527353	5.634314613650288	5.434044372271758	6.743800855130338
chr4:23889832-23890375	3.4618233425797196	3.4611017272431788	2.1098688549655558	1.4932898113131763	13.255170725121266	7.502652959176114	3.6847361700683794	7.11912389042222	5.082962820897562	5.194004360660395	0.6564000589201332	7.726636899639235
chr17:29155232-29155734	7.787956474373284	2.8124392264054885	7.239884229329747	4.9322119369478505	13.254846266200932	7.235134539059272	7.08725638138232	7.281730389701701	4.73331568151455	6.990205052924927	4.512654038699328	7.271586723285886
chr18:23689239-23689787	6.634220485475998	5.923681215603708	6.548041824298519	5.347255210804632	13.251255290730974	4.264206933023316	4.892227989774281	7.170244797901117	4.257845845785085	6.855284638534963	5.808690466061525	6.801490684179577
chr15:64809843-64810353	6.63161199006041	6.258511834484097	5.832461693705669	4.894585957652683	13.257110340121265	7.591718984796747	7.305334329173606	9.329972758398837	9.97902334256851	8.490871761276928	4.054948386187078	8.51691560391805
chr1:32292407-32292938	5.872932161689588	5.76063166850327	5.652007100344921	5.8992027009279	13.252060362098009	5.393708271460592	6.730128315529874	7.90477015645552	8.543003651442953	7.27284865545689	4.457435317466432	6.757065604302985
chr1:24416767-24417276	6.464604084441054	6.616446219628657	8.76696588367506	5.87700605305993	13.252920027550667	6.8579243273341275	6.27181560928313	7.988688491037765	7.990684817402648	7.396057794261233	5.641262811553255	6.854531858811215
chr1:151133393-151133995	7.025149380778265	6.303096177051777	6.793090422851572	7.9242815416164545	13.25181269082332	4.968987682027423	7.196666147535034	7.873555970081668	7.641988970249062	7.938772107247637	5.287874163755601	7.21925363532993
chr3:42527051-42527643	8.246374739225994	4.746159214627401	12.029148040556388	1.724792037855218	13.235316668996864	8.488708175332896	5.721414265047911	8.728635379416325	4.704703717753317	6.5652510462481315	0.5773502308273367	7.118302490431069
chr14:21455957-21456489	8.3035702726541	4.974683841452108	7.513328410261411	10.25885166389172	13.253375324271428	6.034557997296827	5.799556141164688	4.87123122298332	6.979440438971407	7.667075550163478	6.425191167407242	5.777106568351506
chr10:102065042-102065569	7.93927017574875	5.581525919329788	5.838766388853831	8.36481100961589	13.249994390989764	5.818669051701553	5.8839694384219445	5.869893010651351	6.65022412226068	7.4176489242104475	5.927761659521498	6.069888580348022
chr12:54364331-54364840	8.843965782648347	4.551774754760748	7.537156381802078	3.346574147674409	13.25337008723134	8.953218569435307	6.495769943040795	9.461812825817308	7.8212966863905296	8.088405746467085	3.379103239569555	7.862692851806016
chr1:6025978-6026510	8.416799370387501	6.294519013401609	6.552139083019044	8.238597128880276	13.251464270279124	6.384689127651095	6.714172564383749	7.891870846802186	8.332845043974705	8.68827804018071	6.580357228692526	7.197941661058902
chr12:107404935-107405463	5.033842534015077	4.728536528723644	8.330862596293684	4.428226926858638	13.24816766323988	4.6527226819899035	6.107993751978415	7.896969510412495	5.107128355214538	6.499044649388275	4.542185550151533	6.422599965800976
chrX:65534591-65535127	7.545909814921217	5.654978445170078	5.815616894506506	8.282000210743735	13.248179015641444	5.9053559763769945	6.295241023728101	6.593763292849049	7.702506951287709	7.506145834268195	5.501312439591944	6.419716899658388
chr3:172716413-172716923	4.557526214493533	6.32294250698112	4.8024545193649155	3.001560750256498	13.245523635566984	3.7339726914263767	5.5562647668717275	7.313033718726947	6.611112051153915	5.702935911880547	3.6628485430699054	5.60166069252244
chr17:8799238-8799744	4.2263887387213845	5.9640711862649125	6.256665256266217	2.459768648978926	13.24803015486266	2.6030227722028636	3.784939081198306	10.03139274380724	4.712838072052434	5.376886685303557	3.5129517973662168	7.2049608801099145
chr3:158569827-158570360	3.1734594937791933	5.713776613990351	4.184835329104368	3.8399616497204874	13.245214500462701	2.7991614979513084	3.958525241020565	6.101867103563755	7.8637300056040385	6.113386326508596	4.016837262452713	5.124326390171176
chr9:129070775-129071323	5.9010970311007345	4.734557824238534	2.2680818133234264	2.815285249185948	13.242007317872996	2.365959731876195	3.2532046928375187	6.950779492679387	3.2519674431609773	6.736597660141427	4.172880311343472	5.003845402333073
chrX:119871525-119872029	7.8190648759410255	5.7365908606434735	6.638896381705445	7.923928231838339	13.242682830802309	5.978316385874537	6.31482018355266	7.165975162826677	7.75330190267449	6.988967069534999	5.436208404361561	6.519123451410813
chr12:122077900-122079938	8.542630685442543	5.660792061020752	7.4602704840759415	7.700793430000268	13.242765629838873	6.904287718741675	4.897843784940004	5.8453649995816	6.118937808263928	7.389071907570829	6.4694028609611625	6.517327861576264
chr6:79614731-79615267	2.362535908646256	1.7470450072026467	7.876000351150722	0.7162108233913101	13.237889073090328	2.3700796728954825	2.376573734435701	3.6506794656263892	3.671087841746059	4.3079063159904205	1.2964797406894077	4.1426506584080816
chr7:47600477-47602116	6.641559543871138	5.41695254869545	6.209358032120843	4.089117432480557	13.238176050643625	5.135371094762279	5.025824247338024	7.978785550470074	7.9070338335954355	6.989755067206013	5.925431084162929	7.260891947756356
chr17:7846197-7847640	6.383359703553196	5.623169365566351	5.23424987388838	4.169834121498127	13.236901180010053	5.806700703520711	8.347255814544987	11.67755683105856	9.11556383388703	6.523852994342906	2.2460048046319883	8.92277833553006
chrX:68828661-68829173	7.094235919282122	5.995390442953246	6.028800226338501	7.6910355021228085	13.237659248810596	5.812685685837576	6.395309924532398	6.93507131685115	9.302371426247177	7.5224109448163174	5.2496486452052125	6.540236009798607
chr12:121839375-121839886	7.837342629043894	5.053445699080795	6.780711504988863	8.954075730778404	13.236418545268322	5.611266541931824	5.388248624959416	5.45694419425966	5.558951335293139	7.838352111096925	6.990331480970088	5.908432192651336
chr14:78319338-78319875	1.546357323112202	2.3849435005479385	2.138257896713143	2.2421652416990527	13.233033563817294	1.751629979898833	1.6062249276310145	4.135380477009293	3.364824626573811	5.370679402314851	6.129697711722756	1.9290506525312543
chr11:65134321-65135351	8.522266093551215	6.193533164861743	7.149810652098536	10.051346628684337	13.238360068584612	6.061801315805481	6.211048508164188	5.588577157719786	8.401234056279302	8.006361291932626	5.845773182293167	6.0736824582913735
chr6:111258959-111259508	4.0841644667006864	2.315413018434084	2.4379261429873664	3.488345315749195	13.232727114636283	1.9370517845699717	3.0896666546190414	5.075333088934132	6.655262008386025	3.966082679574977	3.3561526482302906	2.811372062032278
chr16:77722746-77723559	6.995275444684232	8.024998807813665	6.4523736510316505	5.334455499048318	13.235496269101096	5.523446197858793	6.430393287855293	8.788654456235479	8.008513793913396	7.858733936549172	4.667423988977738	7.409512222334437
chr19:57578741-57579258	1.876168371358739	3.96492939754835	3.5807503308564046	2.0484559607097594	13.230608078225998	4.133878395402244	4.724939487086962	7.475184335519103	4.855596554752513	5.351080791721982	3.5217227221066163	4.131304183358708
chr2:149538170-149538731	2.1659502674685003	4.447795074798675	5.743456155195859	1.732845451384961	13.227944216876871	2.6568292867321044	5.148919362128775	7.0054341667525595	4.7110334209961655	3.8590196640489967	2.825815966463322	7.106114948113914
chr18:31741010-31741577	3.797730311448806	5.294016015341071	5.766849016149268	3.896330767251352	13.22757300043472	5.0982553967324105	5.0131942370235985	6.753832704946781	7.281990382055971	5.7697620369680225	3.545887918403707	6.957923892955934
chr2:227471841-227472372	3.9740611303811457	3.6649786751234528	1.8468542765602485	2.2918256242215747	13.22618682969409	2.8905549655780955	2.352754341123547	5.356320558547399	4.993405753591733	5.447149475049922	5.297446881108235	2.3504055949999634
chr18:9877033-9877583	3.9672833276506836	1.648557140610436	3.500083789520997	2.182530938205783	13.22159064716504	3.6135228787800355	3.1471902651381547	3.4648491202535583	2.630874951214202	5.813621392499482	6.351081224233486	5.185066849664942
chr17:83083442-83084105	8.70551864447477	6.427020005610468	6.695074848183558	5.634678268363287	13.225413690898165	7.061346318641048	6.947099820498072	8.126859556510423	9.349319965982994	7.590344353551011	4.666639689558688	7.207666685911473
chr7:6615068-6615712	5.976679069132	3.4045833797703957	4.842445438171127	2.861993333066773	13.221785677946015	5.356441786990771	7.050144288255853	5.918330652192596	4.938268309038377	6.524197234541434	0.6245234146169628	8.175678082080346
chr6:158002970-158003568	2.532044126201196	5.878931026463676	4.800008950278802	2.3196148983670732	13.217555268917272	2.4523941692968165	3.985320076290654	5.769150472620609	7.590317644729297	4.11398714157476	2.4300991447492972	3.2191019948429878
chr19:18440354-18440891	5.9373433963831825	5.6503003559030756	5.58904861071698	4.881794690996613	13.216603449315075	5.924720456791375	5.216013735321142	6.6091570663533235	5.9703294659919734	6.244948291892445	5.2665699927856435	5.961804186740323
chr7:66790182-66790714	4.301157189066174	3.0866187779120984	4.900696783778571	3.008325559243142	13.21805418197111	5.957324109249113	5.4557530370887095	8.340729542975446	9.075533891954302	4.738446784348068	2.052111934382456	8.592447175221784
chrX:16870169-16870679	8.474336710019786	5.897373110265595	5.944762572843376	9.11113257035783	13.218361207200779	5.838043778570531	6.458436588297342	6.6848590498125935	9.085066497557643	8.580943113006887	5.57055434029978	6.191046999415575
chr9:129496579-129497096	8.132955302551949	6.797222154971889	6.0985874951254955	5.385999907178694	13.215051611003823	8.90797377787429	6.912396756717041	7.912320782382319	8.093352146686353	7.90973514603599	5.025179511876415	8.163859759867977
chr5:170360654-170361180	9.280451780973708	6.5453323420078915	7.374710329804923	4.117290166417514	13.216388706034913	9.112771867448016	5.067326914913768	7.770968136770442	4.884548511002298	9.036949731220284	4.73506914032039	8.776772692783043
chr1:40040350-40040863	8.137765934812855	5.540254899598137	7.0033238644681735	9.62539390010177	13.212948783905293	5.77673365087416	6.44198139005452	6.237711230650258	7.901036579407138	7.97487644431662	5.857783126748572	6.237871364246252
chr15:43748229-43748831	6.38796867904424	4.776160276537073	4.672895613532871	5.200213543698379	13.209138090647116	6.267930896584549	8.369549085974779	8.458287965542743	8.41516681558266	6.03079025256307	4.367324158063176	5.575138900973651
chr1:77978933-77979496	8.243698438683534	5.6132622371669685	5.9736112241999155	9.161510626580183	13.20891298421334	5.976715669997914	5.525092271120639	6.14558564918532	6.707038010110882	7.453638138460843	5.697358449028061	5.466172638956657
chr16:12500754-12501276	7.920510590422236	5.307564447959993	5.180650348265977	1.8563414403908152	13.207483696915917	7.235661934155343	5.144223302582291	8.239269406673582	5.003790287957792	5.84911928603244	2.9416891997913828	4.814948931421601
chr10:31949194-31949716	7.467503092634495	4.4085881463095635	5.4058000252557	2.1687162425675512	13.202859879534484	7.593904353716465	5.14631603047719	6.061499675256849	7.1400732654914085	4.826066197393682	3.504574391434064	3.77326494677388
chr1:51896787-51897324	5.188680216108215	4.88902175392194	7.712949434577135	3.639446751973714	13.202813408590448	5.064578965295368	6.274501507005099	8.323519222651628	9.377505916990675	6.750683425669282	4.409227819351457	7.56014676318536
chr17:27293766-27294805	8.796895018125355	6.894410682950832	7.027812823765575	9.663827227455414	13.204408259093274	6.617019443428581	6.792880746232893	7.313340165896418	8.000128217722366	8.317795638834777	5.647664699567867	6.1558953827953395
chr1:172874805-172875307	2.07811303768417	2.384615300580838	2.3878074376751304	2.017247945605276	13.202670659308316	2.2283259290798414	2.6021461478608843	11.072349484393333	4.955724741409505	6.291527071942119	3.0909546162334482	2.4699981571882663
chr3:185929173-185930179	6.846983085534085	5.629103235888051	5.695605928338874	4.257192149361789	13.198629985839126	6.156056579066393	6.937204769008287	9.194415936464795	8.512671617492517	6.068709643213031	3.5546849753243737	6.0930064658579495
chr14:51901607-51902114	2.416253973975838	4.713798263162024	2.6120002353703207	4.752968637531614	13.196806934524357	1.6224827997246842	7.63485777736674	7.201626188568566	8.83897381295243	3.457127907084916	2.205641129434483	2.276526547624105
chr8:144462705-144463210	10.314207570037377	6.075049223530207	5.370832084741615	2.8023169524440297	13.198343645939168	6.658960695465355	6.590497858510293	7.271573676931108	6.386054101791171	7.9153572458588375	2.9690563027052668	8.374142260572874
chr2:97713954-97714486	2.763334529326326	3.731638212951224	5.812721777729497	2.11421691921296	13.192862769208258	4.017068180391884	4.622642764966714	6.264612414749778	4.347170741486171	5.462488650301458	4.104896419474055	5.03791760045503
chr10:97687126-97688141	8.704719030419852	5.694422979827799	6.60665278365382	10.474722160622164	13.196235859823807	6.0269810317435635	6.952942572466341	6.4915179865954755	7.546608636948829	8.364585871708474	6.0635372386023105	6.80209960233165
chr11:68146977-68147484	4.421469037864958	4.252987596698802	9.071824197479998	1.808278835171421	13.183296183722083	5.755689463887853	3.808198951511524	6.17305380640452	5.209061081274917	6.304088945004818	5.569549916914931	4.763654063751683
chr11:66371613-66372128	5.605279082385265	6.567312339120565	6.718727470077475	8.158507878975533	13.181895176872368	3.819076660921869	7.347346656889077	8.013295373306612	7.723886001449595	8.415601327345517	5.385045143852513	7.518825548563334
chr12:49827615-49828146	6.730241939672026	7.218566724882667	6.3143237092483036	5.380980234792469	13.183557739227833	7.062823499865754	7.462706138151251	9.803892425186657	8.386983884129522	7.828482473063347	4.818780459172499	7.7819826433051515
chr10:23438774-23439301	8.580215309544126	6.182412504991727	6.2175519598218765	8.66202571649746	13.179970587323943	6.551083337855306	6.285979925151322	6.6235945492273745	7.847693738737149	7.903179762160827	5.706091053951422	6.025743985993136
chr19:36332439-36333003	3.5909201709785865	2.2191426757886163	2.4203278045867718	1.7519562438894858	13.176722241985557	1.3447960183023273	2.1399670147833976	6.499745279443543	4.704918208015398	3.792524581399412	1.9628554624143073	3.5475334006814596
chr19:54179693-54180717	6.256202938810578	8.64428859232894	7.924840768003749	3.4929851680869053	13.17708071944418	4.83027388854177	2.424272614432126	5.611855519176741	6.087993533341738	8.548942003068808	5.663780542198512	7.380333568926216
chr22:36120453-36121048	2.4421139794103155	0.40913537406289885	0.2617303948366549	3.2952327040758465	13.174237941793402	1.1271832085563878	6.196420279518394	7.665724053726605	3.1182412677777456	2.9241165285812962	2.9580928505978257	4.850125272281604
chr8:67968491-67969018	2.378036196887571	6.2621525395200175	5.806794818774501	1.1165725803706616	13.17342578273518	7.716511655004954	5.06781549817222	6.640407131122957	4.055776108019068	5.284801792485032	1.8962732993595588	6.814132760960789
chr1:58783959-58784496	8.866791195143794	5.894036741133747	7.010265628028819	11.167257495536436	13.178520898952073	5.543129435801014	6.089817480677067	5.569945295102784	7.582354840231429	8.173369678466933	6.757739855206541	6.001696660925307
chr19:52048104-52049106	8.19546940211039	6.197041735265112	6.295256165057641	7.848117784210533	13.173825080161723	7.752129997809424	6.346211775700201	7.14953807352179	8.462072150499207	7.915376821231602	5.644535815391024	6.767865731038342
chr19:11812071-11812590	7.0816186556454355	5.636615584482762	5.93070671132532	3.8632478772202217	13.177948612795824	6.101624666782127	7.306529768269923	10.74958611023403	9.846684476111584	8.277030596282787	3.844495732247468	7.6415601087763045
chr4:2059573-2060406	4.368056988865085	7.5720994458812	8.441938213086255	3.2453762916790088	13.172561390454838	4.298494316398249	4.623726231545116	9.458909755318109	4.4495552547244	7.6080059926602885	2.960001723202411	8.47421063616518
chr8:118099601-118100176	5.76224681867249	5.638492648151675	6.054789452069684	5.965065054736356	13.170505821869503	6.1172031688854505	6.957392621577768	8.345648221296294	7.406362681640581	7.544741672424878	4.483237003544624	7.9319824957363085
chr9:129026521-129027032	3.4166274788215962	5.247727609262136	5.958968716025921	2.5468935065572484	13.16657368676168	3.1767604093739603	5.783958200014272	7.078191947672971	4.98251219475666	5.953319016972431	3.626702876547955	5.714036664460984
chr11:62041965-62042498	3.756004702469186	7.823820531384706	6.6442820958501585	3.1339361812653346	13.167428725452273	2.239008490787436	2.7582719412079397	8.135801553146274	2.323077599926067	7.012049048836666	6.6834695332680605	7.689210462422663
chr1:117606735-117607241	5.7571847153006654	5.529796667839857	5.101679890336812	6.700994538368546	13.16577518049113	5.021464491913595	7.205854221473357	8.75556983998231	9.102578755565208	6.85520784137135	4.433208321461028	6.8388909294620275
chr14:74495299-74495811	8.485969102636991	3.6937023986583752	6.438664745590937	4.340334464836325	13.1660873599985	5.206418208121743	7.115597040826828	8.203578813103478	6.4711835395291875	6.916655916029597	4.700134755121888	9.52256533726649
chrX:101390657-101391189	7.324173247876303	5.6379465592900315	6.0159616057033585	7.356736873617158	13.159518403510166	6.091654106775781	6.0611093938268334	6.731142895932489	7.009512733417959	7.265329780947933	5.112943624342262	6.352576091343768
chr1:11680338-11681717	7.6712260204547436	7.180216218183886	6.2247660273777585	7.930991685003964	13.160230251834527	6.070071815012035	6.297413237079971	6.691861317656573	7.997455199940678	8.13455522186019	5.197904402725238	6.398117932795635
chr5:119420130-119420645	5.075372558002049	4.729446592326175	2.3047485688960863	3.3065315262474346	13.158517171792647	5.6456488490105	2.6408744970929257	8.344464498570678	8.33506449049528	5.717017202191333	3.5119584456640527	6.238977128315936
chr6:43951935-43952466	1.7458630692607968	5.247076288764168	3.0215360958414794	1.648873401092363	13.155769417271006	1.7659909840750505	2.926655742999264	4.817489594716216	4.830320064588767	5.369247890059308	3.3054903246996012	4.009021852913522
chrX:47658517-47659518	8.291878143622094	6.2355257117456295	6.649098957541288	8.732576232875614	13.15863398271522	6.516708531647477	6.544707037372146	6.984938091185123	7.512398257163259	7.778763291344213	6.14062880256365	6.182756578263177
chr6:31079650-31080209	5.263528108587559	5.905296033676327	5.126725024577966	4.347299245859021	13.157381893697384	2.678890808852523	3.6725947822301785	9.634917317965845	4.861053470130548	7.060597194456887	5.166247513551749	7.082902467887754
chr2:241762957-241763518	4.277494835053318	5.8946413858736	6.4123398800475755	3.96438693334234	13.153397098540383	4.707206821096412	5.004542610698528	7.165966155973801	6.477856088015693	7.354030353334228	2.046466160785855	4.804103973993705
chr13:52623753-52624297	4.832694896526401	7.368358270888082	9.038542933426001	3.5804651601463178	13.157044985092096	3.898147654732798	7.3708547981977866	8.551627969097664	9.43029664631343	8.895857730062701	5.033069581435887	8.315547645210055
chr11:10455775-10457035	6.630251427539174	8.064662174998663	7.234085376130691	7.641556426843788	13.151760187278606	4.584611624290228	5.845380069965019	7.259656006228175	6.30473591013595	8.195240236993126	5.971399168435502	6.013050703310242
chr19:48492715-48493723	8.918970215831171	5.228157979433482	6.8856393745812525	8.938417532556926	13.15067574092725	6.602735757816499	5.771198953514477	4.102312624058013	7.2021900194931625	7.831555984273741	7.626029459614249	6.669429219272298
chr5:57138041-57138543	5.1138450561338775	5.277140515635511	5.0627548645935425	6.672250836379276	13.149279672850003	4.260575031285064	7.541150865873081	9.21407553446145	8.181920246226474	4.965818134581315	2.56863871435589	4.921431006371142
chr12:56661507-56662010	3.1051645786337927	3.487431885098485	2.4195670470935124	1.9577092282479152	13.146639011795836	2.48109788475471	4.445937394486008	6.91416660794202	7.44085877482524	5.814833902352383	2.979229227403055	5.021799274591879
chr11:75328736-75329334	6.762596207691143	4.805612639599582	5.313147476086253	7.255885329164004	13.150053596038935	6.795315058873647	7.105096867817549	6.699507200719495	9.175353459944262	8.148708912920231	5.087232174799278	8.566854924484305
chr20:62952366-62952889	8.119364315152978	7.485960819891162	7.258011895208982	5.290249157778808	13.148045558187674	7.026207583019442	5.926369423811134	7.659864468804805	7.370171388138103	7.6805652141027245	5.482765556966622	6.9884048834336765
chr5:88736423-88736926	6.169739235104639	7.431665616798976	6.741120001858912	3.1630298046501393	13.149192485690694	6.110140278107631	3.5833315247088975	9.654029937430698	7.457033145004154	7.54170628475428	5.837708511572413	8.284276493766741
chr1:88993580-88994087	2.926569778341775	4.6688871426962155	2.359585519550956	3.6392398123328653	13.145062508596215	5.162153402463509	6.829759038154341	7.729272088555846	8.407706607084515	6.772803760974503	3.7563159663208983	5.908673294613216
chr15:70377037-70377556	6.782761232733516	3.266554287575463	5.165944763742797	0.9532462912964653	13.144491753952444	7.636438644221087	3.4638263413844834	5.476493130198271	4.7291860642317065	6.66727409853866	4.245224965505519	7.631826839653701
chr11:65023434-65023960	1.6985732457785865	5.283207463698974	1.5657904951637356	1.5932545387584356	13.143438082834905	1.3718456116745326	3.1268001919097803	3.8007355353530237	2.435065295056533	4.856824190864707	6.538231664546538	4.452141605143739
chr20:4172120-4172869	8.218731156325159	6.248276611587918	10.25725548984154	5.698450641756788	13.151107900886426	6.819109220232744	6.528391184924532	7.693031325981294	9.19127353627284	8.398857257170603	4.84582463894745	8.879207098477986
chr1:26285768-26286290	7.125878472424935	6.218871827567215	6.206754471454029	3.216927539083716	13.142907118501332	5.266056984394513	4.722048154361426	7.6965313738849686	8.785335638350329	5.743558678438559	3.425881230645257	3.958984978446188
chr20:310327-310843	8.196691928105857	6.228681036476106	7.136592009936607	6.7479420544748345	13.140583147769428	6.474384999814792	6.362192479649222	7.127953930215393	7.4625051407823495	7.66641114915459	5.571077005111229	7.5132131821801265
chr10:99233922-99234431	7.564488863815456	8.241359996657598	7.24311037286728	2.919256613492112	13.139500875470626	7.719489443188308	4.812400580383062	9.694797560138861	4.098782937171836	7.456242906746631	3.9964319063267264	8.296620148534428
chr1:155052944-155053507	7.392722772504054	5.799110641366428	6.919902368992496	5.438882030639527	13.135021719225254	6.24525659690899	6.012781512181824	7.811709413863623	7.772609044716859	6.853153806448559	4.24484463831974	5.16638300559687
chr11:86486589-86487091	3.514797198796516	5.457254439973466	8.548687416949377	4.471939222462671	12.953255949047785	4.93852126696056	8.709255421358058	7.011362060375849	12.71056397576179	9.866724727767021	5.308042423336742	10.234280592893285
chr14:89306106-89306660	4.619158752356619	7.372404550209811	3.881854082877796	2.2375132630177967	13.137260835981138	6.206889902729821	5.452681425639248	10.918380148579772	5.183186877047619	7.571374604507698	2.0261100895580784	6.670056035503518
chr2:43154962-43155549	2.0217576155840535	2.9566505727139805	1.0754911901593895	2.703084671488927	13.131351139573482	1.9011782750156407	4.51749175343832	5.388513197891855	3.1134368890149675	7.188178712848137	4.041305259553608	2.0415317622379865
chr19:49664303-49664847	8.474517743240801	6.006101619534519	6.544539011037583	7.968410648057774	13.13600289795984	6.481079460361147	7.350376326868353	7.811944277203677	9.663865611620496	7.367683494835122	5.20611622001859	6.266695862723813
chr18:49486948-49487473	8.51751407722466	5.289479319870549	6.741114924415125	7.623730809273866	13.1319983245434	6.552941722248002	5.5531035082945515	6.4323978414108485	6.599880150301269	6.489767260603672	6.919082661032934	6.029663068208303
chr10:96130281-96130840	7.793478217168972	6.169185582927812	5.88951908584179	7.008299700539089	13.129960227025053	6.347426796037901	5.991063391836395	7.092999821668843	7.485149775507912	7.106138867476736	5.503921969707871	6.270366196256131
chr17:39208819-39209341	6.24149155487102	3.3289293820624133	4.917357938399958	4.64242287301201	13.1329377070721	9.267449076933055	3.6117924253547105	6.383098739757925	10.111475309986302	5.456363657514307	3.5958479399503656	5.348779873053014
chr2:231179840-231180383	3.0984211051743924	5.564995478429869	2.207400941174447	2.386065910843313	13.127398264019781	4.204801114631416	3.169225786702902	4.3272472391981225	8.291053316893944	4.824539183526849	5.424584209893082	2.8521406083650147
chr1:114780407-114780923	8.056428589548144	5.858989165024659	6.339435172301529	8.710832758723484	13.129614105165	5.646541439054976	6.832853504772657	7.448056824240103	8.424442389651002	7.804454631701487	5.811758993920625	6.802059946850811
chr1:25023668-25024246	4.537042016878396	3.395480115145214	3.184253061893264	0.42516392696721805	13.125659198088307	8.222352878810302	3.5486867357592358	8.92597499684521	8.168939048125923	6.0715631254925615	2.709380039766929	3.104160516947882
chrX:49100076-49101519	8.089865500465118	5.758375794970386	7.791943922827899	8.548148957270195	13.123194357544604	6.539763153084343	6.330629237394633	6.3712959092549974	7.753036395636564	7.791789613834456	5.6411145188818885	6.4867512816885275
chrX:100819584-100820585	7.931310792153565	5.870886228853738	6.274906721119336	8.325920022334206	13.122323360641605	7.339980731924474	6.163538403008032	6.9965276540862575	7.60254255310888	7.4236212154776915	5.5816450643142765	6.374757753801436
chr19:45168744-45169264	4.114437863342038	1.8281142643827202	4.982844636898579	4.219331413122985	13.11839290448213	1.8890756452476738	3.5462064602215397	4.140100123377076	8.503377441538342	6.39733706593237	3.929093852634567	2.4866341985116844
chr20:45971684-45972194	8.088888202551543	6.003431137684149	6.196923805019001	8.298338710072185	13.119683597885215	6.636378786308725	6.382048294105567	6.578127193157174	7.6285231439833385	7.744257201737204	5.907797991866648	6.0270147406496575
chrX:110002258-110002794	8.253773606052514	6.250519699193097	7.332720803648388	8.553763167940712	13.120227298277348	7.366356891204318	6.081707093914111	6.810093529201759	7.4940926271762915	7.551570172725777	5.635402714083607	6.24931177749974
chr9:114372888-114373421	8.910254577023958	7.812147887555497	7.963701947563323	9.76760761953921	13.128769179129053	5.898134465194566	7.887195697673793	9.407147142451285	10.001923994876407	9.698500299083266	5.199764399599614	7.53590799291515
chr9:97238133-97238688	6.029726663364261	5.108874931622207	5.426576026704021	7.207774331592345	13.113833841238947	4.643150504391328	6.6147451747683	7.159990435168494	7.640762153854444	7.001745166579289	5.68229088799195	6.631075181554256
chr19:40605200-40605750	7.317001791292539	6.42579207694125	6.329277131817551	7.998231813685901	13.114054815577175	5.678542313246795	7.4676208055119515	8.363573607275097	8.544401952817957	7.864407430762337	4.939228049564264	6.879151079129045
chr2:96868409-96868937	5.785410762202334	4.834967020133987	3.2978884449805386	2.75844269340069	13.11254058801397	4.621013639656376	4.606251578157027	7.86477000888976	9.599172644166513	5.850475523863465	4.635983808894727	7.096083079033056
chr9:37576103-37576632	7.936463644919223	7.595021068973947	8.396151518221021	5.9364694924014705	13.112850010602662	5.536887704246778	5.441333411872657	8.037743518927629	7.3739682153111765	8.104549360011957	5.273238281916958	7.766216818725808
chr13:49691248-49691758	7.501529647654473	6.087612248345697	8.194543934019313	8.078817239643453	13.107276278598041	6.044589585863232	6.371579130900818	6.460319590414278	7.549453906283801	7.277927035125506	5.451780028511281	6.312352546832173
chr19:3670879-3671380	6.128863572277346	4.843739288407877	10.483190781150478	3.214490959376863	13.111775754420664	6.2098091334012055	6.1352883438185755	7.103530289744055	9.328759438037812	8.441187551406202	5.268590225467523	9.178417759521132
chr8:144950639-144951151	8.703173915266635	5.3722369286584435	7.469057114883437	9.302157253851165	13.103553074011627	5.669607942754681	5.83542909696337	5.862973515406689	8.726946941749922	7.230997382755184	6.431918947606821	6.037874122188333
chr8:102729445-102730053	4.120431667448531	4.36225700647184	5.650713947551547	2.979975460883948	13.098322309037387	4.870922504505602	5.651135955966643	3.6714625807625145	6.20204231046609	5.150463404542829	2.8657292217539334	5.852552485354369
chrX:155070976-155072354	8.05590324337563	5.9685521304667795	6.717247440772826	8.283951619980389	13.09948958716594	6.749938861899384	6.216149574889466	6.923660505640589	8.756089934770682	7.627576400456684	5.646310106191334	6.756209797468821
chr10:102771670-102773125	4.858474632823289	4.894159776360124	2.393207688618698	1.4571621375933157	13.095305856807183	4.780837864365693	3.709532821217783	8.175490627859313	5.05526955602363	6.445243192539561	4.337983263059917	2.557461533424049
chrX:154370028-154371591	8.228300396595628	5.536150566932761	6.822758328669396	8.656229197320858	13.09714838612189	6.012913114242216	6.646051975189808	7.05803264156056	8.91127582706584	8.174479601629582	5.749827044400723	6.581267741461807
chr19:43486446-43487227	5.042529499219495	5.111498509120411	3.275081920280164	3.384996106899263	13.094031417139016	6.748654060697784	5.719915038234693	8.861579998207825	4.911950682225318	7.082470922012988	1.4445337141639922	5.039539106986912
chr13:21061372-21061885	8.784086373745122	6.497618555848066	6.759045882179498	5.956748567071554	13.09682307920059	7.6721008712746634	6.409368924613959	7.5532455526767235	9.028535585365022	7.888680958171916	6.1061709487485905	7.812083233452289
chr1:116506068-116506573	5.989803746240486	3.4266249480291537	6.916550924064715	3.2088807712623777	13.09626633270216	7.269708542628539	3.8264701329995745	8.82268221264496	10.188018294472572	5.838798002296539	2.8349222173025885	6.157540459857313
chr10:98262453-98263028	5.381279394722173	5.928721072271889	4.39199114496169	3.114942764213788	13.090276893901613	3.6793459022007564	4.951738357284578	6.967246488513493	5.973896586579838	5.8289680504153045	3.7334414382525676	6.9179500139921535
chr17:82883257-82883794	5.8292153901990895	4.619656860035568	5.72689812282477	2.1201433963895693	13.090334371479173	6.2066281736900395	3.5727306507776997	7.042045606986016	4.525682921660056	6.993421999471155	4.356772297354314	7.385167774411213
chr18:3635301-3635847	5.901856937519059	3.082770448171208	5.076307843861169	1.9289636152035632	13.087926339244733	5.040535046292446	2.3762038892676816	7.3616754051210895	3.642606227840341	4.111272371205337	4.704065317278025	6.061907896655642
chr16:69311010-69312031	9.06799159297981	5.819761768787723	6.680395829685622	9.618121869243724	13.09163974599421	6.867225510116952	5.971514103510305	5.845539564205001	7.247344215828155	8.043890257102987	6.00176088189532	6.230329890931598
chr3:112643784-112644323	2.2631382569160845	4.867114874688221	7.156019960680179	1.2362073917241747	13.089120480210784	2.4569480378152884	4.398263517462242	10.055046551066878	6.380903041431746	6.199934488976575	1.437240937394339	3.364983014514341
chr1:205324865-205325893	8.183344650106784	6.2451440277308405	5.938951959481747	8.402027609625426	13.088008527302842	6.936077504583394	7.50518068296597	8.548982770967832	8.517205705645393	7.620510201612815	4.667852246387242	6.47951217670421
chr22:30286748-30287251	4.433749226775015	2.617932737979744	2.65393740250682	3.1035904566093717	13.082668494045372	4.368993817997237	4.438712327421061	8.952154867623117	5.043762715611371	6.9873767552757675	2.8249831861712393	7.117149865646663
chr14:61472916-61473432	6.208398323016537	6.038746820677529	3.5756438111161533	5.709686326568525	13.086537134806438	5.157160095382892	8.322959913255858	8.889464115432238	10.361400383339856	6.954972080260457	4.689278838109033	8.257772755566249
chr9:136109488-136111122	8.574097258250402	6.146909289364489	7.462004847156788	9.434873490442294	13.084806436061314	6.290221635306169	7.297846604232773	5.974758701384863	9.021478558548653	7.987773935109904	5.801197771372689	6.761700301779399
chr1:32702360-32702950	5.872745923832148	7.358994372614707	5.537474033214795	3.7422011038788416	13.082651849622518	9.87241604222745	6.906046578336436	7.766460563824651	6.675972614217804	6.4453499748813	4.655651823686945	7.86534458035482
chrX:20266794-20267322	7.665251983631426	6.28954629909667	6.680689078069661	8.427730048284634	13.078198456002733	6.412792361028008	6.659343208061672	7.289293607976492	7.581373232261568	8.089502507019999	5.826811315087453	6.686899177616113
chr3:153166164-153166671	7.4272700612446805	5.167173083174764	6.039895903255733	8.444703065613933	13.076628665827693	5.584398119893384	6.02666558867021	5.304563319914326	6.867555098310235	7.233766670759967	6.749710242755848	5.683390391454187
chr5:84383711-84384330	3.4050609691585656	3.6726978272430277	6.670550285584629	3.9999096690409885	13.074370420400987	3.4599912596596654	3.9135169412290485	6.401514686986488	6.230438571337903	7.170024375189701	6.47082075434713	7.983955503423068
chr12:57008065-57008601	6.359059160636119	6.090853079508312	4.855261995480042	5.623348863381766	13.073780027096175	5.305890517482063	6.640440348155834	7.603566849198448	5.578033377191128	5.8043826914808445	4.039482537091025	6.20170833035831
chr14:76375997-76376510	4.305080164371844	6.831101817267914	7.490336017103054	0.9018481769503823	13.081690448747972	4.182722515623841	3.515612461534223	10.610736140784955	9.360297839589267	6.802730125751045	3.4617999224435554	9.370670503665586
chr2:241340693-241341215	4.181882483247584	1.9367928134021464	3.9166066538143274	3.4432011956789186	13.072345148939721	3.628395576496623	3.2053937952699996	4.7104017851942155	4.836113487177031	4.689772597455494	0.8251269601702551	7.369593762451755
chr14:64549682-64550685	6.75707484048288	6.5760570092519535	7.456848279176016	6.219106325622318	13.074069738749484	7.7085404523949475	7.219755611113113	8.329837523809722	8.922265989035578	7.207297253128065	4.824443426329472	7.46627588386241
chr11:13668221-13668763	8.774247426100189	5.9889968689653745	6.2654641540514415	11.21259207024137	13.073321844636832	5.481944436354724	5.566728759297013	5.042998224622917	6.10696875878537	7.753136536476847	6.878979945317188	5.355881286272411
chr6:30562394-30562895	8.399427474910459	5.913474784476665	7.145801871617148	9.304279344312015	13.072145239010602	6.684048577822693	6.6530585577601995	7.139285063058244	7.511509212116409	8.30937621702571	5.656750875314206	6.870303231024609
chr2:206530663-206531204	2.6585330553535593	3.959169609305597	2.6015545908050295	2.592661030593848	13.066673265905353	2.5080804976340123	3.671924119562065	7.524767929127288	5.8354735474789585	6.852916882978736	2.06563178410652	4.618700430792758
chrX:52934929-52935445	8.243872238252575	5.686221817490871	6.539286074870589	8.615436464166855	13.062127612185334	6.4449932910697045	6.404385997918204	6.304166051508663	7.750023752040844	7.580944500511209	5.598675598139035	6.29748019957671
chr13:49498245-49498791	1.9850692165254822	3.9099825491687192	1.5186792599948118	3.8633139001394565	13.059239065977314	2.2909343263168487	7.305630483792541	7.173077324546482	8.733663627221363	5.284397004025232	1.6944215709502382	5.2153518194711594
chr15:68252868-68253388	5.6970934653095116	5.717287836535676	6.474828288990577	5.346483422275779	13.057030991552663	5.674242656204775	8.060803756294638	8.331081107285804	6.9853045914334295	7.957352869586332	3.923237468032803	7.326113045260557
chr5:10565056-10566297	6.889414449038529	7.759429906252465	7.141976666742446	7.707565591903586	13.057409605307303	4.918050619936574	6.227732627035506	7.969636523651425	8.306613975218681	8.254746825169386	5.057557220592264	7.3594603186009655
chr1:28737137-28738355	7.599798808082149	6.41420277880584	6.264094632313545	6.490792386127571	13.056239213434386	6.446319245964306	6.773164115509856	7.679109436396803	8.948994587173397	7.612574761884708	4.314678731114453	6.44675716833439
chr6:31620228-31621291	5.251691531110914	6.634496785532859	6.303120690481257	3.2616306514098787	13.054098491873722	5.423996465112407	6.672470484517414	8.698610540144223	6.956247204644324	7.001884771429159	4.149662040073277	5.4598402739577105
chrX:52920651-52921199	8.40877638746388	5.817884144738612	5.888994465843893	8.140634776659352	13.054365980242636	6.477890033810908	6.267544370690627	6.696060742461046	7.698186870102672	7.048634996270314	5.439483381945722	6.037687628630291
chr13:99275005-99275514	2.770846302649226	4.789514308059475	4.444830094207704	4.897282095943081	13.051283949082242	3.8759087343846526	5.826402991229628	5.95327496045826	7.384803549362958	5.98052658454905	4.130393677545962	7.267712012255821
chr6:32167782-32168311	4.282151024585056	2.096790774889242	7.028141143991078	1.3304717519902143	13.05083183147961	2.379058910565761	6.038941450740933	4.745261874839936	5.504375330393374	4.202000558714071	5.963138760166795	3.8642004922700206
chr12:57552183-57552704	4.792158289617811	4.097631190637729	4.294635875115149	2.3136463491817985	13.05012478112053	2.9060430788723326	3.7627660814568773	6.170860208561361	3.381233426414618	6.182175471076591	3.8945223685565296	3.8294653414723694
chr17:82885772-82886346	2.234668827093996	5.927718633499139	3.758538079421003	1.243632685776177	13.04773425080608	1.6153365076143433	1.876802015344549	4.698496580614405	4.181286604166019	3.0066327667081643	5.595216299386368	1.6616517097849752
chr11:66975844-66976356	5.503244656690888	5.133963144806335	5.798237327559651	2.1115794406626494	13.047834974595613	7.901905837086388	6.539623660572193	8.605936252090993	5.353227828525024	6.238084260454673	5.705384103246323	7.429698220749663
chr10:73849011-73850020	8.941547792383853	5.418757906971606	8.379227878032088	7.977599712074567	13.050721500304256	6.964455076151173	6.673054392781714	7.623057842153301	8.14867976037439	8.418157825239392	6.045511459134039	7.2475832575231145
chr22:37896189-37896698	3.779052242503151	1.8784638802200304	2.425998937376478	2.407518927147912	13.043204514431615	6.132342494937714	3.5862376066933	3.9164881279466224	3.454225960718566	3.3061420894873352	3.580720445748012	1.399051882252307
chr7:150724-151248	8.256305285339288	5.181173116118279	5.958173032322172	8.578128190931688	13.045206935015582	6.541035477819127	5.846766851078332	5.590316047783217	7.128643106863805	7.436624252444786	7.109250777154893	5.960757538460958
chr19:44753231-44754752	9.233073068847503	6.5137694218355096	6.909717798912306	9.975944782951629	13.049218371471783	8.329407150015225	7.162693729068614	7.143377864801248	8.836604534480864	8.24586719465285	5.507122747991105	6.540312520105268
chr6:36579565-36580158	4.065786708122504	4.6756159469534815	5.325842629689943	1.3041626598681049	13.03753688991678	2.4523983448175097	3.8988260689194636	4.016913593567823	3.7458725784148124	4.83792133136999	4.30216628349774	2.6574836752142477
chr6:26031858-26032893	1.964670211751388	3.7443489960526697	5.82787277749109	3.036408123263276	13.032540909371205	2.302364763487961	6.77214050555967	6.061646757424697	4.444365446955716	4.814496507796074	3.772359502605342	2.5641345328985152
chr3:49176992-49177515	5.68482002066765	5.71822438928566	5.288656371855018	4.123601632356191	13.03613063576469	4.192022708231072	6.998355690441929	8.271293574642753	9.808931084594015	5.423928911415596	3.0940205136829375	6.598239374541294
chr8:100835418-100835937	4.051194542204754	1.9837427743796066	4.3617262898273115	2.922165498450817	13.031842730074937	1.9604549301852336	4.375508428072605	4.245436218236049	6.626505295203356	3.8962214241951143	3.155853594952346	2.203740969393223
chr10:102612794-102614219	3.7909231593366224	6.468274973937176	6.035104785388374	7.102168094484166	13.03360410807902	3.3066756666168957	8.086337287685488	7.140192495715563	6.349828557704639	8.317749807200794	4.274142389395781	8.452268622014591
chr1:183279835-183280340	4.395668649668944	1.7958501254382944	5.572846952112494	0.8162790462070773	13.030240149186925	4.681678320898824	2.7402783585478248	4.588437491264642	4.2160087429494375	6.017121669822944	3.07443080091108	3.6407055213701103
chr19:10416425-10417501	8.767875308609927	6.468860780433672	6.798849834616584	9.250515524837006	13.035576011792147	6.88959516335431	7.2063613474027575	7.417047090841774	8.880489816765113	8.359672996248726	5.900188652463173	7.0468594337136095
chr16:48365724-48366228	6.829676852695494	5.5156862776108975	6.632124434925342	7.36327926138272	13.029333787123726	5.536739142081514	6.414525783253101	6.20114835786429	5.259719753787832	7.0233543005023655	6.0961985204248315	5.448942557289054
chr2:224576034-224576535	2.681368019911561	4.510408835319622	4.02806197500818	2.139583674186537	13.026734103904117	1.973160151380958	4.879047936836065	5.2250818943082	4.45635656793915	4.812287073857331	3.9229078489362244	1.958645132855044
chr11:44793563-44794153	4.32986049544859	3.3595997066411227	4.647424375103366	2.244349320910425	13.027041263245152	2.464631775066369	2.759946907273574	5.918746624853393	4.454883718343225	7.312040804652488	5.709210387146029	6.8708975868891775
chr6:89432808-89433340	7.059985254982029	6.530448926993806	7.312804812216807	6.257049008910575	13.030637080526919	6.078767239101675	6.003725046137747	7.480834006426341	10.359662527825897	7.516720735175298	4.71209932779753	7.317242991433949
chr8:141219951-141220693	6.582152246510607	7.5833625079692695	6.85438484492923	1.0275563313476856	13.02505018753117	5.969900420495576	3.18558722639053	7.871343887395695	4.342936912817158	6.158152046489022	3.692323876924456	4.025563255986299
chr1:10472307-10472839	7.352353460602383	5.840084861893746	6.319848570989349	8.232433544264255	13.02642568318652	5.780741765537574	6.27015895458415	6.366180445106359	8.513223663515626	7.482571287229282	5.856839332271824	6.1065977158275375
chr8:102600764-102601345	4.711987621499489	6.4295293947265115	2.834283655978538	2.0776368345603706	13.023369395453258	5.721755606910972	4.650215820405013	7.983006069844842	6.953229835511546	8.01702526250788	2.4510249526173653	6.647524448540345
chr3:119274864-119275411	7.6829877814960295	6.564845846630409	8.274198346099286	7.087071193878463	13.02453653964957	6.885944787570014	6.12513868272002	7.300672768448836	8.206371400091113	7.581022284330983	5.497819732264615	6.549252274759575
chrX:43654676-43655181	7.833657399363925	6.0207726274911835	6.497140027344205	7.904531964001394	13.021566973272344	6.63104839059384	5.87098920375939	6.741382073077723	7.342684386506105	7.985239052811676	5.391480222696518	6.722160680788713
chr15:64845322-64846579	6.166150437996363	6.767037795824962	4.458372920393134	3.4006105628889998	13.019180369927046	6.976772496105791	5.587084291680461	7.429779039207368	8.555028626760436	5.914259540296122	4.918277893837797	6.680657161075503
chr19:4539794-4540386	9.374397766646359	4.6140079361228015	3.5001728815054953	2.717062823490575	13.019629212016959	8.974399770252221	4.966385597788661	6.932964594193157	4.9696228169428105	7.085026089842953	3.9279996723410076	6.222971163227381
chr1:24643389-24643920	8.018407954599489	6.270225294381002	5.904133468307447	6.619134386750323	13.019244766086018	6.609519324137376	6.895671687343913	8.718798703542094	9.027011174305171	8.126914133314695	4.460164148043473	7.598336250224891
chr1:113858372-113859915	6.916602396876473	7.283247744129016	7.49000968702915	4.020092436308769	13.01873474030008	6.891591278688133	6.283267559707934	10.066674788917958	8.642281024779393	7.674350723232444	4.4652343419248925	6.4276813156773205
chr3:196695175-196695747	3.1385384006777928	4.241177963981934	4.493453820360059	1.501079765458365	13.012075123822438	3.8069601437824643	3.8859810120562788	5.026610085845802	3.5881561482111857	6.953427094292723	2.882225364437514	3.9808855097169893
chr14:92121585-92122210	7.554643667532691	4.974904893728542	5.6509921252558195	7.1226958252709975	13.012871849125489	6.5828424769713445	5.734937301649177	6.306019307868786	6.81422992384082	6.657681835918898	6.768184227938183	5.876260129496616
chr10:43060322-43060823	2.2537336234639898	1.336632441851645	2.7000158432279697	2.924234630638485	13.010266834510782	3.0162486575981657	4.324224304221227	6.346545199297461	2.475132428230485	4.964156972598127	5.158656359029027	5.931461585269474
chr4:2535260-2535778	4.985651542205926	5.384798687970723	5.555686297953306	2.2872501785143378	13.009081192772388	5.749956900346915	5.874701875612967	7.316605939089335	6.273936313946755	7.764299872948787	2.14937281974548	5.804769769225079
chrX:46545092-46545600	7.9894178722774045	6.256547835122472	6.649769967825595	8.077904938091345	13.0111578876745	7.726316755745554	6.660492056275203	6.6046314068418726	8.239984025880696	7.813318670654866	5.715390636544615	6.134362381346209
chr17:76397921-76398429	7.1010388171719505	5.952271863687388	6.1151994551967945	6.210637332623036	13.00631264579378	8.12389753164797	6.214805620201851	6.758099790149246	7.933609163089199	6.901596263799329	4.937704512478247	5.648424280135335
chr9:79571468-79572038	8.800944703166428	5.850310231793349	6.628724793804105	11.360399242565407	13.00335404948906	5.4523741302607815	6.1975554099808	4.971972227131348	7.1708424524788485	7.7588971429785945	6.612813661069119	5.966381093990461
chr1:1778686-1779241	7.6079746423469015	6.354018454777394	6.538596618586591	6.589356518684586	13.001312138701351	5.975801699250317	5.965048385765279	7.488363912873249	6.764290689007004	7.767703582569062	4.659504464083483	5.804902644222599
chr14:75350465-75350983	4.10691857736562	2.9780170924039426	2.605331042575049	2.5657560299675968	12.998976327746506	2.3865309121437854	3.5758720075385395	1.9520602013004322	4.656486159448517	6.3126551415366245	6.470380810174316	5.330447738937054
chr1:156748826-156749339	4.53722519743486	5.135310097732713	4.458979666177804	3.2275704245483343	12.998606618304954	4.15519660364967	4.825724121449478	6.534526089117041	5.336158179989552	5.580814385489834	5.050960848262123	4.483293024748725
chr2:19903035-19903615	8.567339742074518	5.768083974285238	6.809115727272693	8.413120241296994	13.001486767329453	5.2998016179872005	6.233464205458095	6.47967276039925	9.245987434895193	7.766237602652335	5.432236845298932	6.324000030683675
chr1:156498794-156499418	5.8750853909115435	7.315414438615634	4.58546866638294	3.7357907467895797	12.993844322733647	6.8533321281658655	5.173965467959582	9.12325853740739	5.828646121496255	7.363891486842907	2.2956087384507695	5.555384138113515
chr19:46262835-46263360	6.149212931301739	6.404999000335118	7.8336846213728535	5.166861800359447	12.980756576235576	4.94947710734745	8.574823549271716	10.407753890146228	11.793475160045396	6.770001681965268	4.473681554800361	7.979711348268995
chr5:151122815-151123766	3.0750716541638594	1.5441856478660094	4.659591179237249	0.5682274067659553	12.992821681722376	2.518464119722791	4.72918060130225	10.60508976461951	7.122753957668386	3.7875396040444405	3.0696306550397985	2.638533595116763
chr6:33391949-33392515	4.087439727145107	2.234805962279644	3.2992056410236477	0.1942404087980485	12.98432189072858	6.077406989810427	3.152916603137842	5.982872957718429	6.629603814638092	4.49397995572828	0.1778250560113606	2.948664614828735
chr7:100539506-100540512	8.496846577505671	5.0071223886536735	5.760168058675769	10.277468160128954	12.983381519016662	5.852585333217031	5.547876940905966	4.633502080341559	6.691620755059506	7.311772410274954	6.381192639843618	5.204246305121844
chr9:105053089-105053613	7.93255427285724	4.529198659283466	2.2495290282311924	2.895975496387491	12.98044108991608	8.452512470318041	7.3230142153660545	7.683595309415931	5.517566752487414	7.57832552114802	4.57788976833284	6.6936589075106
chr11:61922396-61922910	7.626383955181617	4.6263636998209705	6.8692679461742125	2.5370785341884887	12.97796479538644	8.054968099024268	2.193014439435854	7.047441074639157	4.10192545810603	6.844605808049314	4.208119640442404	6.469083445768188
chr17:7548632-7549201	6.305629401777471	5.604436551742127	4.824391767646968	6.231027813484923	12.979158714739043	6.63190198516776	7.426081044841176	7.833842459277678	8.877919748297431	6.739243653571638	5.263724496554498	6.830924768219809
chr19:3133334-3133849	7.884676206884704	6.32793102056435	7.286190663639841	7.351935047335141	12.980108173895918	6.271429374461201	6.174104045510701	6.418249948620198	9.143252160273624	7.737638431838032	5.8456104467764405	6.876356935322287
chr12:55847837-55848337	7.237564371306381	2.17519587914795	4.580845521900639	2.2651950611113354	12.975728822340304	8.37033140835121	2.5660858149713612	5.774966223482683	6.535577132651424	7.175249713127805	6.756649169468751	6.852047940964005
chr2:130454659-130455622	6.343341922691873	4.245281516043592	5.544900962758683	2.5928829322234845	12.972201797981441	5.742732958163877	7.852342673932054	8.778640175229096	8.932926715847904	6.637063176807105	2.9183329185736135	7.27977209872031
chrX:119692977-119694005	8.159442174205104	5.980549368283756	7.237729237689837	8.618112601575236	12.971363753508015	6.034321139374286	6.35930474088455	6.063708976115663	7.295467495482077	7.603104387055272	6.299346242059869	5.714446593727575
chr21:36994439-36994954	4.099461485348482	6.942458445768369	6.706344383736979	3.8838066439442347	12.975662173850091	2.6200579265217425	8.01652521219724	10.565283045299724	9.87990429795857	7.380420482540936	2.419539763228254	7.988287333624572
chr11:14422292-14422798	3.528326012427414	5.035773802204041	6.453948133190855	1.9946960219773537	12.963967582453323	5.9561716866884815	3.1010203480526735	5.347233759744799	3.3929515531476775	6.216612228849346	5.679458272422569	5.815031098258725
chr1:100896563-100897068	6.753643532627029	6.449169119915032	6.185588577577982	7.5614260403614715	12.964006001086444	5.092969308419974	7.107611357180344	7.820189941427399	8.38099212794418	7.158138109608099	5.018452259515652	5.646039137911465
chr4:40916777-40917309	4.120258860494133	3.2109220977485835	3.4526411571982827	2.1542688244744737	12.96036227087611	6.628095384018125	4.815206453034971	7.7091009660966145	4.269423039641606	4.651435793001976	1.0782185563721711	3.443289584189092
chr19:12778966-12779986	6.539854215080916	6.417989929950129	4.215731056821166	4.766634827653268	12.960906382959507	7.1534209460809315	6.4759415080561205	7.606034736795798	8.732051883037325	6.387844568149669	3.6254898639785926	6.018542513034991
chr17:17783939-17784457	4.8921656280772785	7.2354251209831695	6.099062363796418	4.259474909347856	12.960538607155078	5.010866737061444	5.420395532507963	9.583843935721305	6.646458613699965	8.3973793281044	3.412376666737053	7.2868991804936245
chr19:48807762-48808471	5.4546909534303945	5.562249879378409	5.2571961843905335	2.8375810353233804	12.96013382054004	3.3267657799256307	5.376973769492028	9.65471328765756	8.856822799727945	6.413699955242717	3.7706910272829526	7.170737792125251
chr19:45178139-45178697	8.738974409728678	5.759922260765524	6.928056683055691	10.78465047683478	12.962130547314597	5.746376641454603	6.088798124621604	5.068039420979927	6.737154283709286	8.190394448141832	6.568914697463677	5.922398102000567
chr1:2255738-2256825	8.920940174682798	5.164324670617179	5.552830088165112	9.4737234788917	12.961505673804803	6.913098651272024	7.35821164737332	7.393344737226869	8.699890335829279	7.7120249834385115	6.441161276518369	6.4983417470012
chr12:24948859-24949388	7.248377298847701	6.573848170928166	6.0754750986977735	3.6260522569101936	12.95458241739931	5.620499406904127	4.6600535093081294	7.2295552305088195	5.998858922800359	6.691371283137756	5.057416702806913	6.744916115025636
chr19:18278396-18278999	7.382832765795689	6.259982865050611	8.318217139460563	6.751538882121287	12.955765452685933	6.235186715156951	6.4238333099035625	7.6489444785995	7.965854692145506	6.766247286353721	4.596099932155372	6.423108050581106
chr19:10572249-10572769	6.549751881053067	5.654609761146611	5.68586803057124	6.080133532076433	12.951867902903214	4.8681820287721465	6.157853010494011	6.58442511726027	6.7169866191543735	7.189770620979038	5.128362677732202	6.304020273180002
chr1:171817332-171818128	4.928912773176767	4.89937525063735	5.0091442931220245	1.297225943334068	12.95395791813494	8.776318613867726	4.962236860842694	9.348790950575955	5.067402585416651	5.346802395755775	2.8899039702613214	7.606671016913805
chr1:151944379-151944918	5.485463276088582	2.2076566469968872	3.4334549803227663	2.103553719953483	12.949092537603144	4.616842533818817	5.582661562575266	6.276809518232724	5.913267531662762	6.44780393800445	3.423181362159972	2.804346731579801
chr7:43649668-43650196	7.334757153067476	6.364649614581681	5.526056379516572	4.761639023235227	12.957454082338062	6.885450879175868	7.581378988506203	10.102743557063054	8.803853999457647	8.357356019950767	5.260027450160425	9.16491707742358
chr13:42990584-42991641	4.291370712542105	5.210142470516761	5.742097851920662	5.1808251654659925	12.948424124669163	5.96658151115898	6.44056812212453	7.856426847871441	6.544883514911659	6.447636718029053	4.384520753889841	6.0799406894216395
chr3:69087938-69088560	8.297709420866015	5.969960130575118	6.43395923434152	9.074169149286671	12.95135544797692	6.238178140423016	6.905951975288029	7.321607894991805	6.91567997840671	8.020154813232194	5.813134473015777	6.154249825944752
chr16:73070648-73071705	5.430815025023449	6.4207337480969215	4.929904652091766	3.0444146758283464	12.946846297294103	7.68615494990965	5.667985005058553	7.315402049220374	9.016458433651467	7.57225021985419	4.421615121881813	8.518779114628341
chr8:120702019-120702541	4.2353447455835225	3.6261420774270694	3.6282575482441852	3.2272889745564393	12.943196932544875	3.079634496084706	7.877610246565708	9.013919855341113	11.32600269684362	7.360637151751979	2.114871827641057	6.377048238609422
chrX:120560826-120562211	7.773974985553228	5.914027346335434	6.223215578368124	8.2790333233433	12.943305632404096	6.617837120517825	6.277576239804688	6.615988669773229	7.58428997499514	7.716393938500184	5.810992588374435	6.370169462592409
chr13:43023341-43023934	7.753925101696675	6.667932218638951	5.896865977568618	7.3266347519979576	12.94318646140609	6.50990257921135	6.902836187684227	7.650752521680069	8.779469289812047	7.415496607847051	5.164375825382594	6.485428973372315
chr9:116572093-116572597	5.578423461004793	6.48326803976503	4.9503024102451745	1.8663442217972301	12.939601247298716	6.43934740400138	5.152335278425813	3.1820865473947704	2.863480742442585	5.598228645103767	5.159106759918628	5.941484688941737
chr1:99969685-99970745	7.175556041577426	5.950953068415766	6.666783414908557	8.135713737877008	12.940076287361656	5.5339585432602565	5.798725966429097	5.910524436869512	7.077127828589037	7.04812886494894	5.9212420186572485	5.70075813953799
chr17:76199419-76199940	3.7834658127595673	7.315527322782094	2.1296377853145416	2.6438772070394654	12.939894956619176	3.6391262794049766	8.64194880058905	5.591059889547297	7.864943574077786	3.904719781132099	2.441475682607028	3.123372565724606
chr6:26217479-26218568	8.165187176244796	5.813948318897821	6.335199391568049	8.673071569513445	12.940868882995593	6.872285550268173	5.835679124447465	5.050326811026512	6.694325729951365	7.030070394020215	6.876937163139527	6.0718081722214805
chr3:52210531-52211096	7.171194119355311	3.6129876225074558	3.6941966807473863	2.626659692777913	12.938516817965816	6.937984696841589	4.601615525467313	6.765374206046709	4.503819462093556	6.391537483102643	1.0558685327726307	2.720277942184555
chr6:13419352-13419881	6.83532171029317	2.9788711606150997	5.155460862143951	3.5941982051108923	12.941128476147052	5.431843124330783	5.83882899346039	6.516396079274937	9.555312178076264	6.09323297390797	5.990391410198982	7.449769068276472
chr1:156246251-156247393	7.346724890355424	6.6747111740330345	7.522037843851042	5.645217652916326	12.937562559072	5.829500144138735	6.166090708337804	6.218758878822746	7.818779930190169	6.981457731957302	4.834121248705596	6.335217358226901
chr15:48810952-48811453	7.858102445012476	5.9848171416474365	7.083715026197792	9.958649865912927	12.93996669062621	6.762518732799994	5.786648774850835	5.876862209315828	6.558734675814966	7.895920704367231	6.64089342786789	5.966559359918713
chr15:43746108-43746663	7.7949687396219245	5.866728767415022	5.745308373133407	7.4127385490991164	12.936212967524762	6.627937850097649	6.16907901012455	6.46088693633595	7.310210018942338	7.436532374633075	5.582694320841973	6.20359233306433
chr1:17059572-17060083	8.193714798993048	6.4074369865609855	5.452944408188854	4.731280820517026	12.939465602990131	6.496218381883027	5.496995767175278	9.026140110527209	9.215210597559933	7.495060880442826	5.3952973678410645	8.000308799277263
chr16:10743886-10744416	7.709289929137766	6.213479440289708	6.161864766068838	9.138646026654111	12.937138146356201	5.536971894230258	5.844325703827951	5.631624254766765	7.395637034550969	7.384934758639975	6.643060843982937	5.392828622948129
chr9:122126282-122127295	5.786590958034908	6.819623246156587	5.516092378043903	4.122876824903352	12.93747618638	4.671237082100559	5.363169823745603	9.683680717821773	9.42901362682028	7.365232984457406	4.932544543937904	7.148960171594178
chr1:109621349-109621852	4.867916878279262	6.43170495379401	5.472224658167929	4.306173395173134	12.932273923316776	9.530549683240851	5.333633406340883	7.420178548104942	6.667758164984034	6.164571847074482	4.5819883652856275	3.7932084859072317
chr3:123328722-123329266	2.0692756448444665	4.873699391603778	2.3751022924724183	3.059901202069406	8.846030310426405	7.8279103611323215	3.4495972913385744	12.926363952680267	8.282610261640986	6.670589025136493	1.2922086527402072	4.679543946786376
chr13:20412737-20413262	2.665354281590971	4.130015179679542	4.684684806770339	3.1933081331631	12.925075298501001	6.643087367368536	5.635204416439206	6.692314452076414	9.207104285398326	5.55334946217959	3.699257321851641	3.7728448108037558
chr20:462360-462861	7.363299994336213	5.8172149256005925	6.9391662654108135	8.395893113645334	12.9243825338067	5.846222684584013	6.433121548747448	6.640576129780715	7.994849343337236	7.4667315357599655	5.301694418223104	6.224830530956598
chr15:50181968-50183218	7.597888995367706	7.712630596931779	6.390400890878794	5.694205236942905	12.926805152496014	7.325044141023923	7.407901364698099	9.906638737998852	10.416013825292778	8.070766843452436	5.150085191185885	7.75876287532252
chr21:33542685-33543212	7.541742444074247	5.135213129909999	5.22649609242934	9.870174193270255	12.919414203429701	5.053571265532034	6.857911684868134	5.746243458472652	7.632450163325978	7.374319399476964	6.670940449300996	5.338658327971394
chr5:132776080-132776663	2.990390385308728	2.932582726678558	2.8734882227572722	2.3878882539967488	12.914009952412632	2.072292416925812	5.858337372263909	4.21382019994901	8.072620358098593	4.631142823995717	3.67801109690195	2.546563015941576
chr19:53907984-53908525	7.574916106849944	6.786846774483113	7.2963838211509975	3.9871609059707085	12.915448147088044	5.963361223179548	6.425535688938147	8.403452186404103	7.986882897519708	6.924219695133439	4.846353541908107	5.650524335881727
chr3:44440316-44440845	7.133898945565489	6.188588043770764	7.6631003156714685	2.6661196864665477	12.905854993868342	5.860181565709585	2.66705660949926	4.933361671772446	7.605456915065087	3.968369361097864	1.4860088475091442	2.854009113044555
chrX:41923372-41923886	7.511816777976811	6.018534760870288	6.88839961598586	7.734502437490485	12.90583320750304	6.137460578146846	6.485797385329652	6.527616416097566	7.359320022342539	7.621828229519727	5.618130686373589	6.451860020841693
chr6:30685301-30686367	7.659997630086561	7.762811966077581	5.853612256736557	5.072375989673453	12.91175908123985	7.418751589283341	7.432138962342747	9.675614216273413	9.73631317917265	7.81163773770865	3.9194827755933184	7.156622297591831
chr9:105007055-105007595	8.355088384515467	5.623500155421922	5.914024799377345	3.9142468014936402	12.907331415365384	9.312476189350363	4.12449802941249	7.924209693945623	5.711805948788546	7.362005848322949	4.644051703349052	7.992018755251025
chr9:15422494-15422997	7.987034965299174	5.761430222548253	6.888268139655212	9.638590828424007	12.904796489488135	5.346418465322286	5.583874628645263	5.4104746200865765	6.128938462974534	7.2886910970752865	6.115339677213194	5.840917761588901
chr1:42824008-42824535	1.6328303545671672	1.3819813548101163	2.4862032010970205	2.048785042209119	12.899177335077068	1.4114359806235448	2.1708726268663034	3.888828517101434	3.3065145031020093	4.113918683662562	4.121680449981911	2.2835816828330975
chr11:64797790-64798325	3.061895668874166	3.2337482328182245	2.934277496811553	4.215611857190929	12.897892553383299	5.105853527348077	4.517472863691609	3.851349060724492	5.378073546116579	4.891431168188295	5.238544997788311	1.9042334224300062
chr1:112716195-112716699	7.25406649578215	5.945469737994568	5.995321054678279	6.376002703242777	12.900325415180859	8.49510260167348	6.213561879201113	7.168167808680568	7.740378578527417	7.058920685525972	4.924273000622994	7.029050715991
chr11:63490454-63491457	5.944828205806894	5.350115042720316	3.1647326510171707	3.9143980527938216	12.89557348122823	4.713009358636658	4.687207316572866	5.5480089871575995	5.005197080607807	5.779539866688033	6.518586863447833	5.467627150509896
chr4:10095534-10096562	8.760392594034244	6.241964506005115	5.797188024130496	4.684720162565485	12.694721746839678	6.087905082082436	6.150450075678135	8.799015370644428	12.48153955975219	5.808972794083129	3.82531321768021	6.909577042693279
chr1:1724177-1724733	8.194224855204093	6.395379491414565	6.294608693443519	7.55815158884861	12.898973169693294	8.320986643113896	6.390589287015051	6.996158486710356	8.329274217071031	8.198903689565633	5.603989902385622	6.821173637897119
chr9:125240527-125241706	7.896012226331652	5.63802156690071	6.302628662261303	10.82712582983514	12.898887583380088	5.249186063808343	6.4037316762778795	5.178187716085979	7.2269834550466285	7.435067346104973	7.072672213213313	5.087068884255638
chr1:11272926-11273933	8.281479725824765	5.962248958585121	6.286164488435727	8.240959898775113	12.89574058684275	6.653406380111412	6.484377538845543	6.376572891626625	7.320166711682996	7.887399221310183	5.990285107040178	6.452210781230395
chr5:95738042-95738549	7.4390766595447415	6.6507504798352	6.607990298212784	6.0015548580322875	12.894917681736823	6.394340691034383	5.922065433527966	7.073993052961612	8.34405342001877	7.60486711013495	4.974090944574873	6.86991155427449
chr1:42686350-42686881	3.3407687444967107	4.288180936921217	6.320876852748992	3.406589867187197	12.891763492179972	4.840788608525839	3.215108176758559	4.8454335581253245	3.7255101231465786	5.96940653948281	5.314606909671672	2.5130241287674546
chr19:4556049-4556622	6.404290503732452	3.3484567634625733	3.2644398103858294	3.028167752180339	12.891179095251204	4.518324491317157	2.6361288193417978	2.5886179808142127	6.741144906511208	5.56406920567311	5.835088783884515	5.01507016334068
chr19:58218879-58219388	8.799791353465372	5.777455587200772	5.586488909391558	5.797556379731627	12.889513244890397	7.875116170729619	6.8683316676950215	8.060184236407641	8.167214167879678	7.675726907279452	4.830216087114748	7.110949157797859
chr12:68372957-68373477	4.175477362080411	6.127390504932334	2.5435355998595397	4.848142718862141	12.887974409335092	3.902306874774227	8.653963609029221	8.81224407490175	4.840377193114641	6.210009523167359	2.596874496242242	8.081934812292694
chr1:235940246-235940748	5.20811843342981	3.7913934221973773	4.155273346150331	2.4069555416580974	12.883323314142618	2.629660199712796	2.547857949264591	6.0137261848063694	6.947271963013864	5.925776474888396	6.823451043923445	5.602259247659758
chr2:200845678-200846364	3.0616086897286316	3.556919268418692	4.844663834840789	3.365686879634988	12.880322296641433	2.5217674180158305	3.321356817276154	7.1391759905170415	6.067681230369732	3.9176177461101425	2.386497171217151	3.6582572421830912
chr11:67372847-67373401	7.868227647927417	6.314539833526425	6.073773843457849	5.331635005780293	12.886774408273167	6.791691497000366	7.052104159731552	8.833340276839564	10.830910412389002	7.130871714671815	4.3609517111495855	7.383367178400885
chr7:73428156-73428890	7.708206944844211	5.564742893888163	5.586607123019351	1.9485720406170715	12.881798304735504	6.880073807651792	3.904065859172941	7.174557120821047	5.211357340498802	6.20313319296546	2.4333701096132305	8.770152055623061
chr6:144543247-144543777	6.193299684359358	5.502856068775723	5.728399714554215	1.6909542263165542	12.881899752230124	3.2103781704942493	4.318651916044189	7.625847608070442	9.424874823150331	6.149537582897308	3.1004556689201492	2.804822661185313
chr1:35558199-35558727	4.7428553165586615	6.524391511784273	7.571763109447288	4.2011707196573305	12.879395473694851	6.366564240839507	6.485519289158758	8.622408381538524	8.69708097441902	6.9012475947822285	3.1346974641884464	3.830637003567892
chr5:181242908-181243449	7.7785962651487655	4.781259928222098	6.593872503203798	3.6695878869279257	12.878014155966833	8.069660225711234	5.7804717778859365	6.454852078606689	7.457679550199009	7.138170347039815	5.3546737328795135	6.403000267140011
chr19:1203355-1203873	3.6237056577860622	2.7737890090545294	3.0850114921393708	3.649626982553175	12.875287178850247	6.848618767022102	6.953295789214358	5.933382962291756	4.965470798973801	6.362428813646463	4.668366730636465	6.799819359091085
chr14:24660122-24660657	8.172140607043644	4.891329461356015	6.844106087592877	2.751742575061292	12.88191235626062	7.137788152435644	8.29234152833384	8.769842155032721	10.15811889749355	6.918026641210625	3.3623229254883813	7.609188556646501
chr10:6580696-6582665	5.374101259852367	5.687771202106236	4.94205841488256	5.300626805840707	12.87473280176207	5.392981521512654	6.399536052038968	7.113223888095558	8.605991550763695	6.192545756162997	3.839869404025108	5.4900242738288085
chr12:2794677-2795192	7.720420573072288	6.049427762140316	5.507982682059925	8.540370646099046	12.87682813125418	6.538924055596332	7.3022472265325264	7.868859017231079	8.097458796889793	7.23983386823504	5.65122332752893	6.802928477307114
chr11:71764963-71765574	2.777383594895927	1.5337649752033424	2.835473955256049	2.2121159764333407	12.871910307357805	1.5902393890175583	7.012081968178984	5.939023756932898	3.6321990743557504	3.321608268571728	3.8422690091587253	5.688163180076894
chr3:158097910-158098503	4.366534353637034	6.539513865049112	3.94077044983709	3.1749002743045636	12.87180228401044	4.087570271173093	4.3911495412706	4.181307310674393	4.3830163135504385	6.353706390453219	4.738979814026077	6.282558098364976
chr20:63686727-63687279	8.564021767635554	4.4411275439756634	6.183585002295657	3.734417702283558	12.875169760825914	9.109357619854087	4.835842084677162	6.827052365289976	4.192860454166302	7.810856252483682	3.950372999092093	7.12695524981397
chr9:36406990-36407523	5.707202776070788	5.367291697933426	5.354323537184805	5.2466253745659115	12.868653234246935	5.448342196443422	6.251572709959321	7.262337591472685	11.315454920385445	6.1887939603599245	4.975133376840967	6.032146242523959
chr5:14665904-14666411	8.902544087691915	5.982614795632387	5.853984409048221	7.93782557737134	12.874393618301498	6.875369488079851	5.817899661130931	6.222671224875156	7.7023269765709745	7.1992478775210325	6.186769222250025	5.910877462985714
chr7:149742100-149742652	5.4951498334400215	3.0976086479172715	5.439877420499148	2.7660437393608657	12.868171213641833	5.518739895786403	4.892328559262503	6.976670501124948	6.214210270964076	7.305506412514371	3.0398552216718446	5.812023998812887
chr10:102948167-102948718	1.9761119246752363	1.5035527779726785	2.4896173713185865	2.466023595456052	12.86584092186272	2.281799899007173	2.536712667797979	6.637608963431497	3.9029211931085097	5.562169490901885	3.803055638223022	2.0277246457799394
chr6:32972391-32973561	8.790447071896887	5.705922244852212	7.158947562380688	10.546274531684656	12.872654686521761	5.690667136012123	5.892752029660229	5.483329225347999	6.094359766693466	8.56711632707554	5.750479455858592	5.623902394289737
chr2:64609149-64609709	8.25563348933653	5.280508466561582	6.42161793809327	7.824655473807081	12.868567557198453	6.561648894531824	6.835459099039075	7.096947402989218	8.986850284110112	7.535920082178888	5.662295712408125	7.228131685946337
chr1:109100380-109100906	6.854450231610481	6.212682519756752	6.427969583041176	6.6701413026927545	12.8676545806982	6.650270778510698	6.221356183755211	8.378932086835244	8.928990670175645	7.236287481517403	4.62644374217342	6.619484614735251
chr1:158176373-158176898	6.836387292031725	2.2562245121623223	3.1303623824024	3.1438573622674175	12.862945573537868	5.612125055941205	5.698283192672796	8.044108057846923	6.269274168171532	6.730010753760658	0.6531986436966588	2.7330904724903142
chr14:91405109-91405884	4.261918647406731	6.619194642528754	5.679715793309725	6.459472278268914	12.693121465988945	2.463504277375147	10.197486194424046	8.941177365053735	12.413775934823912	8.701815600281517	0.9407726124953623	3.2121145495317074
chr10:102670846-102671399	3.5996395172250204	4.009769580617873	4.151413385235395	2.3759601790784286	12.861795074578298	7.704158013671972	4.639174803426824	7.143131982015958	5.201683611134863	4.775123129031685	4.1159958071122125	6.829653947249034
chr16:3283125-3283655	7.796642326160338	5.454724028613472	5.633830323614012	8.253929893705894	12.862075928136413	6.260592613156769	4.945173760850617	5.85158492829242	6.213245992622276	6.460761801509524	6.873902069063658	4.6961341492128295
chrX:77910310-77910819	7.64170512693706	6.51441095512119	6.140746232526014	8.186559364847696	12.862302760907045	6.495496375220856	6.665174079735541	6.890169678694998	7.928105392181179	7.261748942506538	5.749345968261455	6.737765639637601
chr9:33448060-33448684	2.5741111370471286	5.101674931294976	5.633438135452316	2.7958861189225575	12.858319234290041	7.721536319896561	7.1407766244088045	6.558144905122459	6.803424098950064	4.878168787792918	3.16078000053197	5.87368100909241
chr2:219430701-219431209	4.796713421630283	2.6394837009469554	8.797935276004246	1.8439155505561222	12.857167368952991	2.4251240800247293	3.1828390018341413	5.863557747552492	5.402277861738407	6.717431430549484	3.782116348728426	3.9256485274941837
chr1:52368307-52368809	6.4283414611153935	6.8876680353190265	6.9252707040406865	6.036593719494178	12.85886014676824	4.08241568929093	7.405126089374125	8.558659182630036	7.304958955583866	7.930111775383015	4.734313294200141	7.821167033196963
chr16:57299597-57300277	7.333366898449111	5.80324544259323	5.645566032157716	7.492039793372955	12.854230786628193	5.677844562480417	4.935193056432944	5.888259213768585	6.17839960139511	7.460905596495381	7.125568765069367	6.324037331678892
chrX:63754970-63755479	8.05129925988014	5.696862766874422	6.1023434656456255	7.90525651257041	12.85454539699431	6.041057242018775	6.3950006090662255	6.7388556522193594	7.428275366296465	7.603049601235461	5.312141091283374	6.397788524442269
chr6:27902707-27903233	4.560756130866302	5.1017835631444335	5.05236181998597	2.497060395128726	12.851030656412721	4.002207941183484	4.2973311693182445	4.1882844101241385	5.743126230668142	5.7687302886922796	1.1172567996254135	2.7250131308309755
chr6:43510126-43511145	7.254115044213907	7.3538274903830425	5.3344716912064625	4.798022259834087	12.8504982658628	5.564275054483584	6.376060970659726	8.217291492133349	6.466712491150678	6.851691437027761	4.0785756989653965	6.197721314908877
chr11:119696779-119697324	2.694317493843592	3.5150869559916633	3.2416972078959785	1.44897779526623	12.42592216079824	2.3896573602238833	5.689764228721809	9.220613342825683	12.65543092641455	8.956639730672062	5.136189453464558	7.554346733801413
chr1:173476896-173477402	6.081993530239253	5.312111694137771	6.206395093241009	2.947672220132958	12.848963022773283	7.6418563395378225	6.022184706904406	5.9909263173027485	8.824118797060303	6.630854966892381	2.1740212574240623	5.7706716375379425
chr6:32109006-32109543	2.8555844651882456	3.4647751038530377	4.808245827925493	2.250412098026737	12.846223704305755	1.682779749628499	3.1418764136767505	6.340372768765879	2.4318197703523907	3.3717993027924793	4.733715694284643	5.585952708760575
chr19:6424743-6425246	8.626798332468107	5.2908035377062	6.212817394544558	10.73356123835793	12.851672737859268	5.46732367510704	5.73274362561607	5.320733055728814	6.506966278355257	7.8397155828467096	6.662145876642417	5.5942060684921495
chr11:64246708-64247218	7.592044823296041	6.365767713848229	8.576746948680384	7.0580301694673375	12.846880568082517	5.908452317102452	6.511353975973419	7.7627190640761965	8.151330256331333	7.872666419494783	5.1005629642808445	7.434039211071054
chr2:230413432-230413985	7.310053522127287	5.650581444402623	5.322562133436274	7.304092403364199	12.843160222311235	6.279354860186236	6.130219043248937	6.514046413899957	7.167588098006659	7.18788290276765	5.364481083548692	6.491591005301766
chr1:28886822-28887323	7.683226846626213	6.90656631897638	6.558222074232347	8.068787491792667	12.845074487367267	6.005317018762329	6.8778560105373545	7.713547903453299	8.497221130512894	7.80068156860636	4.965638831924911	6.441254488889772
chr11:63535624-63536157	4.4159296263286265	2.5380953038192278	5.674712264585174	4.346902818443282	12.847548684766288	8.517637440277209	7.665335813378963	8.616886127716644	10.202631443970207	5.530793961689723	1.7525630078246008	5.218634837747539
chr12:62785869-62786414	8.959602345666905	2.1952701913042305	7.982656938043587	3.2883262376948728	12.84346744959407	8.20277811398986	5.320065526886185	7.273905751277405	5.70015428124775	7.0992290198716965	4.058874542480394	6.932957234602873
chr6:25992390-25992909	5.655520662284757	6.117596787362084	2.868373569558674	1.2479318635263155	12.838844077339076	3.29830904080758	5.915172120105209	7.368932524088737	6.35160753854288	6.189346397664104	2.4351496276822355	2.744495987009913
chr16:30748031-30749055	8.368710860208859	5.454866724177781	5.488109175645557	8.638918305964152	12.839130415727217	6.002665580638895	5.389464764846465	5.489065048405559	7.012087872516336	7.556514596775457	6.4946290866897884	5.875658785278338
chr6:27133700-27134213	8.25017860851044	6.3275093109121	6.588879159390812	9.452540957952316	12.840909342418147	6.0247296876160785	6.111453946173952	6.314374131227448	7.412402947079342	8.092306461477852	5.4454197912762705	6.180784684841339
chr19:10194774-10195276	7.837738735083783	5.305793494777671	6.037935596816719	6.725850211668919	12.837118436725042	5.4669454549350665	6.020078664538492	6.159128171768562	7.289550949301327	6.918627568800999	5.902477033681657	6.167245922138533
chr20:34979672-34980206	3.887643025529048	3.3395694054342044	6.657852208514436	2.004465165270579	12.83288574701905	3.7518698137576636	5.541955902555575	6.470248299921075	3.961502052119526	5.894402102021214	4.0458213747829745	5.960224247512314
chr6:36114834-36115497	3.677237974898926	4.554236803426132	4.747598097975578	2.4899690638093266	12.831505476266884	5.821379046087479	2.544145898639857	5.195737735803916	4.809698341418811	3.214971683289031	1.6650363950695404	3.536116076824643
chr13:98445270-98445777	7.203739005133813	5.859755171411019	8.629664760146202	6.53834830988835	12.83454168312175	5.699293908140367	6.530165910934161	7.554493508474464	7.644749975043076	7.596450200573843	5.2254310511749305	6.7793498263590335
chr17:64156110-64156643	5.524233702834963	5.416712716790492	4.806332455011629	5.174844615869616	12.833895835239053	5.038722075528557	7.228065791811858	7.949333613907898	9.003269624301838	7.590652585862714	4.5251536193696635	6.406060537209477
chr17:44138068-44138579	7.617519618777998	5.356683770057616	5.913638793244765	8.036194487158722	12.83233790857776	6.584884924291461	5.853806125495644	5.7878009586010855	6.354998158325754	6.7344934283045035	5.562885892226008	5.187083215859144
chr16:2087945-2088560	4.350310584640938	3.614161692122781	6.710583041178832	2.724839399089557	12.830339495128637	8.170165141712438	4.8605742554887765	6.312379671862868	7.875439524251709	5.3101869456739115	4.137579993610916	5.805405579297419
chr2:8174122-8175077	4.075029486179048	2.6471479786472347	2.6515616141693577	2.021940268761581	12.83303134638068	2.302065073831995	7.3667988414044725	5.8428375313302565	10.303122804967682	6.438537965394974	0.5554466559013691	3.351786228335181
chr9:112378632-112379649	7.120928169971178	6.951202648715338	6.52019394915586	7.428386666544763	12.832027824075487	6.08623721424535	6.623933948388982	7.054558106868699	9.219731014921202	7.395619046599208	4.727198059378699	5.727873948833786
chr15:66842270-66842807	7.919045471747955	6.2744946961078005	5.468711050467873	4.363035941809028	12.828934734561614	8.038917638875562	5.224962132576057	8.3598487684389	6.058323990083251	6.597173708272258	4.760020358399417	7.026959406440778
chr17:73821037-73821580	1.844492315871726	3.7570502701742794	2.9133138136815075	2.7842075741356087	12.824584207487145	2.35538082765422	4.278952970313734	8.048669470464485	3.3298453258226743	3.7809675388545902	1.9727515298627492	1.9966067290510985
chr17:64083876-64084428	9.764859208858926	4.126401448485799	6.88757197963972	1.804266796586662	12.826122891537516	7.219581927758775	3.318340007981861	8.250449757586608	4.704888536450275	6.276098278786045	2.5164087783187923	4.214102037733776
chr1:155939875-155940394	5.688624720216028	6.859878632027702	5.50111550638366	2.889626968452791	12.823020299943764	5.341320081200699	5.7150368759111325	8.543454150263324	7.3529679799713215	7.655151327474717	3.451027286385429	5.177319120905495
chr11:62841376-62841924	8.0132836642373	5.589286590933909	6.051487626566626	9.666370812440109	12.824736996395973	4.904711385563823	4.552955500500904	4.776942483099934	6.098313125047105	7.3307925472406	6.566231823833147	5.346735020274139
chr2:87457901-87458668	3.965117578792894	5.546526397786045	4.284673913815117	2.039923909450702	12.820368804654166	3.2756996010056154	6.515665435275412	5.675256787339531	6.499218360680917	6.807307054709182	4.540372384023366	3.64807318170956
chr7:101282889-101283416	3.9606087763613353	2.0760108583227885	5.620524790670207	2.221425922594111	12.819935251503534	4.27496295999617	3.4324999000763876	8.043239542305114	4.330452156764894	5.746340367525864	3.5439901577198345	5.366141729977283
chrX:3713436-3714033	7.263782067052524	5.629007713679133	6.710233345835914	8.304518655127316	12.81812987279511	5.864729412204735	6.2566135218361545	6.690746014398139	7.281789770815597	6.736492906046119	5.611421086439004	5.485830216314322
chr19:35998924-35999448	4.9939870597865745	6.022984490817309	6.566326589927141	4.244356088285189	12.821321303445059	7.737829040650681	6.008612565531275	9.315116532985042	9.332999137669075	7.751004905995654	4.7466360904734834	7.987752162213897
chr12:122887434-122887978	7.178590046882902	8.515100335162428	8.282425122674022	4.272747312927189	12.826635092728884	5.155529467763236	6.201619493492465	10.869628079313843	10.818149934148195	7.590330135280065	3.2347592916813737	7.784755206767625
chr17:28949051-28949625	7.0200353595625415	5.984998372078614	5.201463130505201	5.888953439163848	12.817888986356678	8.663232131195201	6.243573493015314	7.921038438295492	8.018887865893563	7.460198300351782	4.057775710471033	5.746615513368566
chr19:39340644-39341832	8.524519253133864	6.086847984051005	6.426013214733249	6.349642550334722	12.81987437805106	6.127929566877123	6.4335613520853805	7.368565745895312	10.297203617055915	7.2951826770752595	4.483752927595834	6.690791787100789
chr20:561639-562140	5.825279421340478	6.199538445304769	7.099455151560007	4.221136154690951	12.813821184759867	6.199206039883225	5.469287781519805	9.294146646172251	7.056026933509061	7.623757896707535	4.2583991250463376	7.774473963457069
chr5:169290292-169291071	1.9143066327142655	5.295064463469303	2.3936214481073783	3.144947461669976	12.81072030008566	3.7285628834562043	6.976566938843363	8.036653041037233	5.281791751206968	6.777233218614991	4.965650120900957	4.906681084772481
chr19:50728301-50728823	7.80242441780162	5.77194358908186	8.657318008159741	4.587078011087294	12.81340795886968	6.603284709730816	7.942595272136817	7.540334975415064	6.9505614328601855	7.698545926350024	5.609682768696847	8.345796662420636
chr14:93970475-93971442	6.384436998688262	7.47896410899508	6.987540659191636	5.006632835441996	12.814488640304825	6.59050973896819	7.029468642216584	8.342697798421797	9.846897523911489	7.798454063558853	3.561097126670973	7.1574038341388055
chr21:41375783-41376426	4.803776935161636	2.5149620032242086	2.7104623575803175	2.434513040232443	12.807482592474916	7.991093229348426	6.114526214928549	6.030070144382542	6.456323879919644	5.851345754051008	5.463180939648939	3.2847720305759736
chr19:6516773-6517291	8.248353214672978	5.96929103201723	6.030673683135133	7.0128907732049965	12.813994743804157	6.444502680859306	7.300497637137524	8.813819190018048	9.485079847204288	8.415387630933042	4.740007419607697	8.226912730725068
chr3:49726959-49727596	8.355501815971415	5.277376080794833	5.842237944167963	8.457982712838694	12.808667153390743	6.0154239427457465	4.269286370617025	5.481274761156754	4.979432301634889	7.303957821850729	6.77794761614679	5.444804177611545
chr22:19717881-19718383	7.69056340506528	6.325369239400629	6.381822224367396	7.172376001827299	12.806831226466139	6.549047582740973	7.041622842088551	7.585518217017675	7.7222274123680865	8.129781532496263	5.788364174584	6.813727648385872
chr19:40600998-40601647	8.603390016510197	6.166651971759303	5.036925841682832	5.138218886828817	12.814062958724305	6.878058520626848	7.801180976449545	9.645743486393613	10.004126237246448	8.086565163353844	5.247174358198316	8.293524751612138
chr19:22622764-22623933	4.571975985198861	2.214744724816918	4.557324326289408	2.746839407922803	12.803472712951313	6.360209606815736	4.58302659425135	5.6478652311643796	3.5742817355328644	6.96118173817827	5.271566617373636	7.951080256481966
chr1:1407065-1407584	7.762840751837518	5.874394839054087	6.771483072778217	8.146803524148135	12.804639672184765	6.150595483207158	6.429101586890878	6.6773800919358095	8.453385632409201	7.352541810547901	5.337442017624549	6.158705418657443
chr6:131182876-131183472	3.166609834868738	3.5553713687116484	2.0529418277972447	1.4904130352473577	12.8005609059348	4.92663013476749	2.447679518950057	6.567760755915816	2.9875615820372916	4.311863813403662	4.30190639234595	1.9078931751712305
chr18:3794520-3795022	3.875440394716302	2.811401861175179	5.980586042111164	3.689870405971844	12.803760366203196	3.0891106506855532	6.1286798180896875	8.26143046876818	4.21539265759077	7.747746709072559	5.009233381917645	8.957273909970013
chr19:38663871-38665576	6.987605107460253	6.227878319328823	5.940911200081449	3.9097742138930163	12.803105393432864	6.381497366026218	6.755180060078621	7.115097445109729	8.529558008444734	6.8756496301868095	5.004783913248943	7.0862005938280905
chr14:74710434-74710937	4.058153190830293	2.776060884378535	3.033008762642797	2.249878701959847	12.799993977144918	3.898637245219371	2.8257773960227217	3.182142924377765	4.939793579022842	6.242295515182352	4.835572630152757	6.681361192020962
chr16:48602267-48603560	7.480182129368696	5.462746554421042	2.9756835389784166	2.5901393716599004	12.797857553685406	6.9613851446603645	4.744236189486463	4.328724072842274	8.146964666630625	6.106412401456293	0.9745969086585367	2.6185467075558
chr8:104338797-104339304	5.599738514572776	3.3700015017828395	8.592606861632675	0.8181805412271013	12.797899890507553	3.930572884768464	4.258238198401674	6.714583564822887	5.068207164740974	7.566296143723441	1.4642698571316157	7.602156350825454
chr3:129489195-129489724	6.726134828927977	2.7158106335995074	2.4956581703703464	3.3795036557510407	12.79363110810955	6.358791705489221	2.76660450942195	5.7530687644242375	6.5477268754202065	6.664450313103167	0.5441207254192845	5.731671472628501
chr11:128324537-128325067	4.574825507629761	7.560741804238233	6.1384642982061575	8.491801129820548	11.108509839402451	4.4513734998446495	9.999847386707149	6.139639097934495	12.79983127352939	6.575500732734033	5.186972198040465	4.68742827787458
chr9:92669970-92670474	7.704723728145231	6.42178662165981	5.352470382125523	9.993791063082877	12.797643626396562	6.2570223547926656	5.252600936056829	5.64240866254468	6.785374570267279	7.296728232992913	6.816750372884845	5.168557788939359
chr7:2772870-2773380	4.112520669655885	2.4885978489038965	7.000111713465816	3.2148539835995753	12.792841740984425	3.778571006486827	2.0696385697318704	4.879841158760016	1.4174885288427432	6.410222874743736	7.167296872978092	7.132609483015053
chr16:30650338-30650862	8.994834749550142	5.852640581713389	6.882460582251246	9.618078410596599	12.795484198328325	6.806218896569855	6.641400764231967	6.652250126704661	7.578498034310237	8.026103703604793	5.689387815045911	6.604983189700139
chr2:47904058-47905208	4.636019615016298	4.960192381522401	4.17067102164543	3.0940251931158476	12.78714064622496	3.44813429805408	4.880408044888882	6.505019065050547	5.917590218384154	5.51140795650922	5.451251967711268	4.704166316872199
chr2:69915271-69916374	8.903786882213042	5.2497971520324205	5.305815469785898	9.92225128999759	12.79157765536571	5.938784599976146	4.913834743827474	4.174533581701333	6.426986245175655	7.377365933670557	7.057771131313403	5.198056241377078
chr9:87796018-87797055	6.798840288405152	2.267993488489841	2.0314990181192156	3.8818827024101994	12.788279657532104	6.86648300581273	4.937730670133921	8.493666842390276	9.310594727402119	6.703164690700263	4.687891459139361	4.163933621050179
chr9:33617477-33617977	6.3909511718567735	6.916848799680326	6.992802363654162	4.098661553603866	12.785690754654372	5.0011806637774185	5.330561655291855	7.537947470491903	8.003885019719045	6.2995365423308085	4.408461815468906	7.110410365456001
chr5:180351973-180353008	3.468482462110935	6.540975843594645	8.718074836981838	3.5204781531998455	12.784656402205753	3.1953739279872058	8.215162859485224	11.229758334574294	8.633110444654784	7.062119936845765	3.6157348079545644	6.593358265018939
chr22:22262617-22263135	3.9436689778772966	2.368413208194115	2.5666362303513726	2.0058660647875057	12.78237271212046	1.798878171153934	2.4886770936233575	7.522983235892456	4.0213918004885265	3.100368683863154	2.8885736079330093	2.618444953511007
chr1:45493022-45493556	6.360543055071625	6.435420338818564	4.6565227305641255	4.588126487538061	12.782514379453316	9.078972572299636	5.666421641004084	9.01640986692454	8.35035995499369	7.245568409409339	4.02923349536609	7.3581153164001885
chr11:67505929-67506454	8.44755188841781	5.432731290317512	5.86772834926969	8.245394872753304	12.774121777656328	6.725654186416767	6.193578893857549	6.169539924444346	6.576476189031972	6.9700047116643775	6.008714152895674	6.132168115412475
chr11:46392475-46392982	7.577316924313977	6.315924296164981	6.566801752711351	6.730219941164087	12.772367587786592	8.232083521831395	5.625142876983898	6.5034895003624005	6.9129928109279986	7.259064979226427	5.409435093241573	6.592368734213089
chr12:6871474-6871975	5.974124419466177	5.94336455028926	5.010092503415899	4.644376148615638	12.76955638357841	6.742019318192294	6.019797091252402	3.5413353276860136	5.644029300875861	6.3256644046954005	4.109044732144876	4.587073276405118
chr19:55547225-55547759	4.550282690980153	3.2208721903396094	3.388843649060013	2.8631007353403426	12.773068721581886	3.5400171265603	7.556596816953819	9.21764614805091	8.047068896913132	7.880983004489189	2.1763253699853844	6.804987718189397
chrX:47556008-47556519	7.224937107089747	5.97490229691698	7.610904209130808	7.842679796766392	12.771553613201554	6.027368347994514	6.448481254527235	7.033556659932256	8.084961580024	7.666440625576926	5.343119557368086	6.486351189706577
chr17:1908632-1909175	3.696209013363865	6.043376766481632	4.1138046891698234	4.087418809682617	12.768927756602192	4.243333441439062	5.758562168913847	7.947195358783454	6.174461750564377	6.575017030656413	5.123010220395821	6.79176431608086
chr5:76556731-76557241	1.6175169408162875	3.0593732598926326	6.89441702178765	1.4713122329538628	12.767802164903099	2.644079364550205	4.091316015989855	5.242099801332024	8.778321573966716	4.2086415302748925	2.6241667169857936	6.764492552392633
chr11:34438498-34439114	7.52104489735829	5.380934141577135	5.074223105933889	9.203273590900693	12.76868892433005	5.6203206714618315	5.236951825490849	4.833947666050278	5.697608032387755	6.586317331952747	7.037388401150192	5.462066721638622
chr6:27813569-27815194	4.049679610243364	6.0927782890229265	5.755575225007	2.3795454838377093	12.765569331754739	2.3227480158792715	4.118593717015038	6.6728375411444905	4.54055946841745	5.363357101869827	4.807241823534995	4.009166132454399
chr7:105674326-105674969	2.6679704590740565	7.583193656829222	5.9700539007737445	2.024143740950875	12.765499246019958	2.1120711926009315	5.44442319238556	6.625912085014625	5.446199951808265	6.801980671720365	4.442283892086618	6.916950239528329
chr5:180820910-180821414	4.625434862701012	7.117406582227155	3.9784595674115546	2.8424499374295396	12.7630956882533	5.006477245026385	3.616184106998992	6.65160136685772	4.398945481254926	4.992618057085114	4.07543734228618	7.718873982542771
chr1:151721268-151721806	3.919898742324065	2.766271311677297	7.2872360943740055	3.4983319798943606	12.762934982861385	2.2432600092909665	3.3702582907398897	7.1313451727915	7.335911014697513	7.336580148759618	3.246071147258495	5.625671323503768
chr21:38299627-38300131	5.519409698066032	2.277695239956202	2.0002806741118784	2.0785318689208987	12.762506213151543	7.906506984517161	4.074432297190447	5.8863539713759145	5.9553115084498645	4.763188931068314	3.4992171650196937	7.013088001623362
chr3:107739161-107739683	4.075120691979921	4.906788145562684	3.1246890186025227	3.775185727929702	12.763327990456798	3.8267905532971973	6.285522143857231	8.782753723675778	7.70636662641291	6.507056436796401	3.159495176881907	4.330678795192454
chr6:35415132-35415652	5.238712520538272	2.605125591962167	5.916812628393644	3.8800473733882366	12.7628492039292	4.413730551139041	6.32083332482224	9.019559447869316	5.64230605847526	6.037175457537903	2.498039400910085	3.6061454050451394
chr11:3443800-3444501	2.695208319727584	2.9386191302067637	2.3032300939061443	1.244166704612045	12.759976730091854	1.9687400683225988	3.4038597658444756	3.0461380652319554	2.7982746912631997	5.311369725209764	5.457175817829813	6.055241221487472
chr13:27339252-27339764	5.21957080697308	5.140130724659675	5.315018801858321	3.9955910324684814	12.76252456883301	4.693397168182228	6.89013672643737	8.964848605808674	7.101926327400339	7.057480343814253	4.342492261880095	5.906061289196204
chr1:26278187-26278782	3.519368302702176	3.8900875992321375	4.093687709101423	2.4356897891801763	12.759546253866503	5.532441300433768	4.637225669472379	3.9573478636206563	3.8672742813328678	4.5134779838595165	3.6874933745260976	4.508767953773282
chr16:25066651-25067191	6.843324613503747	5.352233280270936	5.13138335876461	6.944515482614639	12.760887779700743	6.463905774726651	6.356181667628382	6.353355325950229	7.5171154784981695	6.556993150653667	6.996875061651023	6.268505651829197
chr12:57038971-57039592	2.9605522301684215	6.8745580435433995	2.612987424540016	1.7718223591486155	12.759108122429978	3.690030545138441	3.3347771102830808	3.1011136865810727	3.0172382146862886	5.649309198320787	5.582183185728211	5.226301904992847
chr19:3617399-3617910	4.270399995161793	5.704364995264689	7.0928228735312056	4.213721514558267	12.75675178412848	3.293306176135324	5.295517794737786	5.274857613524938	5.635847145864272	7.924557750926885	4.9134580213344705	8.119958762922625
chr14:55332587-55333092	3.167204473986641	3.41965756639221	5.811866026508275	5.145066920870145	12.753944283673356	1.4914028690031225	5.968449718484025	5.4936726423583195	7.721018739935642	5.611607717468185	5.585551547595857	5.810068688730458
chrX:150898464-150898976	8.221233479055355	5.8736662014646335	6.563342632903015	8.291333386215967	12.756695547921172	7.399938097077298	6.54079681553805	6.692961304706536	7.412663518579949	7.856895774054495	5.515701219179434	6.731401861103578
chr5:61625624-61626147	2.6803835691890185	6.069096481095422	5.343410166318688	1.4018298505242879	12.75256805126875	3.7293282878058287	2.5487776566210747	4.351669883717494	3.2361132625936566	5.108246078664095	4.088265136465045	7.68255952733582
chr9:137150631-137151157	5.778638321869088	4.016420965731852	4.9530108673036235	3.2120623150743377	12.751870327915727	4.717678763918642	4.887925956398257	6.399629012711197	3.6091002095159186	5.626893698085106	5.953206747650181	5.265786022340479
chr3:129045555-129046110	5.5327123772152405	6.848786667301226	7.624731902574858	3.009875015296456	12.752556892790206	3.5740500651164333	5.748890855204874	6.300012881961549	5.884364334351695	6.2560603356173194	4.153720540954616	7.1479204186820935
chr19:50511010-50511588	8.413534074901547	5.306718788818667	6.553643349292706	9.323588028496308	12.754732344318109	5.637202249734153	5.499897301971585	5.3444836172046495	6.772044784025565	7.34805207647755	5.946767812676672	5.559859496559541
chr5:139406945-139407965	8.047601028476219	5.974230687744782	7.429508566289718	10.814123755163955	12.755145656789573	5.213140004497245	6.063119808329324	5.64296056974206	6.69765509433207	7.934801291781912	6.365211169286489	5.581745972298236
chr14:50532392-50532918	7.5530956310024555	5.58633140841739	5.947723002960936	8.804115542010663	12.75223720058166	5.171067817817261	5.901368707633216	6.05840041055009	7.3351985060365985	7.499608548917343	5.87486196518977	5.65848475495307
chr3:49007700-49008213	4.167065327629786	3.9606810520158042	6.155212079327062	2.7872691671216945	12.745936860757723	4.640616387027176	4.34572692836431	6.8516210757991916	3.6280258841594017	5.73267467996415	3.5555883373394153	5.808927753803026
chr1:156479471-156480511	5.267713106121228	6.88042893602421	5.138807148961119	3.3961502620427635	12.747096772729416	6.642162294892902	3.343150365754442	8.470703696018164	7.766536722926702	7.0211259312055985	3.613587243681094	6.775471450969965
chr15:56464882-56465409	7.757695276944152	7.31545651939986	7.576249013949103	5.525864638119556	12.747673224789143	6.089424270522767	5.160555901529998	8.032802286316068	7.095468124829747	8.451931707901288	5.403320230591787	7.448668301048269
chr14:91257560-91258089	4.108957866640797	4.853879921918907	10.86774888237754	4.013246443497313	12.746134918219987	5.015950565480942	4.4447717841732555	6.3394152875154255	3.7382719114125575	8.094504265449485	4.753853027989044	8.020408339843057
chr10:100715405-100715932	5.244086427582929	6.278146494083686	4.882149289217778	2.3313918200968953	12.74332698709386	4.185935857684548	3.312057316539471	8.937034240063134	5.751660645436669	6.994365933540469	3.4070267441701545	6.670394588975165
chr3:195989505-195990031	5.2187235961500145	6.064092692290931	8.75712882210727	3.2345025657236732	12.75175587989984	5.4221446370591835	6.46204534514985	10.11928997232423	10.18457139269114	7.899699813433491	1.1018026272994779	6.560772787620563
chr12:47754787-47755339	3.9760348106558165	5.753034424735015	7.265650422026774	2.40704722123091	12.74168724288637	6.279478875961623	6.091346720539352	8.156946288923358	7.686920798761095	6.465134625299792	2.97765322663638	3.2115742775858083
chr10:102501916-102502433	7.942913083915919	5.260517500874761	6.400715521507633	9.708914749050916	12.743061065870291	5.217507101430142	5.5638011761665815	4.895136400656469	6.451710915227208	7.358342695160878	6.1899173559481895	5.731516379194414
chr1:38012359-38012892	7.646489005527513	6.29090555941804	6.284124173371317	9.327469296647282	12.741917443104997	5.905904911082477	5.695770524234175	6.246834375873043	5.687429083460504	7.195501923754239	5.851242335465313	5.248130503882662
chr1:6784389-6784942	8.621212164733679	6.022794682101474	6.847500672672074	8.038575936909535	12.740696695599006	6.546886724760047	6.510766375803692	6.109641404202357	7.53278034677576	7.597020098628083	6.182695744640092	6.943381287148946
chr15:40769464-40770032	7.669639256637982	8.875998257861099	8.379786834500496	5.489416019891171	12.741619813846734	5.8008543746534365	5.396160538753153	7.912334592638053	6.072273677081643	9.315468486560585	4.274606299028189	7.457157213778073
chr1:26122093-26122617	7.282905157709516	2.153200614059503	2.2031811764485703	2.0606971963662706	12.733768451270977	6.676464133005248	4.251597955003395	4.6907477670041935	3.6852435796372074	5.424322243690966	5.132200018732664	2.4428146660812287
chr16:89917784-89918317	7.150265946526356	6.670424801959628	6.984898165172155	6.302058447841042	12.73651536240813	5.34861167328326	6.663658284087406	6.473710621157062	8.534226598892365	8.217412360805596	5.22702400830458	6.613475312366418
chr3:155111243-155111863	2.537608398284003	5.665349400191638	5.925921988563997	1.8523999334371484	12.734150215024098	5.710876903884608	5.1994021877601355	10.88483178404806	5.487536663125237	4.3684546665522515	1.2780375016486085	3.6547013951639866
chr17:8191567-8192581	7.005447979429271	5.194665206801213	5.972113875790219	6.723915700908015	12.729816620171974	6.764865267416054	5.9131054448405935	6.630070011009999	7.116306986206229	6.5500552361521684	5.138915615735124	5.982694067665154
chr19:51656833-51657361	8.537903367288644	4.844513953889616	6.651074275620345	3.838016863561751	12.733353002422957	6.701732267323514	5.789987745966084	8.994481817722068	9.638656553080658	6.475159398955081	4.214591715673568	6.861908228345766
chr15:40282337-40282854	7.135060672308076	6.200168247285184	6.667914210235419	6.012225807569225	12.727141873770845	6.432794733862356	5.795737646284356	7.076775226840896	6.780858146629687	6.924756832088944	5.137145613329204	6.321073419447324
chrX:135098641-135099153	8.01141081604375	5.917670902428936	5.958228009648412	7.995592358708225	12.728572706483567	6.153331267459428	6.712961466612651	6.867115205143688	7.758428713916474	7.794303736651918	5.428444686036101	7.164587919026878
chr19:3108626-3109131	7.2303103687014305	6.231924268743683	6.579635892132148	4.972278463230371	12.726628165264973	7.799337209891048	6.8938120634631055	8.999621081209396	8.161478001459965	7.30454390507524	3.9554398664387436	7.843227681148773
chrX:139932898-139933416	7.812726484558722	5.905068624789191	6.033996278496137	7.915780070135863	12.71833630726719	6.263763484931836	6.243041721646627	6.211292654254637	7.00344051302556	7.018160695805691	5.739474905837212	5.959010523501563
chr3:119820890-119821440	4.487349679208793	3.8394055023438414	5.398272975739778	1.757349077027928	12.717552643788276	6.631941900933711	5.909476338971304	7.98526475733676	7.534685844485736	6.045132336351723	1.6913109620407438	7.6551816821703405
chr1:16645134-16645738	4.746112735275304	4.504665529583107	4.362272564920629	3.979166268176268	12.712338527830921	3.490346490748311	4.8340468657876965	6.607370987218106	5.79755561139239	5.713940032983533	5.044284328393892	4.21386079910847
chr21:37225442-37225943	6.676558906936012	6.263723579083094	8.175704333578935	5.3668353527416155	12.706322991401413	3.030571939147906	7.335870785365304	7.754745713925253	11.414756991838512	8.931720182032036	5.8517458186822395	8.892506327666506
chr8:101071706-101072235	1.898067943001259	1.3668876263451561	1.4428258973892425	2.201729192651026	12.711043182092533	1.9884188739770077	4.745329335989351	4.401371254934488	7.6007976043262095	4.149986188250717	3.0345846383414052	3.2912497974643955
chr17:62452110-62452704	2.246577598738638	1.3862337310199888	2.217224755196839	0.3492113251557252	12.709104047449822	1.4499835968308146	3.3673707545680363	3.6662450839522847	3.270703438954307	4.233919623960871	3.3294381232274515	3.1644835567653273
chr12:94704270-94704854	2.7763961904041197	2.218183126228109	1.916123934725469	0.7445392268674291	12.710441925759941	2.6681921933661115	6.548263359745164	6.806342780682781	8.779548720814521	4.4570962375651035	2.6988611856170173	4.207656020110082
chr6:42199286-42199835	2.2723275758072523	0.492575509615802	0.6967494905600393	1.632610867365685	12.708444146591402	2.81050772024062	2.643160938216513	4.4652149231644325	1.3539365435501711	3.957399231420179	6.40663830064707	1.3167623493173888
chr20:3000881-3001506	5.706482717674371	4.479480196133807	5.099556391397116	4.209564680063192	12.710418456208528	6.0638487623070185	6.4612419746917675	8.303662438318888	8.317453579795231	7.190458328427416	4.593636513687595	6.062815288618155
chr16:23483405-23483954	2.1913418108111498	4.328145096502231	3.9877035259453457	3.2033681925251463	12.708249237793394	4.760238111423592	8.724839031720428	6.9735294988073395	7.977427878497097	4.182558419152699	2.6311563932311457	2.750662839937285
chr22:42888089-42888610	5.185015210842372	4.1770034788498585	5.775206797236613	4.292269931281181	12.711442606768347	4.58090192899941	4.542915375685759	5.7637174081437035	9.957151867227786	7.723545214522058	5.423166258716628	9.19505485370183
chr7:107103284-107103817	2.1846670708816127	2.4120025244727765	2.761152443563365	1.2122909958845869	12.701493691847642	2.1452378338527742	2.2703641422092433	7.817334437062376	3.718639708502729	3.879657979959775	3.9723056201401943	2.637387746159456
chr1:42961234-42961750	4.128551887959834	6.781734141013227	7.687366488609101	2.903878871276071	12.705805897947567	6.506399101398357	3.824396659003542	9.96589391862298	7.445866285235748	6.1204583849295515	1.2054712607927267	6.944751472857009
chr11:6196312-6196833	4.643302764257897	4.698193679124086	3.0627909302379575	2.2910929141490066	7.651789748342841	6.834724977223238	6.378374880548982	5.324609434062071	12.700951962912148	3.9841319112260694	2.9745390717673645	6.162716382281472
chr19:45995013-45995541	8.260027115765046	5.927760263628377	7.365047349649111	11.198603268025455	12.698783057798371	6.141359629504496	6.393986429615401	5.695370740480091	6.458648232615044	8.328958214589395	6.151452011683798	6.312951197261119
chr2:64634290-64634797	3.607064673971064	4.311719246495768	4.550898302294791	2.0195634357048498	12.696951012887942	2.4677072571827705	3.794953116110626	5.279633155697307	3.256751549859898	5.024860446379053	4.70830079642877	4.931879032520834
chr17:82587126-82587708	3.821994263438175	2.1085952815280753	4.229625425635912	1.4114141054415572	12.697656791965247	2.422222162904847	5.927226789054755	9.281829738660111	4.457890481180059	4.475034285185005	6.098874753460863	3.2989817582735266
chr11:64216819-64217328	6.461560118142578	5.309723712357685	5.570961975326153	2.2190170853274136	12.691017265882863	2.5305952762241364	6.587825518738127	7.035246830813166	3.857559504848691	6.153069386604587	4.670271256389197	6.4024456301960235
chr14:95516454-95517464	7.394205431398246	6.3795156381772316	5.004708579363646	6.036847899369783	12.691752843197932	6.228575233900443	5.870353969076153	7.356122396107421	5.73929540998732	7.3014377986011905	5.034912945737802	6.465520135406132
chr7:151808830-151809352	8.434697699228511	6.799085428064603	7.97309907542148	11.54999875695469	12.673434455146053	6.429488622931348	7.035064968251953	6.021375554722124	8.20657820850863	8.332200314658092	5.577213686366869	6.334359856374704
chr1:20787133-20787717	7.8332373123428605	5.5838002436735445	6.68265645012744	7.95503544547115	12.693468876222555	6.898645264691118	6.662932451239782	7.145798262386832	8.629099713809905	7.7434473206142975	5.420764071891909	6.416231794852203
chr4:39711768-39712821	2.777040700580173	3.748601450115735	2.6245678590324886	3.1541907587806963	12.68853879804118	3.308251424945991	4.191200407302555	5.086523656291645	5.482861055647203	4.840878456745825	4.800270922777566	3.6538508213466594
chr11:86955204-86955724	6.205132201450415	7.064809388322736	4.966817745633716	5.156113653688304	12.68744552735083	4.704465871603291	5.4729680121827275	5.536439905237668	7.965897876969696	6.702388671411761	5.894706526362643	6.713812527715581
chr17:27609486-27610017	6.560570693729748	6.114165324373701	5.451314747347972	4.15450795512743	12.683700415305465	5.9567747319977125	4.761984443022942	8.280608458884618	4.678791187956861	6.995156357031516	4.060199338666858	7.5129583090369385
chr16:31142130-31142692	8.00592422236271	5.690134213436005	6.872897626961069	10.020227161716765	12.68603002975395	5.048023853154306	5.9570538773686375	5.06409071170368	5.91935500935438	8.09665914778863	6.588704558958798	6.462409320662808
chr8:143516424-143516931	6.611209195051794	6.298025373510379	6.775617043868349	6.107607153130226	12.681070857742501	5.381637039291412	6.913214485062056	7.584653291571475	7.911442899890853	7.2730671203452495	4.918670022387898	6.638825601202665
chr19:58440033-58440563	4.864627764023074	5.283682480906684	6.150071680430371	4.098569410967852	12.6784313500354	4.289072014879615	4.99260657622167	6.851506533715434	6.335537710912198	6.6207343676163495	4.476001128121003	5.854447267553968
chr17:57832229-57832759	2.1030652573386988	5.224184664961817	4.790720125752962	0.20909549625128915	12.677681969531944	5.652935346249407	3.5896360433860277	6.353216438499848	3.44614018323922	6.096884664593231	0.6102311506298539	2.0258683495598615
