cell_type,proportion
B Cell,0.06408706166868199
CD4+ Memory,0.11124546553808948
CD4+ Naive,0.20072551390568322
CD8+ Central Memory,0.12333736396614269
CD8+ Effector Memory,0.08101571946795647
Classical Monocyte,0.34461910519951633
Conventional Dendritic Cell,0.02176541717049577
Early Erythroid,0.0012091898428053204
Natural Killer Cell,0.045949214026602174
Plasmacytoid Dendritic Cell,0.006045949214026602
